招聘单位,二级部门,岗位名称,需求学科,学历要求,需求人数,工作城市,数智博士,发布日期,申请链接,抓取时间
中国航天科技集团有限公司,体系院,智能筹划设计,控制科学与工程 / 数学 / 计算机科学与技术,博士,1,北京,,2026-08-27,https://www.spacetalent.com.cn/jituan_xxx.html?id=282&positionId=132036640,2026-09-11 15:33:06
中国航天科技集团有限公司,体系院,评估技术与应用,兵器 / 控制科学与工程 / 航空宇航科学与技术,硕士及以上,1,北京,,2026-08-27,https://www.spacetalent.com.cn/jituan_xxx.html?id=282&positionId=132036641,2026-09-11 15:33:06
中国航天科技集团有限公司,体系院,概念设计总体,军事思想及军事历史 / 军队指挥学 / 战役学,硕士及以上,1,北京,,2026-08-27,https://www.spacetalent.com.cn/jituan_xxx.html?id=282&positionId=132036642,2026-09-11 15:33:06
中国航天科技集团有限公司,体系院,网络通信技术研究,信息与通信工程 / 电子信息 / 电子科学与技术,硕士及以上,2,北京,,2026-08-27,https://www.spacetalent.com.cn/jituan_xxx.html?id=282&positionId=132036643,2026-09-11 15:33:06
中国航天科技集团有限公司,体系院,网络信息总体技术,信息与通信工程 / 电子信息 / 计算机科学与技术,硕士及以上,1,北京,,2026-08-27,https://www.spacetalent.com.cn/jituan_xxx.html?id=282&positionId=132036644,2026-09-11 15:33:06
中国航天科技集团有限公司,体系院,模型开发与集成,兵器 / 控制科学与工程 / 航空宇航科学与技术,硕士及以上,1,北京,,2026-08-27,https://www.spacetalent.com.cn/jituan_xxx.html?id=282&positionId=132036645,2026-09-11 15:33:06
中国航天科技集团有限公司,体系院,智能指控系统软件开发设计,信息与通信工程 / 计算机科学与技术 / 软件工程,硕士及以上,1,北京,,2026-08-27,https://www.spacetalent.com.cn/jituan_xxx.html?id=282&positionId=132036646,2026-09-11 15:33:06
中国航天科技集团有限公司,体系院,智能指控系统总体设计,控制科学与工程 / 航空宇航科学与技术 / 计算机科学与技术,博士,1,北京,,2026-08-27,https://www.spacetalent.com.cn/jituan_xxx.html?id=282&positionId=132036647,2026-09-11 15:33:06
中国航天科技集团有限公司,体系院,战略规划论证与评估总体,兵器科学与技术 / 控制科学与工程 / 航空宇航科学与技术,硕士及以上,1,北京,,2026-08-27,https://www.spacetalent.com.cn/jituan_xxx.html?id=282&positionId=132036648,2026-09-11 15:33:06
中国航天科技集团有限公司,体系院,体系解决方案设计总体,兵器 / 控制科学与工程 / 航空宇航科学与技术,硕士及以上,1,北京,,2026-08-27,https://www.spacetalent.com.cn/jituan_xxx.html?id=282&positionId=132036649,2026-09-11 15:33:06
中国航天科技集团有限公司,体系院,体系仿真设计,兵器 / 控制科学与工程 / 航空宇航科学与技术,硕士及以上,1,北京,,2026-08-27,https://www.spacetalent.com.cn/jituan_xxx.html?id=282&positionId=132036650,2026-09-11 15:33:06
中国航天科技集团有限公司,体系院,体系总体设计,控制科学与工程 / 电子信息 / 计算机科学与技术,硕士及以上,1,北京,,2026-08-27,https://www.spacetalent.com.cn/jituan_xxx.html?id=282&positionId=132036651,2026-09-11 15:33:06
中国航天科技集团有限公司,体系院,智能情报态势设计,信息与通信工程 / 电子科学与技术 / 航空宇航科学与技术,博士,1,北京,,2026-08-27,https://www.spacetalent.com.cn/jituan_xxx.html?id=282&positionId=132036652,2026-09-11 15:33:06
中国航天科技集团有限公司,体系院,体系智能应用总体设计,电子信息 / 计算机科学与技术 / 软件工程,硕士及以上,1,北京,,2026-08-27,https://www.spacetalent.com.cn/jituan_xxx.html?id=282&positionId=132036653,2026-09-11 15:33:06
中国航天科技集团有限公司,体系院,数据模型应用研究,电子信息 / 计算机科学与技术 / 软件工程,硕士及以上,1,北京,,2026-08-27,https://www.spacetalent.com.cn/jituan_xxx.html?id=282&positionId=132036654,2026-09-11 15:33:06
中国航天科技集团有限公司,体系院,先进能源与动力技术研究,动力工程及工程热物理 / 控制科学与工程 / 航空宇航科学与技术,硕士及以上,1,北京,,2026-08-27,https://www.spacetalent.com.cn/jituan_xxx.html?id=282&positionId=132036655,2026-09-11 15:33:06
中国航天科技集团有限公司,体系院,先进材料与制造技术研究,机械工程 / 材料科学与工程 / 航空宇航科学与技术,硕士及以上,1,北京,,2026-08-27,https://www.spacetalent.com.cn/jituan_xxx.html?id=282&positionId=132036656,2026-09-11 15:33:06
中国航天科技集团有限公司,体系院,专业数据集产品集成,计算机科学与技术 / 软件工程,硕士及以上,2,北京,,2026-08-27,https://www.spacetalent.com.cn/jituan_xxx.html?id=282&positionId=132036657,2026-09-11 15:33:06
中国航天科技集团有限公司,体系院,AI4S技术研究,信息与通信工程 / 电子科学与技术 / 计算机科学与技术,硕士及以上,1,北京,,2026-08-27,https://www.spacetalent.com.cn/jituan_xxx.html?id=282&positionId=132036658,2026-09-11 15:33:06
中国航天科技集团有限公司,体系院,AI4S总体设计,动力工程及工程热物理 / 材料科学与工程 / 计算机科学与技术,硕士及以上,1,北京,,2026-08-27,https://www.spacetalent.com.cn/jituan_xxx.html?id=282&positionId=132036659,2026-09-11 15:33:06
中国航天科技集团有限公司,体系院,数据平台专业技术研究,计算机科学与技术 / 软件工程,硕士及以上,3,北京,,2026-08-27,https://www.spacetalent.com.cn/jituan_xxx.html?id=282&positionId=132036660,2026-09-11 15:33:06
中国航天科技集团有限公司,体系院,新概念系统总体设计,动力工程及工程热物理 / 机械工程 / 航空宇航科学与技术,硕士及以上,1,北京,,2026-08-27,https://www.spacetalent.com.cn/jituan_xxx.html?id=282&positionId=132036661,2026-09-11 15:33:06
中国航天科技集团有限公司,体系院,航天装备智能体技术研究,控制科学与工程 / 电子科学与技术 / 计算机科学与技术,硕士及以上,5,北京,,2026-08-27,https://www.spacetalent.com.cn/jituan_xxx.html?id=282&positionId=132036662,2026-09-11 15:33:06
中国航天科技集团有限公司,体系院,智能测试评估设计,电子信息 / 航空宇航科学与技术 / 计算机科学与技术,硕士及以上,2,北京,,2026-08-27,https://www.spacetalent.com.cn/jituan_xxx.html?id=282&positionId=132036663,2026-09-11 15:33:06
中国航天科技集团有限公司,体系院,智能系统总体设计,电子信息 / 航空宇航科学与技术 / 计算机科学与技术,博士,2,北京,,2026-08-27,https://www.spacetalent.com.cn/jituan_xxx.html?id=282&positionId=132036664,2026-09-11 15:33:06
中国航天科技集团有限公司,体系院,航天具身智能技术研究,控制科学与工程 / 电子信息 / 计算机科学与技术,硕士及以上,2,北京,,2026-08-27,https://www.spacetalent.com.cn/jituan_xxx.html?id=282&positionId=132036665,2026-09-11 15:33:06
中国航天科技集团有限公司,体系院,航天类脑智能模型与系统设计,控制科学与工程 / 电子科学与技术 / 计算机科学与技术,硕士及以上,1,北京,,2026-08-27,https://www.spacetalent.com.cn/jituan_xxx.html?id=282&positionId=132036666,2026-09-11 15:33:06
中国航天科技集团有限公司,体系院,大语言模型架构设计,数学 / 管理科学与工程 / 计算机科学与技术,硕士及以上,3,北京,,2026-08-27,https://www.spacetalent.com.cn/jituan_xxx.html?id=282&positionId=132036667,2026-09-11 15:33:06
中国航天科技集团有限公司,体系院,多模态模型架构设计,数学 / 管理科学与工程 / 计算机科学与技术,硕士及以上,3,北京,,2026-08-27,https://www.spacetalent.com.cn/jituan_xxx.html?id=282&positionId=132036668,2026-09-11 15:33:06
中国航天科技集团有限公司,体系院,新概念系统技术研究,动力工程及工程热物理 / 核科学与技术 / 电气工程,硕士及以上,1,北京,,2026-08-27,https://www.spacetalent.com.cn/jituan_xxx.html?id=282&positionId=132036669,2026-09-11 15:33:06
中国航天科技集团有限公司,体系院,任务总体设计1,控制科学与工程 / 机械工程 / 电子信息,博士,1,北京,,2026-08-27,https://www.spacetalent.com.cn/jituan_xxx.html?id=282&positionId=132036670,2026-09-11 15:33:06
中国航天科技集团有限公司,体系院,分布式探测技术研究1,仪器科学与技术 / 系统科学 / 计算机科学与技术,博士,1,北京,,2026-08-27,https://www.spacetalent.com.cn/jituan_xxx.html?id=282&positionId=132036671,2026-09-11 15:33:06
中国航天科技集团有限公司,体系院,跨域大系统总体设计,控制科学与工程 / 航空宇航科学与技术,硕士及以上,1,北京,,2026-08-27,https://www.spacetalent.com.cn/jituan_xxx.html?id=282&positionId=132036672,2026-09-11 15:33:06
中国航天科技集团有限公司,体系院,航天器总体设计,控制科学与工程 / 航空宇航科学与技术,硕士及以上,1,北京,,2026-08-27,https://www.spacetalent.com.cn/jituan_xxx.html?id=282&positionId=132036673,2026-09-11 15:33:06
中国航天科技集团有限公司,体系院,情报研究,控制科学与工程 / 管理科学与工程 / 航空宇航科学与技术,博士,1,北京,,2026-08-27,https://www.spacetalent.com.cn/jituan_xxx.html?id=282&positionId=132036674,2026-09-11 15:33:06
中国航天科技集团有限公司,体系院,战略研究,控制科学与工程 / 管理科学与工程 / 航空宇航科学与技术,博士,1,北京,,2026-08-27,https://www.spacetalent.com.cn/jituan_xxx.html?id=282&positionId=132036675,2026-09-11 15:33:06
中国航天科技集团有限公司,体系院,数字化总体,信息与通信工程 / 计算机科学与技术 / 软件工程,硕士及以上,1,北京,,2026-08-27,https://www.spacetalent.com.cn/jituan_xxx.html?id=282&positionId=132036676,2026-09-11 15:33:06
中国航天科技集团有限公司,体系院,任务总体设计2,电子信息 / 航空宇航科学与技术 / 计算机科学与技术,博士,1,北京,,2026-08-27,https://www.spacetalent.com.cn/jituan_xxx.html?id=282&positionId=132036677,2026-09-11 15:33:06
中国航天科技集团有限公司,体系院,分布式探测技术研究2,力学 / 控制科学与工程 / 航空宇航科学与技术,博士,1,北京,,2026-08-27,https://www.spacetalent.com.cn/jituan_xxx.html?id=282&positionId=132036678,2026-09-11 15:33:06
中国航天科技集团有限公司,体系院,大系统虚实集成与验证,电子信息 / 航空宇航科学与技术 / 计算机科学与技术,硕士及以上,1,北京,,2026-08-27,https://www.spacetalent.com.cn/jituan_xxx.html?id=282&positionId=132036679,2026-09-11 15:33:06
航天一院,北京航天爱锐科技有限责任公司,工艺技术岗,机械制造及其自动化 / 高分子材料工程技术,硕士及以上,5,北京,否,2025-06-09,https://www.spacetalent.com.cn/jituan_xxx.html?id=9&positionId=1318492,2026-09-11 15:33:06
航天一院,北京航天爱锐科技有限责任公司,流体机械设计岗,机械设计及理论 / 流体力学 / 制冷及低温工程,硕士及以上,6,北京,否,2025-06-09,https://www.spacetalent.com.cn/jituan_xxx.html?id=9&positionId=1318493,2026-09-11 15:33:06
航天一院,北京航天爱锐科技有限责任公司,经营计划岗,机械工程 / 材料科学与工程 / 飞行器动力工程,硕士,3,北京,否,2025-06-09,https://www.spacetalent.com.cn/jituan_xxx.html?id=9&positionId=1318494,2026-09-11 15:33:06
航天一院,北京航天爱锐科技有限责任公司,电气系统总体设计岗,电气工程 / 控制科学与工程 / 机械工程,硕士,2,北京,否,2025-06-09,https://www.spacetalent.com.cn/jituan_xxx.html?id=9&positionId=1318495,2026-09-11 15:33:06
航天一院,战术部,人力资源管理,公共管理 / 工商管理,硕士及以上,1,北京,,2026-08-27,https://www.spacetalent.com.cn/jituan_xxx.html?id=9&positionId=132034198,2026-09-11 15:33:06
航天一院,战术部,载荷与环境设计岗,力学 / 机械工程 / 航空宇航科学与技术,硕士及以上,1,北京,,2026-08-27,https://www.spacetalent.com.cn/jituan_xxx.html?id=9&positionId=132034199,2026-09-11 15:33:06
航天一院,战术部,气（水）动设计岗,仪器科学与技术 / 力学 / 航空宇航科学与技术,硕士及以上,1,北京,,2026-08-27,https://www.spacetalent.com.cn/jituan_xxx.html?id=9&positionId=132034200,2026-09-11 15:33:06
航天一院,战术部,设计岗,兵器科学与技术 / 控制科学与工程 / 航空宇航科学与技术,硕士及以上,1,北京,,2026-08-27,https://www.spacetalent.com.cn/jituan_xxx.html?id=9&positionId=132034201,2026-09-11 15:33:06
航天一院,战术部,气（水）动设计岗,力学 / 动力工程及工程热物理 / 航空宇航科学与技术,硕士及以上,1,北京,,2026-08-27,https://www.spacetalent.com.cn/jituan_xxx.html?id=9&positionId=132034202,2026-09-11 15:33:06
航天一院,战术部,装备总体设计岗,信息与通信工程 / 控制科学与工程 / 航空宇航科学与技术,硕士及以上,1,北京,,2026-08-27,https://www.spacetalent.com.cn/jituan_xxx.html?id=9&positionId=132034203,2026-09-11 15:33:06
航天一院,战术部,任务规划总体设计岗,交通运输工程 / 控制科学与工程 / 航空宇航科学与技术,硕士及以上,1,北京,,2026-08-27,https://www.spacetalent.com.cn/jituan_xxx.html?id=9&positionId=132034204,2026-09-11 15:33:06
航天一院,战术部,安全生产管理岗,公共管理 / 安全科学与工程 / 管理科学与工程,硕士及以上,1,北京,,2026-08-27,https://www.spacetalent.com.cn/jituan_xxx.html?id=9&positionId=132034205,2026-09-11 15:33:06
航天一院,战术部,法律事务岗,法学,硕士及以上,1,北京,,2026-08-27,https://www.spacetalent.com.cn/jituan_xxx.html?id=9&positionId=132034206,2026-09-11 15:33:06
航天一院,战术部,系统仿真设计岗,控制科学与工程 / 数学 / 计算机科学与技术,硕士及以上,2,北京,,2026-08-27,https://www.spacetalent.com.cn/jituan_xxx.html?id=9&positionId=132034207,2026-09-11 15:33:06
航天一院,战术部,信息情报研究岗,公共管理 / 外国语言文学 / 政治学,硕士及以上,1,北京,,2026-08-27,https://www.spacetalent.com.cn/jituan_xxx.html?id=9&positionId=132034208,2026-09-11 15:33:06
航天一院,战术部,导航制导与控制总体设计岗,兵器科学与技术 / 控制科学与工程 / 航空宇航科学与技术,硕士及以上,1,北京,,2026-08-27,https://www.spacetalent.com.cn/jituan_xxx.html?id=9&positionId=132034209,2026-09-11 15:33:06
航天一院,战术部,综合财务管理岗,工商管理 / 经济学 / 财务会计,硕士及以上,1,北京,,2026-08-27,https://www.spacetalent.com.cn/jituan_xxx.html?id=9&positionId=132034210,2026-09-11 15:33:06
航天一院,战术部,可靠性总体设计岗,力学 / 机械工程 / 航空宇航科学与技术,硕士及以上,1,北京,,2026-08-27,https://www.spacetalent.com.cn/jituan_xxx.html?id=9&positionId=132034211,2026-09-11 15:33:06
航天一院,战术部,网络信息安全设计岗,信息与通信工程 / 机械工程 / 计算机科学与技术,硕士及以上,1,北京,,2026-08-27,https://www.spacetalent.com.cn/jituan_xxx.html?id=9&positionId=132034212,2026-09-11 15:33:06
航天一院,战术部,指挥控制系统总体设计岗,控制科学与工程 / 航空宇航科学与技术 / 计算机科学与技术,硕士及以上,1,北京,,2026-08-27,https://www.spacetalent.com.cn/jituan_xxx.html?id=9&positionId=132034213,2026-09-11 15:33:06
航天一院,战术部,信息系统设计岗,信息与通信工程 / 控制科学与工程 / 电子科学与技术,硕士及以上,1,北京,,2026-08-27,https://www.spacetalent.com.cn/jituan_xxx.html?id=9&positionId=132034214,2026-09-11 15:33:06
航天一院,战术部,电气产品设计岗,信息与通信工程 / 电子科学与技术 / 计算机科学与技术,硕士及以上,1,北京,,2026-08-27,https://www.spacetalent.com.cn/jituan_xxx.html?id=9&positionId=132034215,2026-09-11 15:33:06
航天一院,战术部,数传系统设计岗,信息与通信工程 / 电子科学与技术 / 电气工程,硕士及以上,1,北京,,2026-08-27,https://www.spacetalent.com.cn/jituan_xxx.html?id=9&positionId=132034216,2026-09-11 15:33:06
航天一院,战术部,射频天馈设计岗,信息与通信工程 / 电子科学与技术 / 计算机科学与技术,硕士及以上,1,北京,,2026-08-27,https://www.spacetalent.com.cn/jituan_xxx.html?id=9&positionId=132034217,2026-09-11 15:33:06
航天一院,战术部,产品设计岗,力学 / 动力工程及工程热物理 / 航空宇航科学与技术,硕士及以上,1,北京,,2026-08-27,https://www.spacetalent.com.cn/jituan_xxx.html?id=9&positionId=132034218,2026-09-11 15:33:06
航天一院,战术部,先进材料及工艺研究岗,机械工程 / 材料科学与工程 / 航空宇航科学与技术,硕士及以上,1,北京,,2026-08-27,https://www.spacetalent.com.cn/jituan_xxx.html?id=9&positionId=132034219,2026-09-11 15:33:06
航天一院,战术部,动力系统总体设计岗,力学 / 动力工程及工程热物理 / 机械,硕士及以上,1,北京,,2026-08-27,https://www.spacetalent.com.cn/jituan_xxx.html?id=9&positionId=132034220,2026-09-11 15:33:06
航天一院,战术部,预研总体岗,兵器科学与技术 / 控制科学与工程 / 航空宇航科学与技术,硕士及以上,1,北京,,2026-08-27,https://www.spacetalent.com.cn/jituan_xxx.html?id=9&positionId=132034221,2026-09-11 15:33:06
航天一院,战术部,前沿技术岗,力学 / 航空宇航科学与技术 / 船舶与海洋工程,硕士及以上,1,北京,,2026-08-27,https://www.spacetalent.com.cn/jituan_xxx.html?id=9&positionId=132034222,2026-09-11 15:33:06
航天一院,战术部,装备系统总体设计岗,兵器科学与技术 / 控制科学与工程 / 航空宇航科学与技术,硕士及以上,1,北京,,2026-08-27,https://www.spacetalent.com.cn/jituan_xxx.html?id=9&positionId=132034223,2026-09-11 15:33:06
航天一院,战术部,发射总体设计岗,兵器科学与技术 / 动力工程及工程热物理 / 航空宇航科学与技术,硕士及以上,2,北京,,2026-08-27,https://www.spacetalent.com.cn/jituan_xxx.html?id=9&positionId=132034224,2026-09-11 15:33:06
航天一院,战术部,电子对抗总体设计岗,控制科学与工程 / 电子科学与技术 / 航空宇航科学与技术,硕士及以上,1,北京,,2026-08-27,https://www.spacetalent.com.cn/jituan_xxx.html?id=9&positionId=132034225,2026-09-11 15:33:06
航天一院,物资中心,特装配套员,交通运输工程 / 兵器科学与技术 / 安全科学与工程,硕士及以上,1,北京,,2026-08-27,https://www.spacetalent.com.cn/jituan_xxx.html?id=9&positionId=132034226,2026-09-11 15:33:06
航天一院,物资中心,技术员,仪器科学与技术 / 电子信息 / 电子科学与技术,硕士及以上,1,北京,,2026-08-27,https://www.spacetalent.com.cn/jituan_xxx.html?id=9&positionId=132034227,2026-09-11 15:33:06
航天一院,物资中心,技术员,信息与通信工程 / 电子信息 / 电子科学与技术,硕士及以上,2,北京,,2026-08-27,https://www.spacetalent.com.cn/jituan_xxx.html?id=9&positionId=132034228,2026-09-11 15:33:06
航天一院,物资中心,技术员,材料科学与工程 / 材料 / 计算机科学与技术,硕士及以上,3,北京,,2026-08-27,https://www.spacetalent.com.cn/jituan_xxx.html?id=9&positionId=132034229,2026-09-11 15:33:06
航天一院,物资中心,信息化总体技术员,管理科学与工程 / 计算机科学与技术 / 软件工程,硕士及以上,2,北京,,2026-08-27,https://www.spacetalent.com.cn/jituan_xxx.html?id=9&positionId=132034230,2026-09-11 15:33:06
航天一院,物资中心,财务管理员,工商管理 / 财务会计 / 财政税务,硕士及以上,2,北京,,2026-08-27,https://www.spacetalent.com.cn/jituan_xxx.html?id=9&positionId=132034231,2026-09-11 15:33:06
航天一院,物资中心,需求计划员,材料科学与工程 / 物流管理与工程 / 管理科学与工程,硕士及以上,2,北京,,2026-08-27,https://www.spacetalent.com.cn/jituan_xxx.html?id=9&positionId=132034232,2026-09-11 15:33:06
航天一院,物资中心,需求计划员、采购员,化学工程与技术 / 材料科学与工程 / 管理科学与工程,硕士及以上,2,北京,,2026-08-27,https://www.spacetalent.com.cn/jituan_xxx.html?id=9&positionId=132034233,2026-09-11 15:33:06
航天一院,总体设计部,管路系统设计师/增压输送系统设计师/流体传动结构设计师,力学 / 机械工程 / 航空宇航科学与技术,硕士及以上,5,北京,,2026-08-27,https://www.spacetalent.com.cn/jituan_xxx.html?id=9&positionId=132034234,2026-09-11 15:33:06
航天一院,总体设计部,电子产品研发设计师/无线通信与测控设计师/数据获取与应用设计师,信息与通信工程 / 控制科学与工程 / 电子科学与技术,硕士及以上,4,北京,,2026-08-27,https://www.spacetalent.com.cn/jituan_xxx.html?id=9&positionId=132034235,2026-09-11 15:33:06
航天一院,总体设计部,动力系统总体设计师/制导总体设计师/电气系统总体设计师,力学 / 控制科学与工程 / 航空宇航科学与技术,硕士及以上,3,北京,,2026-08-27,https://www.spacetalent.com.cn/jituan_xxx.html?id=9&positionId=132034236,2026-09-11 15:33:06
航天一院,总体设计部,可靠性保证设计师,控制科学与工程 / 机械工程 / 航空宇航科学与技术,硕士及以上,1,北京,,2026-08-27,https://www.spacetalent.com.cn/jituan_xxx.html?id=9&positionId=132034237,2026-09-11 15:33:06
航天一院,总体设计部,型号总体设计师/姿控总体设计师/载荷与力学环境设计师,力学 / 控制科学与工程 / 航空宇航科学与技术,硕士及以上,3,北京,,2026-08-27,https://www.spacetalent.com.cn/jituan_xxx.html?id=9&positionId=132034238,2026-09-11 15:33:06
航天一院,总体设计部,机构设计师/液压及起降回收机构设计,力学 / 机械工程 / 航空宇航科学与技术,硕士及以上,3,北京,,2026-08-27,https://www.spacetalent.com.cn/jituan_xxx.html?id=9&positionId=132034239,2026-09-11 15:33:06
航天一院,总体设计部,水动力设计师/制导总体设计师/气动力设计师/姿控总体设计师,力学 / 控制科学与工程 / 航空宇航科学与技术,硕士及以上,4,北京,,2026-08-27,https://www.spacetalent.com.cn/jituan_xxx.html?id=9&positionId=132034240,2026-09-11 15:33:06
航天一院,总体设计部,热分析与评价,动力工程及工程热物理 / 热能与发电工程 / 航空宇航科学与技术,硕士及以上,1,北京,,2026-08-27,https://www.spacetalent.com.cn/jituan_xxx.html?id=9&positionId=132034241,2026-09-11 15:33:06
航天一院,总体设计部,电磁兼容与防护设计师,控制科学与工程 / 电子科学与技术 / 航空宇航科学与技术,硕士及以上,1,北京,,2026-08-27,https://www.spacetalent.com.cn/jituan_xxx.html?id=9&positionId=132034242,2026-09-11 15:33:06
航天一院,总体设计部,软件开发设计师,电子科学与技术 / 计算机科学与技术 / 软件工程,硕士及以上,2,北京,,2026-08-27,https://www.spacetalent.com.cn/jituan_xxx.html?id=9&positionId=132034243,2026-09-11 15:33:06
航天一院,总体设计部,电气总体设计师/结构总体设计师/动力总体设计师/,力学 / 控制科学与工程 / 航空宇航科学与技术,硕士及以上,7,北京,,2026-08-27,https://www.spacetalent.com.cn/jituan_xxx.html?id=9&positionId=132034244,2026-09-11 15:33:06
航天一院,总体设计部,健康管理设计师/信息应用设计师/信息安全设计师,信息与通信工程 / 控制科学与工程 / 电子科学与技术,硕士及以上,5,北京,,2026-08-27,https://www.spacetalent.com.cn/jituan_xxx.html?id=9&positionId=132034245,2026-09-11 15:33:06
航天一院,总体设计部,结构总体设计师/弹（轨）道设计师,力学 / 控制科学与工程 / 航空宇航科学与技术,硕士及以上,2,北京,,2026-08-27,https://www.spacetalent.com.cn/jituan_xxx.html?id=9&positionId=132034246,2026-09-11 15:33:06
航天一院,总体设计部,分离装置结构设计师/强度分析师/贮箱结构设计师/壳段及特殊功能结构设计师,力学 / 机械工程 / 航空宇航科学与技术,硕士及以上,5,北京,,2026-08-27,https://www.spacetalent.com.cn/jituan_xxx.html?id=9&positionId=132034247,2026-09-11 15:33:06
航天一院,总体设计部,人工智能技术设计师/数字化基础平台设计师/信息化技术研究与应用设计师,电子信息 / 航空宇航科学与技术 / 计算机科学与技术,硕士及以上,4,北京,,2026-08-27,https://www.spacetalent.com.cn/jituan_xxx.html?id=9&positionId=132034248,2026-09-11 15:33:06
航天一院,总体设计部,电磁对抗设计师/目标特性分析设计师,航空宇航科学与技术 / 计算机科学与技术 / 软件工程,硕士及以上,2,北京,,2026-08-27,https://www.spacetalent.com.cn/jituan_xxx.html?id=9&positionId=132034249,2026-09-11 15:33:06
航天一院,总体设计部,网络信息总体设计师/指挥信息系统总体设计师,航空宇航科学与技术 / 计算机科学与技术 / 软件工程,硕士及以上,3,北京,,2026-08-27,https://www.spacetalent.com.cn/jituan_xxx.html?id=9&positionId=132034250,2026-09-11 15:33:06
航天一院,总体设计部,体系总体设计师,航空宇航科学与技术 / 计算机科学与技术 / 软件工程,硕士及以上,2,北京,,2026-08-27,https://www.spacetalent.com.cn/jituan_xxx.html?id=9&positionId=132034251,2026-09-11 15:33:06
航天一院,总体设计部,战略研究与分析设计师,航空宇航科学与技术 / 计算机科学与技术 / 软件工程,硕士及以上,1,北京,,2026-08-27,https://www.spacetalent.com.cn/jituan_xxx.html?id=9&positionId=132034252,2026-09-11 15:33:06
航天一院,总体设计部,仿真建模设计师/仿真平台设计师,航空宇航科学与技术 / 计算机科学与技术 / 软件工程,硕士及以上,2,北京,,2026-08-27,https://www.spacetalent.com.cn/jituan_xxx.html?id=9&positionId=132034253,2026-09-11 15:33:06
航天一院,北京航天爱锐科技有限责任公司,人力资源管理岗,公共管理 / 工商管理,硕士及以上,1,北京,,2026-08-27,https://www.spacetalent.com.cn/jituan_xxx.html?id=9&positionId=132034254,2026-09-11 15:33:06
航天一院,北京航天爱锐科技有限责任公司,电气系统设计岗,信息与通信工程 / 电气工程 / 计算机科学与技术,硕士及以上,1,北京,,2026-08-27,https://www.spacetalent.com.cn/jituan_xxx.html?id=9&positionId=132034255,2026-09-11 15:33:06
航天一院,北京航天爱锐科技有限责任公司,阀门设计岗,机械工程 / 材料科学与工程 / 航空宇航科学与技术,硕士及以上,3,北京,,2026-08-27,https://www.spacetalent.com.cn/jituan_xxx.html?id=9&positionId=132034256,2026-09-11 15:33:06
航天一院,北京航天爱锐科技有限责任公司,阀门设计岗,机械工程 / 材料科学与工程 / 航空宇航科学与技术,硕士及以上,3,北京,,2026-08-27,https://www.spacetalent.com.cn/jituan_xxx.html?id=9&positionId=132034257,2026-09-11 15:33:06
航天一院,北京航天爱锐科技有限责任公司,阀门设计岗,兵器科学与技术 / 力学 / 动力工程及工程热物理,硕士及以上,3,北京,,2026-08-27,https://www.spacetalent.com.cn/jituan_xxx.html?id=9&positionId=132034258,2026-09-11 15:33:06
航天一院,北京航天爱锐科技有限责任公司,工艺技术岗,力学 / 机械工程 / 材料科学与工程,硕士及以上,3,北京,,2026-08-27,https://www.spacetalent.com.cn/jituan_xxx.html?id=9&positionId=132034259,2026-09-11 15:33:06
航天一院,北京航天爱锐科技有限责任公司,工艺技术岗,机械工程 / 材料科学与工程 / 航空宇航科学与技术,硕士及以上,3,北京,,2026-08-27,https://www.spacetalent.com.cn/jituan_xxx.html?id=9&positionId=132034260,2026-09-11 15:33:06
航天一院,北京航天爱锐科技有限责任公司,工艺技术岗,化学工程与技术 / 机械工程 / 材料科学与工程,硕士及以上,4,北京,,2026-08-27,https://www.spacetalent.com.cn/jituan_xxx.html?id=9&positionId=132034261,2026-09-11 15:33:06
航天一院,北京航天爱锐科技有限责任公司,工艺技术岗,力学 / 机械工程 / 材料科学与工程,硕士及以上,4,北京,,2026-08-27,https://www.spacetalent.com.cn/jituan_xxx.html?id=9&positionId=132034262,2026-09-11 15:33:06
航天一院,十所,系统管理,管理科学与工程 / 计算机科学与技术 / 软件工程,硕士及以上,1,北京,,2026-08-27,https://www.spacetalent.com.cn/jituan_xxx.html?id=9&positionId=132034263,2026-09-11 15:33:06
航天一院,十所,载荷环境设计,力学 / 机械工程 / 航空宇航科学与技术,硕士及以上,2,北京,,2026-08-27,https://www.spacetalent.com.cn/jituan_xxx.html?id=9&positionId=132034264,2026-09-11 15:33:06
航天一院,十所,结构设计,力学 / 机械工程 / 航空宇航科学与技术,硕士及以上,2,北京,,2026-08-27,https://www.spacetalent.com.cn/jituan_xxx.html?id=9&positionId=132034265,2026-09-11 15:33:06
航天一院,十所,温控设计,力学 / 动力工程及工程热物理 / 航空宇航科学与技术,硕士及以上,1,北京,,2026-08-27,https://www.spacetalent.com.cn/jituan_xxx.html?id=9&positionId=132034266,2026-09-11 15:33:06
航天一院,十所,热设计,力学 / 动力工程及工程热物理 / 航空宇航科学与技术,硕士及以上,1,北京,,2026-08-27,https://www.spacetalent.com.cn/jituan_xxx.html?id=9&positionId=132034267,2026-09-11 15:33:06
航天一院,十所,数字化系统设计,动力工程及工程热物理 / 控制科学与工程 / 航空宇航科学与技术,硕士及以上,1,北京,,2026-08-27,https://www.spacetalent.com.cn/jituan_xxx.html?id=9&positionId=132034268,2026-09-11 15:33:06
航天一院,十所,智能及软件系统分析与设计,航空宇航科学与技术 / 计算机科学与技术 / 软件工程,硕士及以上,1,北京,,2026-08-27,https://www.spacetalent.com.cn/jituan_xxx.html?id=9&positionId=132034269,2026-09-11 15:33:06
航天一院,十所,信息设备设计,仪器科学与技术 / 信息与通信工程 / 光学工程,硕士及以上,1,北京,,2026-08-27,https://www.spacetalent.com.cn/jituan_xxx.html?id=9&positionId=132034270,2026-09-11 15:33:06
航天一院,十所,总体设计技术研究,兵器科学与技术 / 力学 / 航空宇航科学与技术,硕士及以上,1,北京,,2026-08-27,https://www.spacetalent.com.cn/jituan_xxx.html?id=9&positionId=132034271,2026-09-11 15:33:06
航天一院,十所,总体设计技术研究,控制科学与工程 / 机械工程 / 航空宇航科学与技术,硕士及以上,1,北京,,2026-08-27,https://www.spacetalent.com.cn/jituan_xxx.html?id=9&positionId=132034272,2026-09-11 15:33:06
航天一院,十所,姿控总体设计,力学 / 控制科学与工程 / 航空宇航科学与技术,硕士及以上,1,北京,,2026-08-27,https://www.spacetalent.com.cn/jituan_xxx.html?id=9&positionId=132034273,2026-09-11 15:33:06
航天一院,十所,飞行器总体设计,力学 / 控制科学与工程 / 航空宇航科学与技术,硕士及以上,1,北京,,2026-08-27,https://www.spacetalent.com.cn/jituan_xxx.html?id=9&positionId=132034274,2026-09-11 15:33:06
航天一院,十所,系统仿真设计,控制科学与工程 / 机械工程 / 航空宇航科学与技术,硕士及以上,1,北京,,2026-08-27,https://www.spacetalent.com.cn/jituan_xxx.html?id=9&positionId=132034275,2026-09-11 15:33:06
航天一院,十二所,制导系统主管设计,信息与通信工程 / 控制科学与工程 / 航空宇航科学与技术,硕士及以上,2,北京,,2026-08-27,https://www.spacetalent.com.cn/jituan_xxx.html?id=9&positionId=132034276,2026-09-11 15:33:06
航天一院,十二所,单板线路设计,信息与通信工程 / 控制科学与工程 / 电子科学与技术,硕士及以上,1,北京,,2026-08-27,https://www.spacetalent.com.cn/jituan_xxx.html?id=9&positionId=132034277,2026-09-11 15:33:06
航天一院,十二所,综合电子产品设计师,控制科学与工程 / 电子科学与技术 / 航空宇航科学与技术,硕士及以上,2,北京,,2026-08-27,https://www.spacetalent.com.cn/jituan_xxx.html?id=9&positionId=132034278,2026-09-11 15:33:06
航天一院,十二所,制导系统主管设计,控制科学与工程 / 航空宇航科学与技术 / 计算机科学与技术,硕士及以上,2,北京,,2026-08-27,https://www.spacetalent.com.cn/jituan_xxx.html?id=9&positionId=132034279,2026-09-11 15:33:06
航天一院,十二所,制导系统主管设计,控制科学与工程 / 计算机科学与技术,硕士及以上,5,北京,,2026-08-27,https://www.spacetalent.com.cn/jituan_xxx.html?id=9&positionId=132034280,2026-09-11 15:33:06
航天一院,十二所,探测制导系统主管设计,信息与通信工程 / 控制科学与工程 / 航空宇航科学与技术,硕士及以上,1,北京,,2026-08-27,https://www.spacetalent.com.cn/jituan_xxx.html?id=9&positionId=132034281,2026-09-11 15:33:06
航天一院,十二所,探测制导系统主管设计,信息与通信工程 / 控制科学与工程 / 电子科学与技术,硕士及以上,1,北京,,2026-08-27,https://www.spacetalent.com.cn/jituan_xxx.html?id=9&positionId=132034282,2026-09-11 15:33:06
航天一院,十二所,探测制导系统主管设计,控制科学与工程 / 计算机科学与技术,硕士及以上,1,北京,,2026-08-27,https://www.spacetalent.com.cn/jituan_xxx.html?id=9&positionId=132034283,2026-09-11 15:33:06
航天一院,十二所,控制系统综合主管设计,控制科学与工程 / 机械工程 / 电气工程,硕士及以上,1,北京,,2026-08-27,https://www.spacetalent.com.cn/jituan_xxx.html?id=9&positionId=132034284,2026-09-11 15:33:06
航天一院,十二所,控制系统综合主管设计,信息与通信工程 / 控制科学与工程 / 航空宇航科学与技术,硕士及以上,1,北京,,2026-08-27,https://www.spacetalent.com.cn/jituan_xxx.html?id=9&positionId=132034285,2026-09-11 15:33:06
航天一院,十二所,控制系统综合主管设计师,仪器科学与技术 / 控制科学与工程 / 计算机科学与技术,硕士及以上,1,北京,,2026-08-27,https://www.spacetalent.com.cn/jituan_xxx.html?id=9&positionId=132034286,2026-09-11 15:33:06
航天一院,十二所,控制系统综合主管设计师,控制科学与工程 / 机械工程 / 电气工程,硕士及以上,1,北京,,2026-08-27,https://www.spacetalent.com.cn/jituan_xxx.html?id=9&positionId=132034287,2026-09-11 15:33:06
航天一院,十二所,控制系统综合主管设计师,信息与通信工程 / 控制科学与工程 / 机械工程,硕士及以上,1,北京,,2026-08-27,https://www.spacetalent.com.cn/jituan_xxx.html?id=9&positionId=132034288,2026-09-11 15:33:06
航天一院,十二所,单板线路设计,仪器科学与技术 / 控制科学与工程 / 电子科学与技术,硕士及以上,1,北京,,2026-08-27,https://www.spacetalent.com.cn/jituan_xxx.html?id=9&positionId=132034289,2026-09-11 15:33:06
航天一院,十二所,领域软件主管设计,控制科学与工程 / 计算机科学与技术,硕士及以上,5,北京,,2026-08-27,https://www.spacetalent.com.cn/jituan_xxx.html?id=9&positionId=132034290,2026-09-11 15:33:06
航天一院,十二所,领域软件主管设计,控制科学与工程 / 计算机科学与技术 / 软件工程,硕士及以上,3,北京,,2026-08-27,https://www.spacetalent.com.cn/jituan_xxx.html?id=9&positionId=132034291,2026-09-11 15:33:06
航天一院,十二所,测试设计,控制科学与工程 / 计算机科学与技术,硕士及以上,1,北京,,2026-08-27,https://www.spacetalent.com.cn/jituan_xxx.html?id=9&positionId=132034292,2026-09-11 15:33:06
航天一院,十二所,测试设计,网络空间安全 / 计算机科学与技术 / 软件工程,硕士及以上,1,北京,,2026-08-27,https://www.spacetalent.com.cn/jituan_xxx.html?id=9&positionId=132034293,2026-09-11 15:33:06
航天一院,十二所,技术研发,控制科学与工程 / 计算机科学与技术 / 计算机,硕士及以上,1,北京,,2026-08-27,https://www.spacetalent.com.cn/jituan_xxx.html?id=9&positionId=132034294,2026-09-11 15:33:06
航天一院,十二所,技术研发,控制科学与工程 / 生物医学工程 / 计算机,硕士及以上,1,北京,,2026-08-27,https://www.spacetalent.com.cn/jituan_xxx.html?id=9&positionId=132034295,2026-09-11 15:33:06
航天一院,十二所,技术研发,控制科学与工程 / 计算机科学与技术,硕士及以上,2,北京,,2026-08-27,https://www.spacetalent.com.cn/jituan_xxx.html?id=9&positionId=132034296,2026-09-11 15:33:06
航天一院,十二所,仿真软件设计与模型校验,信息与通信工程 / 控制科学与工程 / 机械工程,硕士及以上,1,北京,,2026-08-27,https://www.spacetalent.com.cn/jituan_xxx.html?id=9&positionId=132034297,2026-09-11 15:33:06
航天一院,十二所,仿真软件设计与模型校验,信息与通信工程 / 光学工程 / 控制科学与工程,硕士及以上,1,北京,,2026-08-27,https://www.spacetalent.com.cn/jituan_xxx.html?id=9&positionId=132034298,2026-09-11 15:33:06
航天一院,十二所,导航系统产品主管设计,控制科学与工程 / 计算机科学与技术,硕士及以上,1,北京,,2026-08-27,https://www.spacetalent.com.cn/jituan_xxx.html?id=9&positionId=132034299,2026-09-11 15:33:06
航天一院,十二所,导航系统产品主管设计,仪器科学与技术 / 控制科学与工程 / 电子科学与技术,硕士及以上,1,北京,,2026-08-27,https://www.spacetalent.com.cn/jituan_xxx.html?id=9&positionId=132034300,2026-09-11 15:33:06
航天一院,十二所,目标与环境特性技术设计师,控制科学与工程 / 电子科学与技术 / 计算机,硕士及以上,1,北京,,2026-08-27,https://www.spacetalent.com.cn/jituan_xxx.html?id=9&positionId=132034301,2026-09-11 15:33:06
航天一院,十二所,目标与环境特性技术设计师,信息与通信工程 / 控制科学与工程 / 航空宇航科学与技术,硕士及以上,1,北京,,2026-08-27,https://www.spacetalent.com.cn/jituan_xxx.html?id=9&positionId=132034302,2026-09-11 15:33:06
航天一院,十二所,目标与环境特性技术设计师,信息与通信工程 / 光学工程 / 控制科学与工程,硕士及以上,1,北京,,2026-08-27,https://www.spacetalent.com.cn/jituan_xxx.html?id=9&positionId=132034303,2026-09-11 15:33:06
航天一院,十二所,安全生产管理员,安全科学与工程,硕士及以上,1,北京,,2026-08-27,https://www.spacetalent.com.cn/jituan_xxx.html?id=9&positionId=132034304,2026-09-11 15:33:06
航天一院,十二所,综合电子产品设计师,仪器科学与技术 / 信息与通信工程 / 计算机科学与技术,硕士及以上,2,北京,,2026-08-27,https://www.spacetalent.com.cn/jituan_xxx.html?id=9&positionId=132034305,2026-09-11 15:33:06
航天一院,十四所,卫星通信产品设计,仪器科学与技术 / 信息与通信工程 / 电子科学与技术,硕士及以上,1,北京,,2026-08-27,https://www.spacetalent.com.cn/jituan_xxx.html?id=9&positionId=132034306,2026-09-11 15:33:06
航天一院,十四所,控制系统综合设计,信息与通信工程 / 控制科学与工程 / 电气工程,硕士及以上,1,北京,,2026-08-27,https://www.spacetalent.com.cn/jituan_xxx.html?id=9&positionId=132034307,2026-09-11 15:33:06
航天一院,十四所,控制系统综合设计,仪器科学与技术 / 控制科学与工程 / 电子科学与技术,硕士及以上,1,北京,,2026-08-27,https://www.spacetalent.com.cn/jituan_xxx.html?id=9&positionId=132034308,2026-09-11 15:33:06
航天一院,十四所,结构设计,控制科学与工程 / 机械工程 / 材料科学与工程,硕士及以上,1,北京,,2026-08-27,https://www.spacetalent.com.cn/jituan_xxx.html?id=9&positionId=132034309,2026-09-11 15:33:06
航天一院,十四所,卫星通信产品设计,信息与通信工程 / 电子科学与技术 / 电气工程,硕士及以上,1,北京,,2026-08-27,https://www.spacetalent.com.cn/jituan_xxx.html?id=9&positionId=132034310,2026-09-11 15:33:06
航天一院,十四所,预研项目管理,兵器科学与技术 / 力学 / 航空宇航科学与技术,硕士及以上,1,北京,,2026-08-27,https://www.spacetalent.com.cn/jituan_xxx.html?id=9&positionId=132034311,2026-09-11 15:33:06
航天一院,十四所,结构设计,兵器科学与技术 / 力学 / 机械工程,硕士及以上,1,北京,,2026-08-27,https://www.spacetalent.com.cn/jituan_xxx.html?id=9&positionId=132034312,2026-09-11 15:33:06
航天一院,十四所,经营计划,仪器科学与技术 / 机械工程 / 航空宇航科学与技术,硕士及以上,1,北京,,2026-08-27,https://www.spacetalent.com.cn/jituan_xxx.html?id=9&positionId=132034313,2026-09-11 15:33:06
航天一院,十四所,安全生产管理,兵器科学与技术 / 安全科学与工程 / 机械工程,硕士及以上,1,北京,,2026-08-27,https://www.spacetalent.com.cn/jituan_xxx.html?id=9&positionId=132034314,2026-09-11 15:33:06
航天一院,十四所,结构设计,力学 / 机械工程 / 材料科学与工程,硕士及以上,1,北京,,2026-08-27,https://www.spacetalent.com.cn/jituan_xxx.html?id=9&positionId=132034315,2026-09-11 15:33:06
航天一院,十四所,防热设计,力学 / 动力工程及工程热物理 / 航空宇航科学与技术,硕士及以上,1,北京,,2026-08-27,https://www.spacetalent.com.cn/jituan_xxx.html?id=9&positionId=132034316,2026-09-11 15:33:06
航天一院,十四所,电子对抗设计,信息与通信工程 / 电气工程 / 航空宇航科学与技术,硕士及以上,1,北京,,2026-08-27,https://www.spacetalent.com.cn/jituan_xxx.html?id=9&positionId=132034317,2026-09-11 15:33:06
航天一院,十四所,特种装置设计,兵器科学与技术 / 机械工程 / 航空宇航科学与技术,硕士及以上,1,北京,,2026-08-27,https://www.spacetalent.com.cn/jituan_xxx.html?id=9&positionId=132034318,2026-09-11 15:33:06
航天一院,十四所,系统总体设计,控制科学与工程 / 航空宇航科学与技术 / 计算机科学与技术,硕士及以上,1,北京,,2026-08-27,https://www.spacetalent.com.cn/jituan_xxx.html?id=9&positionId=132034319,2026-09-11 15:33:06
航天一院,十四所,电子对抗技术,仪器科学与技术 / 控制科学与工程 / 航空宇航科学与技术,硕士及以上,1,北京,,2026-08-27,https://www.spacetalent.com.cn/jituan_xxx.html?id=9&positionId=132034320,2026-09-11 15:33:06
航天一院,十四所,目标特征控制技术,物理学 / 电子科学与技术 / 航空宇航科学与技术,硕士及以上,1,北京,,2026-08-27,https://www.spacetalent.com.cn/jituan_xxx.html?id=9&positionId=132034321,2026-09-11 15:33:06
航天一院,十四所,飞行器总体设计,力学 / 控制科学与工程 / 航空宇航科学与技术,硕士及以上,1,北京,,2026-08-27,https://www.spacetalent.com.cn/jituan_xxx.html?id=9&positionId=132034322,2026-09-11 15:33:06
航天一院,十四所,总体设计,动力工程及工程热物理 / 电气工程 / 航空宇航科学与技术,硕士及以上,1,北京,,2026-08-27,https://www.spacetalent.com.cn/jituan_xxx.html?id=9&positionId=132034323,2026-09-11 15:33:06
航天一院,十四所,飞行力学设计,力学 / 控制科学与工程 / 航空宇航科学与技术,硕士及以上,1,北京,,2026-08-27,https://www.spacetalent.com.cn/jituan_xxx.html?id=9&positionId=132034324,2026-09-11 15:33:06
航天一院,十四所,总体设计,兵器科学与技术 / 力学 / 安全科学与工程,硕士及以上,1,北京,,2026-08-27,https://www.spacetalent.com.cn/jituan_xxx.html?id=9&positionId=132034325,2026-09-11 15:33:06
航天一院,十五所,电力电子专业设计,控制科学与工程 / 电子信息 / 电气工程,硕士及以上,1,北京,,2026-08-27,https://www.spacetalent.com.cn/jituan_xxx.html?id=9&positionId=132034326,2026-09-11 15:33:06
航天一院,十五所,专业设计,兵器科学与技术 / 机械工程 / 航空宇航科学与技术,硕士及以上,1,北京,,2026-08-27,https://www.spacetalent.com.cn/jituan_xxx.html?id=9&positionId=132034327,2026-09-11 15:33:06
航天一院,十五所,软件设计,信息与通信工程 / 电子科学与技术 / 软件工程,硕士及以上,1,北京,,2026-08-27,https://www.spacetalent.com.cn/jituan_xxx.html?id=9&positionId=132034328,2026-09-11 15:33:06
航天一院,十五所,硬件设计,仪器科学与技术 / 机械工程 / 电子科学与技术,硕士及以上,1,北京,,2026-08-27,https://www.spacetalent.com.cn/jituan_xxx.html?id=9&positionId=132034329,2026-09-11 15:33:06
航天一院,十五所,软件设计,控制科学与工程 / 机械工程 / 计算机科学与技术,硕士及以上,1,北京,,2026-08-27,https://www.spacetalent.com.cn/jituan_xxx.html?id=9&positionId=132034330,2026-09-11 15:33:06
航天一院,十五所,液压系统设计,兵器科学与技术 / 控制科学与工程 / 机械工程,硕士及以上,1,北京,,2026-08-27,https://www.spacetalent.com.cn/jituan_xxx.html?id=9&positionId=132034331,2026-09-11 15:33:06
航天一院,十五所,车辆电子电气架构设计,兵器科学与技术 / 机械工程 / 电气工程,硕士及以上,1,北京,,2026-08-27,https://www.spacetalent.com.cn/jituan_xxx.html?id=9&positionId=132034332,2026-09-11 15:33:06
航天一院,十五所,液压系统设计,控制科学与工程 / 机械工程 / 航空宇航科学与技术,硕士及以上,1,北京,,2026-08-27,https://www.spacetalent.com.cn/jituan_xxx.html?id=9&positionId=132034333,2026-09-11 15:33:06
航天一院,十五所,试验设计,兵器科学与技术 / 机械工程 / 电气工程,硕士及以上,1,北京,,2026-08-27,https://www.spacetalent.com.cn/jituan_xxx.html?id=9&positionId=132034334,2026-09-11 15:33:06
航天一院,十五所,加注系统结构设计,兵器科学与技术 / 动力工程及工程热物理 / 机械工程,硕士及以上,1,北京,,2026-08-27,https://www.spacetalent.com.cn/jituan_xxx.html?id=9&positionId=132034335,2026-09-11 15:33:06
航天一院,十五所,无人车辆系统设计,控制科学与工程 / 机械工程 / 计算机科学与技术,硕士及以上,1,北京,,2026-08-27,https://www.spacetalent.com.cn/jituan_xxx.html?id=9&positionId=132034336,2026-09-11 15:33:06
航天一院,十五所,车辆电子电气架构设计,兵器科学与技术 / 机械工程 / 电气工程,硕士及以上,1,北京,,2026-08-27,https://www.spacetalent.com.cn/jituan_xxx.html?id=9&positionId=132034337,2026-09-11 15:33:06
航天一院,十五所,发射总体设计,信息与通信工程 / 控制科学与工程 / 电气工程,硕士及以上,1,北京,,2026-08-27,https://www.spacetalent.com.cn/jituan_xxx.html?id=9&positionId=132034338,2026-09-11 15:33:06
航天一院,十五所,车辆传动系统专业设计,力学 / 动力工程及工程热物理 / 机械工程,硕士及以上,1,北京,,2026-08-27,https://www.spacetalent.com.cn/jituan_xxx.html?id=9&positionId=132034339,2026-09-11 15:33:06
航天一院,十五所,精密仪器专业设计,仪器科学与技术 / 兵器科学与技术 / 控制科学与工程,硕士及以上,1,北京,,2026-08-27,https://www.spacetalent.com.cn/jituan_xxx.html?id=9&positionId=132034340,2026-09-11 15:33:06
航天一院,十五所,电力电子专业设计,兵器科学与技术 / 控制科学与工程 / 电气工程,硕士及以上,1,北京,,2026-08-27,https://www.spacetalent.com.cn/jituan_xxx.html?id=9&positionId=132034341,2026-09-11 15:33:06
航天一院,十五所,专业设计,兵器科学与技术 / 机械工程 / 电气工程,硕士及以上,1,北京,,2026-08-27,https://www.spacetalent.com.cn/jituan_xxx.html?id=9&positionId=132034342,2026-09-11 15:33:06
航天一院,十五所,发射总体设计,兵器科学与技术 / 动力工程及工程热物理 / 机械工程,硕士及以上,1,北京,,2026-08-27,https://www.spacetalent.com.cn/jituan_xxx.html?id=9&positionId=132034343,2026-09-11 15:33:06
航天一院,十五所,精密仪器专业设计,信息与通信工程 / 控制科学与工程 / 机械工程,硕士及以上,2,北京,,2026-08-27,https://www.spacetalent.com.cn/jituan_xxx.html?id=9&positionId=132034344,2026-09-11 15:33:06
航天一院,十五所,供配气系统设计,动力工程及工程热物理 / 机械工程 / 航空宇航科学与技术,硕士及以上,1,北京,,2026-08-27,https://www.spacetalent.com.cn/jituan_xxx.html?id=9&positionId=132034345,2026-09-11 15:33:06
航天一院,十五所,复合材料结构设计,兵器科学与技术 / 动力工程及工程热物理 / 机械工程,硕士及以上,1,北京,,2026-08-27,https://www.spacetalent.com.cn/jituan_xxx.html?id=9&positionId=132034346,2026-09-11 15:33:06
航天一院,十五所,结构设计,动力工程及工程热物理 / 机械工程 / 航空宇航科学与技术,硕士及以上,4,北京,,2026-08-27,https://www.spacetalent.com.cn/jituan_xxx.html?id=9&positionId=132034347,2026-09-11 15:33:06
航天一院,十五所,系统总体设计,动力工程及工程热物理 / 控制科学与工程 / 机械工程,硕士及以上,1,北京,,2026-08-27,https://www.spacetalent.com.cn/jituan_xxx.html?id=9&positionId=132034348,2026-09-11 15:33:06
航天一院,十五所,加注系统结构设计,动力工程及工程热物理 / 机械工程 / 航空宇航科学与技术,硕士及以上,1,北京,,2026-08-27,https://www.spacetalent.com.cn/jituan_xxx.html?id=9&positionId=132034349,2026-09-11 15:33:06
航天一院,十五所,法律事务管理,法律实务,硕士及以上,1,北京,,2026-08-27,https://www.spacetalent.com.cn/jituan_xxx.html?id=9&positionId=132034350,2026-09-11 15:33:06
航天一院,十五所,电力传动专业设计,信息与通信工程 / 控制科学与工程 / 电气工程,硕士及以上,1,北京,,2026-08-27,https://www.spacetalent.com.cn/jituan_xxx.html?id=9&positionId=132034351,2026-09-11 15:33:06
航天一院,十五所,机械设计,力学 / 动力工程及工程热物理 / 机械工程,硕士,10,北京,,2026-08-27,https://www.spacetalent.com.cn/jituan_xxx.html?id=9&positionId=132034352,2026-09-11 15:33:06
航天一院,十五所,电气设计,信息与通信工程 / 电子科学与技术 / 电气工程,硕士,10,北京,,2026-08-27,https://www.spacetalent.com.cn/jituan_xxx.html?id=9&positionId=132034353,2026-09-11 15:33:06
航天一院,十八所,设计员,控制科学与工程 / 机械工程 / 电子科学与技术,硕士及以上,1,北京,,2026-08-27,https://www.spacetalent.com.cn/jituan_xxx.html?id=9&positionId=132034354,2026-09-11 15:33:06
航天一院,十八所,设计员,控制科学与工程 / 机械工程 / 航空宇航科学与技术,硕士及以上,1,北京,,2026-08-27,https://www.spacetalent.com.cn/jituan_xxx.html?id=9&positionId=132034355,2026-09-11 15:33:06
航天一院,十八所,设计员,控制科学与工程 / 机械工程 / 电气工程,硕士及以上,2,北京,,2026-08-27,https://www.spacetalent.com.cn/jituan_xxx.html?id=9&positionId=132034356,2026-09-11 15:33:06
航天一院,十八所,设计员,力学 / 控制科学与工程 / 机械工程,硕士及以上,1,北京,,2026-08-27,https://www.spacetalent.com.cn/jituan_xxx.html?id=9&positionId=132034357,2026-09-11 15:33:06
航天一院,十八所,设计员,兵器科学与技术 / 控制科学与工程 / 机械工程,硕士及以上,1,北京,,2026-08-27,https://www.spacetalent.com.cn/jituan_xxx.html?id=9&positionId=132034358,2026-09-11 15:33:06
航天一院,十八所,设计员,力学 / 控制科学与工程 / 机械工程,硕士及以上,1,北京,,2026-08-27,https://www.spacetalent.com.cn/jituan_xxx.html?id=9&positionId=132034359,2026-09-11 15:33:06
航天一院,十八所,设计员,兵器科学与技术 / 控制科学与工程 / 机械工程,硕士及以上,1,北京,,2026-08-27,https://www.spacetalent.com.cn/jituan_xxx.html?id=9&positionId=132034360,2026-09-11 15:33:06
航天一院,十八所,设计员,控制科学与工程 / 机械工程 / 电气工程,硕士及以上,2,北京,,2026-08-27,https://www.spacetalent.com.cn/jituan_xxx.html?id=9&positionId=132034361,2026-09-11 15:33:06
航天一院,十八所,设计员,仪器科学与技术 / 控制科学与工程 / 机械工程,硕士及以上,1,北京,,2026-08-27,https://www.spacetalent.com.cn/jituan_xxx.html?id=9&positionId=132034362,2026-09-11 15:33:06
航天一院,十八所,设计员,控制科学与工程 / 机械工程 / 电子科学与技术,硕士及以上,1,北京,,2026-08-27,https://www.spacetalent.com.cn/jituan_xxx.html?id=9&positionId=132034363,2026-09-11 15:33:06
航天一院,十八所,设计员,控制科学与工程 / 机械工程 / 航空宇航科学与技术,硕士及以上,1,北京,,2026-08-27,https://www.spacetalent.com.cn/jituan_xxx.html?id=9&positionId=132034364,2026-09-11 15:33:06
航天一院,十八所,设计员,力学 / 机械工程 / 材料科学与工程,硕士及以上,2,北京,,2026-08-27,https://www.spacetalent.com.cn/jituan_xxx.html?id=9&positionId=132034365,2026-09-11 15:33:06
航天一院,十八所,设计员,控制科学与工程 / 机械工程 / 电气工程,硕士及以上,1,北京,,2026-08-27,https://www.spacetalent.com.cn/jituan_xxx.html?id=9&positionId=132034366,2026-09-11 15:33:06
航天一院,十八所,设计员,动力工程及工程热物理 / 控制科学与工程 / 机械工程,硕士及以上,1,北京,,2026-08-27,https://www.spacetalent.com.cn/jituan_xxx.html?id=9&positionId=132034367,2026-09-11 15:33:06
航天一院,十八所,设计员,动力工程及工程热物理 / 机械工程 / 电气工程,硕士及以上,1,北京,,2026-08-27,https://www.spacetalent.com.cn/jituan_xxx.html?id=9&positionId=132034368,2026-09-11 15:33:06
航天一院,十八所,设计员,控制科学与工程 / 机械工程 / 电子科学与技术,硕士及以上,1,北京,,2026-08-27,https://www.spacetalent.com.cn/jituan_xxx.html?id=9&positionId=132034369,2026-09-11 15:33:06
航天一院,十八所,设计员,控制科学与工程 / 机械工程 / 电气工程,硕士及以上,2,北京,,2026-08-27,https://www.spacetalent.com.cn/jituan_xxx.html?id=9&positionId=132034370,2026-09-11 15:33:06
航天一院,十八所,设计员,仪器科学与技术 / 控制科学与工程 / 机械工程,硕士及以上,1,北京,,2026-08-27,https://www.spacetalent.com.cn/jituan_xxx.html?id=9&positionId=132034371,2026-09-11 15:33:06
航天一院,十八所,助理研究师,控制科学与工程 / 机械工程 / 电气工程,硕士及以上,3,北京,,2026-08-27,https://www.spacetalent.com.cn/jituan_xxx.html?id=9&positionId=132034372,2026-09-11 15:33:06
航天一院,十八所,助理研究师,兵器科学与技术 / 控制科学与工程 / 机械工程,硕士及以上,2,北京,,2026-08-27,https://www.spacetalent.com.cn/jituan_xxx.html?id=9&positionId=132034373,2026-09-11 15:33:06
航天一院,十八所,助理研究师,仪器科学与技术 / 控制科学与工程 / 机械工程,硕士及以上,1,北京,,2026-08-27,https://www.spacetalent.com.cn/jituan_xxx.html?id=9&positionId=132034374,2026-09-11 15:33:06
航天一院,十八所,设计员,信息与通信工程 / 网络空间安全 / 计算机科学与技术,硕士及以上,2,北京,,2026-08-27,https://www.spacetalent.com.cn/jituan_xxx.html?id=9&positionId=132034375,2026-09-11 15:33:06
航天一院,十八所,设计员,控制科学与工程 / 机械工程 / 计算机科学与技术,硕士及以上,1,北京,,2026-08-27,https://www.spacetalent.com.cn/jituan_xxx.html?id=9&positionId=132034376,2026-09-11 15:33:06
航天一院,十八所,设计员,仪器科学与技术 / 控制科学与工程 / 机械工程,硕士及以上,1,北京,,2026-08-27,https://www.spacetalent.com.cn/jituan_xxx.html?id=9&positionId=132034377,2026-09-11 15:33:06
航天一院,十八所,设计员,信息与通信工程 / 控制科学与工程 / 机械工程,硕士及以上,1,北京,,2026-08-27,https://www.spacetalent.com.cn/jituan_xxx.html?id=9&positionId=132034378,2026-09-11 15:33:06
航天一院,十八所,设计员,控制科学与工程 / 机械工程 / 电气工程,硕士及以上,1,北京,,2026-08-27,https://www.spacetalent.com.cn/jituan_xxx.html?id=9&positionId=132034379,2026-09-11 15:33:06
航天一院,十八所,设计员,动力工程及工程热物理 / 机械工程 / 航空宇航科学与技术,硕士及以上,1,北京,,2026-08-27,https://www.spacetalent.com.cn/jituan_xxx.html?id=9&positionId=132034380,2026-09-11 15:33:06
航天一院,十九所,情报研究岗(重要情报研究),兵器科学与技术 / 航空宇航科学与技术,硕士及以上,1,北京,,2026-08-27,https://www.spacetalent.com.cn/jituan_xxx.html?id=9&positionId=132034381,2026-09-11 15:33:06
航天一院,十九所,三维动画制作岗,戏剧与影视学,硕士及以上,2,北京,,2026-08-27,https://www.spacetalent.com.cn/jituan_xxx.html?id=9&positionId=132034382,2026-09-11 15:33:06
航天一院,十九所,可视化技术开发岗,计算机科学与技术,硕士及以上,1,北京,,2026-08-27,https://www.spacetalent.com.cn/jituan_xxx.html?id=9&positionId=132034383,2026-09-11 15:33:06
航天一院,十九所,审计岗,工商管理,硕士及以上,3,北京,,2026-08-27,https://www.spacetalent.com.cn/jituan_xxx.html?id=9&positionId=132034384,2026-09-11 15:33:06
航天一院,十九所,知识产权代理与运营岗,仪器科学与技术 / 控制科学与工程 / 材料科学与工程,硕士及以上,1,北京,,2026-08-27,https://www.spacetalent.com.cn/jituan_xxx.html?id=9&positionId=132034385,2026-09-11 15:33:06
航天一院,七〇二所,试验设计师,力学 / 机械工程 / 航空宇航科学与技术,硕士及以上,1,北京,,2026-08-27,https://www.spacetalent.com.cn/jituan_xxx.html?id=9&positionId=132034386,2026-09-11 15:33:06
航天一院,七〇二所,试验设计师,力学 / 物理学 / 航空宇航科学与技术,硕士及以上,1,北京,,2026-08-27,https://www.spacetalent.com.cn/jituan_xxx.html?id=9&positionId=132034387,2026-09-11 15:33:06
航天一院,七〇二所,测试测控师,兵器科学与技术 / 力学 / 机械工程,硕士及以上,1,北京、天津,,2026-08-27,https://www.spacetalent.com.cn/jituan_xxx.html?id=9&positionId=132034388,2026-09-11 15:33:06
航天一院,七〇二所,专业工程师,仪器科学与技术 / 控制科学与工程 / 电子科学与技术,硕士及以上,1,北京,,2026-08-27,https://www.spacetalent.com.cn/jituan_xxx.html?id=9&positionId=132034389,2026-09-11 15:33:06
航天一院,七〇二所,专业工程师,仪器科学与技术 / 控制科学与工程 / 机械工程,硕士及以上,1,北京,,2026-08-27,https://www.spacetalent.com.cn/jituan_xxx.html?id=9&positionId=132034390,2026-09-11 15:33:06
航天一院,七〇二所,专业工程师,仪器科学与技术 / 控制科学与工程 / 计算机科学与技术,硕士及以上,1,北京,,2026-08-27,https://www.spacetalent.com.cn/jituan_xxx.html?id=9&positionId=132034391,2026-09-11 15:33:06
航天一院,七〇二所,专业工程师,仪器科学与技术 / 控制科学与工程 / 电子科学与技术,硕士及以上,1,北京,,2026-08-27,https://www.spacetalent.com.cn/jituan_xxx.html?id=9&positionId=132034392,2026-09-11 15:33:06
航天一院,七〇二所,专业工程师,电子科学与技术 / 计算机科学与技术 / 软件工程,硕士及以上,1,北京,,2026-08-27,https://www.spacetalent.com.cn/jituan_xxx.html?id=9&positionId=132034393,2026-09-11 15:33:06
航天一院,七〇二所,试验设计师,光学工程 / 力学 / 动力工程及工程热物理,硕士及以上,1,北京,,2026-08-27,https://www.spacetalent.com.cn/jituan_xxx.html?id=9&positionId=132034394,2026-09-11 15:33:06
航天一院,七〇二所,试验设计师,仪器科学与技术 / 力学 / 机械工程,硕士及以上,1,北京、天津,,2026-08-27,https://www.spacetalent.com.cn/jituan_xxx.html?id=9&positionId=132034395,2026-09-11 15:33:06
航天一院,七〇二所,试验设计师,力学 / 控制科学与工程 / 电子科学与技术,硕士及以上,1,北京,,2026-08-27,https://www.spacetalent.com.cn/jituan_xxx.html?id=9&positionId=132034396,2026-09-11 15:33:06
航天一院,七〇二所,档案业务主管,信息与通信工程 / 图书情报与档案管理,硕士及以上,1,北京,,2026-08-27,https://www.spacetalent.com.cn/jituan_xxx.html?id=9&positionId=132034397,2026-09-11 15:33:06
航天一院,七〇二所,试验设计师,力学 / 机械工程 / 航空宇航科学与技术,硕士及以上,1,北京,,2026-08-27,https://www.spacetalent.com.cn/jituan_xxx.html?id=9&positionId=132034398,2026-09-11 15:33:06
航天一院,七〇二所,试验设计师,仪器科学与技术 / 信息与通信工程 / 力学,硕士及以上,1,北京,,2026-08-27,https://www.spacetalent.com.cn/jituan_xxx.html?id=9&positionId=132034399,2026-09-11 15:33:06
航天一院,七〇二所,试验设计师,控制科学与工程 / 航空宇航科学与技术 / 计算机科学与技术,硕士及以上,1,北京,,2026-08-27,https://www.spacetalent.com.cn/jituan_xxx.html?id=9&positionId=132034400,2026-09-11 15:33:06
航天一院,七〇二所,试验设计师,力学 / 机械工程 / 航空宇航科学与技术,硕士及以上,1,北京,,2026-08-27,https://www.spacetalent.com.cn/jituan_xxx.html?id=9&positionId=132034401,2026-09-11 15:33:06
航天一院,七〇二所,试验设计师,力学 / 机械工程 / 航空宇航科学与技术,硕士及以上,1,北京,,2026-08-27,https://www.spacetalent.com.cn/jituan_xxx.html?id=9&positionId=132034402,2026-09-11 15:33:06
航天一院,七〇二所,试验设计师,光学工程 / 力学 / 机械工程,硕士及以上,1,北京,,2026-08-27,https://www.spacetalent.com.cn/jituan_xxx.html?id=9&positionId=132034403,2026-09-11 15:33:06
航天一院,七〇二所,试验设计师,力学 / 机械工程 / 计算机科学与技术,硕士及以上,1,北京,,2026-08-27,https://www.spacetalent.com.cn/jituan_xxx.html?id=9&positionId=132034404,2026-09-11 15:33:06
航天一院,七〇二所,试验设计师,土木工程 / 机械工程 / 航空宇航科学与技术,硕士及以上,1,北京,,2026-08-27,https://www.spacetalent.com.cn/jituan_xxx.html?id=9&positionId=132034405,2026-09-11 15:33:06
航天一院,七〇二所,测试测控师,力学 / 动力工程及工程热物理 / 航空宇航科学与技术,硕士及以上,1,北京,,2026-08-27,https://www.spacetalent.com.cn/jituan_xxx.html?id=9&positionId=132034406,2026-09-11 15:33:06
航天一院,七〇二所,测试测控师,仪器科学与技术 / 机械工程 / 电子科学与技术,硕士及以上,1,北京,,2026-08-27,https://www.spacetalent.com.cn/jituan_xxx.html?id=9&positionId=132034407,2026-09-11 15:33:06
航天一院,七〇二所,试验设计师,交通运输工程 / 动力工程及工程热物理 / 机械工程,硕士及以上,1,北京,,2026-08-27,https://www.spacetalent.com.cn/jituan_xxx.html?id=9&positionId=132034408,2026-09-11 15:33:06
航天一院,七〇二所,试验设计师,控制科学与工程 / 航空宇航科学与技术 / 船舶与海洋工程,硕士及以上,1,北京,,2026-08-27,https://www.spacetalent.com.cn/jituan_xxx.html?id=9&positionId=132034409,2026-09-11 15:33:06
航天一院,七〇二所,会计核算主管,工商管理 / 财务会计,硕士及以上,1,北京,,2026-08-27,https://www.spacetalent.com.cn/jituan_xxx.html?id=9&positionId=132034410,2026-09-11 15:33:06
航天一院,七〇三所,碳基复合材料及工艺研究,力学 / 材料科学与工程 / 材料,硕士及以上,2,北京、天津,,2026-08-27,https://www.spacetalent.com.cn/jituan_xxx.html?id=9&positionId=132034411,2026-09-11 15:33:06
航天一院,七〇三所,复合材料加工与装配工艺,机械工程 / 机械 / 材料科学与工程,硕士及以上,1,北京、天津,,2026-08-27,https://www.spacetalent.com.cn/jituan_xxx.html?id=9&positionId=132034412,2026-09-11 15:33:06
航天一院,七〇三所,超声无损检测技术研究,仪器科学与技术 / 控制科学与工程 / 计算机科学与技术,硕士及以上,1,北京,,2026-08-27,https://www.spacetalent.com.cn/jituan_xxx.html?id=9&positionId=132034413,2026-09-11 15:33:06
航天一院,七〇三所,热控材料研制,动力工程及工程热物理 / 化学 / 材料,硕士及以上,1,北京、天津,,2026-08-27,https://www.spacetalent.com.cn/jituan_xxx.html?id=9&positionId=132034414,2026-09-11 15:33:06
航天一院,七〇三所,新质涂层材料研发,化学工程与技术 / 化学 / 生物工程,硕士及以上,1,北京、天津,,2026-08-27,https://www.spacetalent.com.cn/jituan_xxx.html?id=9&positionId=132034415,2026-09-11 15:33:06
航天一院,七〇三所,防热涂层材料应用研究,化学工程与技术 / 化学 / 材料,硕士及以上,1,北京、天津,,2026-08-27,https://www.spacetalent.com.cn/jituan_xxx.html?id=9&positionId=132034416,2026-09-11 15:33:06
航天一院,七〇三所,特种功能涂层自动化涂装工艺研究,机械 / 材料科学与工程 / 自动化,硕士及以上,1,北京、天津,,2026-08-27,https://www.spacetalent.com.cn/jituan_xxx.html?id=9&positionId=132034417,2026-09-11 15:33:06
航天一院,七〇三所,复合材料自动化技术研究,控制科学与工程 / 机械工程 / 电气工程,硕士及以上,1,北京、天津,,2026-08-27,https://www.spacetalent.com.cn/jituan_xxx.html?id=9&positionId=132034418,2026-09-11 15:33:06
航天一院,七〇三所,专职安全管理,安全科学与工程 / 安全,硕士及以上,1,北京、天津,,2026-08-27,https://www.spacetalent.com.cn/jituan_xxx.html?id=9&positionId=132034419,2026-09-11 15:33:06
航天一院,七〇三所,复合材料部组件先进制造技术研究,控制科学与工程 / 机械 / 航空宇航科学与技术,硕士及以上,1,北京,,2026-08-27,https://www.spacetalent.com.cn/jituan_xxx.html?id=9&positionId=132034420,2026-09-11 15:33:06
航天一院,七〇三所,智能制造产线规划与集成技术研究,控制科学与工程 / 机械工程 / 自动化,硕士及以上,1,北京、天津,,2026-08-27,https://www.spacetalent.com.cn/jituan_xxx.html?id=9&positionId=132034421,2026-09-11 15:33:06
航天一院,七〇三所,低成本轻质防热材料工艺改进研究,化学工程与技术 / 化学 / 材料,硕士及以上,2,北京,,2026-08-27,https://www.spacetalent.com.cn/jituan_xxx.html?id=9&positionId=132034422,2026-09-11 15:33:06
航天一院,七〇三所,新型隔热材料及制造工艺研究,化学 / 材料科学与工程 / 材料,硕士及以上,1,北京、天津,,2026-08-27,https://www.spacetalent.com.cn/jituan_xxx.html?id=9&positionId=132034423,2026-09-11 15:33:06
航天一院,七〇三所,材料力学性能测试研究,机械工程 / 材料科学与工程 / 材料,硕士及以上,1,北京,,2026-08-27,https://www.spacetalent.com.cn/jituan_xxx.html?id=9&positionId=132034424,2026-09-11 15:33:06
航天一院,七〇三所,树脂基结构复合材料成型工艺,力学 / 机械 / 材料,硕士及以上,3,北京、天津,,2026-08-27,https://www.spacetalent.com.cn/jituan_xxx.html?id=9&positionId=132034425,2026-09-11 15:33:06
航天一院,七〇三所,复合材料及工艺研发,化学工程与技术 / 化学 / 材料,硕士及以上,3,北京、天津,,2026-08-27,https://www.spacetalent.com.cn/jituan_xxx.html?id=9&positionId=132034426,2026-09-11 15:33:06
航天一院,七〇三所,安全审计员,信息与通信工程 / 网络空间安全 / 计算机科学与技术,硕士及以上,1,北京,,2026-08-27,https://www.spacetalent.com.cn/jituan_xxx.html?id=9&positionId=132034427,2026-09-11 15:33:06
航天一院,七〇三所,胶粘剂智能制造工艺研究,控制科学与工程 / 材料 / 计算机科学与技术,硕士及以上,1,北京,,2026-08-27,https://www.spacetalent.com.cn/jituan_xxx.html?id=9&positionId=132034428,2026-09-11 15:33:06
航天一院,七〇三所,密封技术和材料研发,力学 / 机械工程 / 材料科学与工程,硕士及以上,1,北京,,2026-08-27,https://www.spacetalent.com.cn/jituan_xxx.html?id=9&positionId=132034429,2026-09-11 15:33:06
航天一院,七〇三所,钎焊及扩散焊工艺研究,机械工程 / 材料科学与工程 / 材料,硕士及以上,1,北京,,2026-08-27,https://www.spacetalent.com.cn/jituan_xxx.html?id=9&positionId=132034430,2026-09-11 15:33:06
航天一院,七〇三所,熔焊工艺研究,冶金工程 / 材料科学与工程 / 材料,硕士及以上,1,北京,,2026-08-27,https://www.spacetalent.com.cn/jituan_xxx.html?id=9&positionId=132034431,2026-09-11 15:33:06
航天一院,七〇三所,树脂基结构复合材料机加装配工艺,机械工程 / 材料科学与工程 / 航空宇航科学与技术,硕士及以上,1,北京、天津,,2026-08-27,https://www.spacetalent.com.cn/jituan_xxx.html?id=9&positionId=132034432,2026-09-11 15:33:06
航天一院,七〇三所,财务管理,工商管理 / 经济学 / 金融,硕士及以上,1,北京,,2026-08-27,https://www.spacetalent.com.cn/jituan_xxx.html?id=9&positionId=132034433,2026-09-11 15:33:06
航天一院,七〇三所,特种塑性成形工艺研究,机械工程 / 材料科学与工程 / 材料,硕士及以上,1,北京,,2026-08-27,https://www.spacetalent.com.cn/jituan_xxx.html?id=9&positionId=132034434,2026-09-11 15:33:06
航天一院,七〇三所,电铸技术工艺研究,化学工程与技术 / 化学 / 材料科学与工程,硕士及以上,1,北京,,2026-08-27,https://www.spacetalent.com.cn/jituan_xxx.html?id=9&positionId=132034435,2026-09-11 15:33:06
航天一院,七〇三所,特种焊接工艺研究,机械工程 / 材料科学与工程 / 材料,硕士及以上,1,北京,,2026-08-27,https://www.spacetalent.com.cn/jituan_xxx.html?id=9&positionId=132034436,2026-09-11 15:33:06
航天一院,七〇三所,特种工程塑料/囊体研发,化学 / 机械工程 / 材料科学与工程,硕士及以上,2,北京,,2026-08-27,https://www.spacetalent.com.cn/jituan_xxx.html?id=9&positionId=132034437,2026-09-11 15:33:06
航天一院,七〇三所,大数据分析,电子信息 / 统计学 / 计算机科学与技术,硕士及以上,1,北京,,2026-08-27,https://www.spacetalent.com.cn/jituan_xxx.html?id=9&positionId=132034438,2026-09-11 15:33:06
航天一院,七〇三所,特种胶粘剂材料与工艺研究,化学工程与技术 / 化学 / 材料科学与工程,硕士及以上,2,北京,,2026-08-27,https://www.spacetalent.com.cn/jituan_xxx.html?id=9&positionId=132034439,2026-09-11 15:33:06
航天一院,七〇三所,阻尼减振设计,力学 / 控制科学与工程 / 机械工程,硕士及以上,1,北京,,2026-08-27,https://www.spacetalent.com.cn/jituan_xxx.html?id=9&positionId=132034440,2026-09-11 15:33:06
航天一院,七〇三所,特种橡胶制品工艺,化学 / 机械工程 / 材料,硕士及以上,2,北京,,2026-08-27,https://www.spacetalent.com.cn/jituan_xxx.html?id=9&positionId=132034441,2026-09-11 15:33:06
航天一院,七〇三所,多功能树脂基复合材料工艺研究,化学 / 材料科学与工程 / 纺织科学与工程,硕士及以上,1,北京,,2026-08-27,https://www.spacetalent.com.cn/jituan_xxx.html?id=9&positionId=132034442,2026-09-11 15:33:06
航天一院,七〇三所,电弧增材制造工艺研究,机械工程 / 材料科学与工程 / 材料,硕士及以上,1,北京,,2026-08-27,https://www.spacetalent.com.cn/jituan_xxx.html?id=9&positionId=132034443,2026-09-11 15:33:06
航天一院,七〇三所,特种功能涂料工程化制备工艺研究,化学工程与技术 / 化学 / 材料科学与工程,硕士及以上,1,北京、天津,,2026-08-27,https://www.spacetalent.com.cn/jituan_xxx.html?id=9&positionId=132034444,2026-09-11 15:33:06
航天一院,七〇三所,陶瓷基复合材料及工艺研究,材料科学与工程 / 材料,硕士及以上,1,北京、天津,,2026-08-27,https://www.spacetalent.com.cn/jituan_xxx.html?id=9&positionId=132034445,2026-09-11 15:33:06
航天一院,一〇二所,人工智能计量技术,仪器科学与技术 / 信息与通信工程 / 计算机科学与技术,硕士及以上,1,北京,,2026-08-27,https://www.spacetalent.com.cn/jituan_xxx.html?id=9&positionId=132034446,2026-09-11 15:33:06
航天一院,一〇二所,研发岗,仪器科学与技术 / 力学 / 机械工程,硕士及以上,1,北京,,2026-08-27,https://www.spacetalent.com.cn/jituan_xxx.html?id=9&positionId=132034447,2026-09-11 15:33:06
航天一院,一〇二所,无线电计量,信息与通信工程 / 物理学 / 电子科学与技术,硕士及以上,1,北京,,2026-08-27,https://www.spacetalent.com.cn/jituan_xxx.html?id=9&positionId=132034448,2026-09-11 15:33:06
航天一院,一〇二所,测试研发,仪器科学与技术 / 机械工程 / 电子信息,硕士及以上,1,北京,,2026-08-27,https://www.spacetalent.com.cn/jituan_xxx.html?id=9&positionId=132034449,2026-09-11 15:33:06
航天一院,一〇二所,测试研发,仪器科学与技术 / 动力工程及工程热物理 / 机械工程,硕士及以上,1,北京,,2026-08-27,https://www.spacetalent.com.cn/jituan_xxx.html?id=9&positionId=132034450,2026-09-11 15:33:06
航天一院,一〇二所,软件设计与开发,控制科学与工程 / 计算机科学与技术 / 软件工程,硕士及以上,1,北京,,2026-08-27,https://www.spacetalent.com.cn/jituan_xxx.html?id=9&positionId=132034451,2026-09-11 15:33:06
航天一院,一〇二所,研发,仪器科学与技术 / 化学工程与技术 / 电子科学与技术,硕士及以上,1,北京,,2026-08-27,https://www.spacetalent.com.cn/jituan_xxx.html?id=9&positionId=132034452,2026-09-11 15:33:06
航天一院,一〇二所,传感器研发,仪器科学与技术 / 控制科学与工程 / 电子科学与技术,硕士及以上,1,北京,,2026-08-27,https://www.spacetalent.com.cn/jituan_xxx.html?id=9&positionId=132034453,2026-09-11 15:33:06
航天一院,一〇二所,设计岗,仪器科学与技术 / 控制科学与工程 / 计算机科学与技术,硕士及以上,1,北京,,2026-08-27,https://www.spacetalent.com.cn/jituan_xxx.html?id=9&positionId=132034454,2026-09-11 15:33:06
航天一院,一〇二所,人工智能计量技术,信息与通信工程 / 电子科学与技术 / 计算机科学与技术,硕士及以上,1,北京,,2026-08-27,https://www.spacetalent.com.cn/jituan_xxx.html?id=9&positionId=132034455,2026-09-11 15:33:06
航天一院,一〇二所,结构设计,仪器科学与技术 / 光学工程 / 机械工程,硕士及以上,3,北京,,2026-08-27,https://www.spacetalent.com.cn/jituan_xxx.html?id=9&positionId=132034456,2026-09-11 15:33:06
航天一院,一〇二所,电控设计,仪器科学与技术 / 控制科学与工程 / 电子科学与技术,硕士及以上,1,北京,,2026-08-27,https://www.spacetalent.com.cn/jituan_xxx.html?id=9&positionId=132034457,2026-09-11 15:33:06
航天一院,一〇二所,人工智能算法,仪器科学与技术 / 控制科学与工程 / 计算机科学与技术,硕士及以上,1,北京,,2026-08-27,https://www.spacetalent.com.cn/jituan_xxx.html?id=9&positionId=132034458,2026-09-11 15:33:06
航天一院,一〇二所,人工智能算法,控制科学与工程 / 电子信息 / 计算机科学与技术,硕士及以上,1,北京,,2026-08-27,https://www.spacetalent.com.cn/jituan_xxx.html?id=9&positionId=132034459,2026-09-11 15:33:06
航天一院,一〇二所,研发岗,仪器科学与技术 / 控制科学与工程 / 机械工程,硕士及以上,1,北京,,2026-08-27,https://www.spacetalent.com.cn/jituan_xxx.html?id=9&positionId=132034460,2026-09-11 15:33:06
航天一院,二一一厂,测试技术岗,仪器科学与技术 / 机械工程 / 电子信息,硕士及以上,1,北京,,2026-08-27,https://www.spacetalent.com.cn/jituan_xxx.html?id=9&positionId=132034461,2026-09-11 15:33:06
航天一院,二一一厂,数控程编工艺岗,仪器科学与技术 / 机械工程 / 计算机科学与技术,硕士及以上,2,北京,,2026-08-27,https://www.spacetalent.com.cn/jituan_xxx.html?id=9&positionId=132034462,2026-09-11 15:33:06
航天一院,二一一厂,数控程编工艺岗,仪器科学与技术 / 机械工程 / 计算机科学与技术,硕士及以上,1,北京,,2026-08-27,https://www.spacetalent.com.cn/jituan_xxx.html?id=9&positionId=132034463,2026-09-11 15:33:06
航天一院,二一一厂,工艺技术岗,光学工程 / 机械工程 / 材料科学与工程,硕士及以上,2,北京,,2026-08-27,https://www.spacetalent.com.cn/jituan_xxx.html?id=9&positionId=132034464,2026-09-11 15:33:06
航天一院,二一一厂,工艺技术岗,光学工程 / 化学 / 材料科学与工程,硕士及以上,1,北京,,2026-08-27,https://www.spacetalent.com.cn/jituan_xxx.html?id=9&positionId=132034465,2026-09-11 15:33:06
航天一院,二一一厂,工艺技术岗,仪器科学与技术 / 机械工程 / 材料科学与工程,硕士及以上,1,北京,,2026-08-27,https://www.spacetalent.com.cn/jituan_xxx.html?id=9&positionId=132034466,2026-09-11 15:33:06
航天一院,二一一厂,工艺技术岗,力学 / 机械工程 / 航空宇航科学与技术,硕士及以上,4,北京,,2026-08-27,https://www.spacetalent.com.cn/jituan_xxx.html?id=9&positionId=132034467,2026-09-11 15:33:06
航天一院,二一一厂,工艺技术岗,光学工程 / 冶金工程 / 材料科学与工程,硕士及以上,2,北京,,2026-08-27,https://www.spacetalent.com.cn/jituan_xxx.html?id=9&positionId=132034468,2026-09-11 15:33:06
航天一院,二一一厂,工艺技术岗,冶金工程 / 材料科学与工程 / 环境科学与工程,硕士及以上,2,北京,,2026-08-27,https://www.spacetalent.com.cn/jituan_xxx.html?id=9&positionId=132034469,2026-09-11 15:33:06
航天一院,二一一厂,数控程编工艺岗,仪器科学与技术 / 机械工程 / 计算机科学与技术,硕士及以上,1,北京,,2026-08-27,https://www.spacetalent.com.cn/jituan_xxx.html?id=9&positionId=132034470,2026-09-11 15:33:06
航天一院,二一一厂,工艺技术岗,动力工程及工程热物理 / 机械工程 / 航空宇航科学与技术,硕士及以上,2,北京,,2026-08-27,https://www.spacetalent.com.cn/jituan_xxx.html?id=9&positionId=132034471,2026-09-11 15:33:06
航天一院,二一一厂,工艺技术岗,机械工程 / 材料科学与工程 / 航空宇航科学与技术,硕士及以上,4,北京,,2026-08-27,https://www.spacetalent.com.cn/jituan_xxx.html?id=9&positionId=132034472,2026-09-11 15:33:06
航天一院,二一一厂,工艺技术岗,动力工程及工程热物理 / 机械工程 / 航空宇航科学与技术,硕士及以上,1,北京,,2026-08-27,https://www.spacetalent.com.cn/jituan_xxx.html?id=9&positionId=132034473,2026-09-11 15:33:06
航天一院,二一一厂,安全技术岗,安全科学与工程 / 安全,硕士及以上,1,北京,,2026-08-27,https://www.spacetalent.com.cn/jituan_xxx.html?id=9&positionId=132034474,2026-09-11 15:33:06
航天一院,二一一厂,工艺技术岗,光学工程 / 冶金工程 / 材料科学与工程,硕士及以上,1,北京,,2026-08-27,https://www.spacetalent.com.cn/jituan_xxx.html?id=9&positionId=132034475,2026-09-11 15:33:06
航天一院,二一一厂,工艺技术岗,控制科学与工程 / 机械工程 / 电气工程,硕士及以上,1,北京,,2026-08-27,https://www.spacetalent.com.cn/jituan_xxx.html?id=9&positionId=132034476,2026-09-11 15:33:06
航天一院,二一一厂,工艺技术岗,控制科学与工程 / 机械工程 / 材料科学与工程,硕士及以上,4,北京,,2026-08-27,https://www.spacetalent.com.cn/jituan_xxx.html?id=9&positionId=132034477,2026-09-11 15:33:06
航天一院,二一一厂,会计岗,工商管理 / 财务会计,硕士及以上,2,北京,,2026-08-27,https://www.spacetalent.com.cn/jituan_xxx.html?id=9&positionId=132034478,2026-09-11 15:33:06
航天一院,二一一厂,基础工艺技术员（质量管理方向）,仪器科学与技术 / 机械工程 / 材料科学与工程,硕士及以上,1,天津,,2026-08-27,https://www.spacetalent.com.cn/jituan_xxx.html?id=9&positionId=132034479,2026-09-11 15:33:06
航天一院,二一一厂,业务管理员（党工宣财务安全方向）,安全科学与工程 / 财务会计,本科及以上,3,天津,,2026-08-27,https://www.spacetalent.com.cn/jituan_xxx.html?id=9&positionId=132034480,2026-09-11 15:33:06
航天一院,二一一厂,基础工艺技术员（信息化方向）,控制科学与工程 / 计算机科学与技术,硕士及以上,1,天津,,2026-08-27,https://www.spacetalent.com.cn/jituan_xxx.html?id=9&positionId=132034481,2026-09-11 15:33:06
航天一院,二一一厂,基础工艺技术员（机械加工方向）,机械工程 / 材料科学与工程 / 航空宇航科学与技术,硕士及以上,2,天津,,2026-08-27,https://www.spacetalent.com.cn/jituan_xxx.html?id=9&positionId=132034482,2026-09-11 15:33:06
航天一院,二一一厂,基础工艺技术员（铆接装配方向）,机械设计制造 / 航空宇航科学与技术,硕士及以上,2,天津,,2026-08-27,https://www.spacetalent.com.cn/jituan_xxx.html?id=9&positionId=132034483,2026-09-11 15:33:06
航天一院,二一一厂,基础工艺技术员（测试方向）,信息与通信工程 / 控制科学与工程 / 机械工程,本科及以上,8,天津、海南,,2026-08-27,https://www.spacetalent.com.cn/jituan_xxx.html?id=9&positionId=132034484,2026-09-11 15:33:06
航天一院,二一一厂,基础工艺技术员（消防动力方向）,安全科学与工程 / 电气工程,本科及以上,2,天津,,2026-08-27,https://www.spacetalent.com.cn/jituan_xxx.html?id=9&positionId=132034485,2026-09-11 15:33:06
航天一院,二一一厂,基础工艺技术员（焊接方向）,机械设计制造 / 材料科学与工程,硕士及以上,3,天津,,2026-08-27,https://www.spacetalent.com.cn/jituan_xxx.html?id=9&positionId=132034486,2026-09-11 15:33:06
航天一院,二一一厂,基础工艺技术员（型号调度方向）,控制科学与工程 / 机械工程 / 材料科学与工程,本科及以上,4,天津,,2026-08-27,https://www.spacetalent.com.cn/jituan_xxx.html?id=9&positionId=132034487,2026-09-11 15:33:06
航天一院,二一一厂,基础工艺技术员（总装方向）,机械设计制造 / 材料科学与工程 / 航空宇航科学与技术,本科及以上,7,天津,,2026-08-27,https://www.spacetalent.com.cn/jituan_xxx.html?id=9&positionId=132034488,2026-09-11 15:33:06
航天一院,二一一厂,基础工艺技术员（钣金热处理方向）,机械设计制造 / 材料科学与工程,硕士及以上,2,天津,,2026-08-27,https://www.spacetalent.com.cn/jituan_xxx.html?id=9&positionId=132034489,2026-09-11 15:33:06
航天一院,五一九厂,工艺员,机械工程 / 材料科学与工程 / 航空宇航科学与技术,硕士,1,山西长治,,2026-08-27,https://www.spacetalent.com.cn/jituan_xxx.html?id=9&positionId=132034490,2026-09-11 15:33:06
航天一院,五一九厂,管理会计,工商管理 / 计算机科学与技术,硕士,2,山西长治,,2026-08-27,https://www.spacetalent.com.cn/jituan_xxx.html?id=9&positionId=132034491,2026-09-11 15:33:06
航天一院,五一九厂,工艺员,控制科学与工程 / 机械工程 / 材料科学与工程,硕士,2,山西长治,,2026-08-27,https://www.spacetalent.com.cn/jituan_xxx.html?id=9&positionId=132034492,2026-09-11 15:33:06
航天一院,五一九厂,开发设计员,力学 / 化学工程与技术 / 机械工程,硕士,2,山西长治,,2026-08-27,https://www.spacetalent.com.cn/jituan_xxx.html?id=9&positionId=132034493,2026-09-11 15:33:06
航天一院,五一九厂,开发设计员,控制科学与工程 / 机械工程 / 电子信息,硕士,2,山西长治,,2026-08-27,https://www.spacetalent.com.cn/jituan_xxx.html?id=9&positionId=132034494,2026-09-11 15:33:06
航天一院,五一九厂,工艺员,控制科学与工程 / 机械工程 / 电子信息,硕士,4,山西长治,,2026-08-27,https://www.spacetalent.com.cn/jituan_xxx.html?id=9&positionId=132034495,2026-09-11 15:33:06
航天一院,五一九厂,开发设计员,控制科学与工程 / 机械工程 / 航空宇航科学与技术,硕士,2,山西长治,,2026-08-27,https://www.spacetalent.com.cn/jituan_xxx.html?id=9&positionId=132034496,2026-09-11 15:33:06
航天一院,五一九厂,工艺员,机械工程 / 材料科学与工程 / 航空宇航科学与技术,硕士,2,山西长治,,2026-08-27,https://www.spacetalent.com.cn/jituan_xxx.html?id=9&positionId=132034497,2026-09-11 15:33:06
航天一院,五一九厂,工艺员,机械工程 / 材料科学与工程 / 航空宇航科学与技术,硕士,2,山西长治,,2026-08-27,https://www.spacetalent.com.cn/jituan_xxx.html?id=9&positionId=132034498,2026-09-11 15:33:06
航天一院,五一九厂,开发设计员,控制科学与工程 / 机械工程 / 电气工程,硕士,2,山西长治,,2026-08-27,https://www.spacetalent.com.cn/jituan_xxx.html?id=9&positionId=132034499,2026-09-11 15:33:06
航天一院,五一九厂,动力技术员,控制科学与工程 / 机械工程 / 电气工程,硕士,1,山西长治,,2026-08-27,https://www.spacetalent.com.cn/jituan_xxx.html?id=9&positionId=132034500,2026-09-11 15:33:06
航天一院,五一九厂,开发设计员,化学工程与技术 / 机械工程 / 材料科学与工程,硕士,2,山西长治,,2026-08-27,https://www.spacetalent.com.cn/jituan_xxx.html?id=9&positionId=132034501,2026-09-11 15:33:06
航天一院,五一九厂,开发设计员,控制科学与工程 / 机械工程 / 电子信息,硕士,2,山西长治,,2026-08-27,https://www.spacetalent.com.cn/jituan_xxx.html?id=9&positionId=132034502,2026-09-11 15:33:06
航天一院,五一九厂,工艺员,控制科学与工程 / 机械工程 / 材料科学与工程,硕士,2,山西长治,,2026-08-27,https://www.spacetalent.com.cn/jituan_xxx.html?id=9&positionId=132034503,2026-09-11 15:33:06
航天一院,五一九厂,工艺员,机械工程 / 材料科学与工程 / 航空宇航科学与技术,硕士,1,山西长治,,2026-08-27,https://www.spacetalent.com.cn/jituan_xxx.html?id=9&positionId=132034504,2026-09-11 15:33:06
航天一院,五一九厂,开发设计员,控制科学与工程 / 机械工程 / 材料科学与工程,硕士,2,山西长治,,2026-08-27,https://www.spacetalent.com.cn/jituan_xxx.html?id=9&positionId=132034505,2026-09-11 15:33:06
航天一院,五一九厂,工艺员,化学工程与技术 / 机械工程 / 材料科学与工程,硕士,5,山西长治,,2026-08-27,https://www.spacetalent.com.cn/jituan_xxx.html?id=9&positionId=132034506,2026-09-11 15:33:06
航天一院,五一九厂,检验技术员,化学工程与技术 / 机械工程 / 材料科学与工程,硕士,2,山西长治,,2026-08-27,https://www.spacetalent.com.cn/jituan_xxx.html?id=9&positionId=132034507,2026-09-11 15:33:06
航天一院,五一九厂,工艺员,机械工程 / 材料科学与工程 / 电子信息,硕士,2,山西长治,,2026-08-27,https://www.spacetalent.com.cn/jituan_xxx.html?id=9&positionId=132034508,2026-09-11 15:33:06
航天一院,十八所,工艺员,控制科学与工程 / 机械工程 / 材料科学与工程,硕士及以上,1,北京,,2026-08-27,https://www.spacetalent.com.cn/jituan_xxx.html?id=9&positionId=132034509,2026-09-11 15:33:06
航天一院,十八所,工艺员,机械工程 / 材料科学与工程 / 航空宇航科学与技术,硕士及以上,1,北京,,2026-08-27,https://www.spacetalent.com.cn/jituan_xxx.html?id=9&positionId=132034510,2026-09-11 15:33:06
航天一院,十八所,工艺员,化学工程与技术 / 机械工程 / 材料科学与工程,硕士及以上,1,北京,,2026-08-27,https://www.spacetalent.com.cn/jituan_xxx.html?id=9&positionId=132034511,2026-09-11 15:33:06
航天一院,十八所,工艺员,控制科学与工程 / 机械工程 / 电气工程,硕士及以上,1,北京,,2026-08-27,https://www.spacetalent.com.cn/jituan_xxx.html?id=9&positionId=132034512,2026-09-11 15:33:06
航天一院,十八所,工艺员,机械工程 / 电子科学与技术 / 电气工程,硕士及以上,1,北京,,2026-08-27,https://www.spacetalent.com.cn/jituan_xxx.html?id=9&positionId=132034513,2026-09-11 15:33:06
航天一院,北京航天万源科技有限公司,稽核,工商管理 / 财务会计,本科,1,北京,,2026-08-27,https://www.spacetalent.com.cn/jituan_xxx.html?id=9&positionId=132034514,2026-09-11 15:33:06
航天一院,北京航天万源科技有限公司,微波设计,信息与通信工程 / 电子信息 / 电子科学与技术,硕士,1,北京,,2026-08-27,https://www.spacetalent.com.cn/jituan_xxx.html?id=9&positionId=132034515,2026-09-11 15:33:06
航天一院,北京航天万源科技有限公司,软件设计,信息与通信工程 / 电子科学与技术 / 计算机科学与技术,硕士,1,北京,,2026-08-27,https://www.spacetalent.com.cn/jituan_xxx.html?id=9&positionId=132034516,2026-09-11 15:33:06
航天一院,北京航天万源科技有限公司,电路设计III,信息与通信工程 / 电子信息 / 电子科学与技术,硕士,1,北京,,2026-08-27,https://www.spacetalent.com.cn/jituan_xxx.html?id=9&positionId=132034517,2026-09-11 15:33:06
航天一院,北京航天万源科技有限公司,电路设计III,仪器科学与技术 / 控制科学与工程 / 电子信息,硕士,1,北京,,2026-08-27,https://www.spacetalent.com.cn/jituan_xxx.html?id=9&positionId=132034518,2026-09-11 15:33:06
航天一院,北京航天万源科技有限公司,电路设计III,控制科学与工程 / 机械工程 / 电子信息,硕士,1,北京,,2026-08-27,https://www.spacetalent.com.cn/jituan_xxx.html?id=9&positionId=132034519,2026-09-11 15:33:06
航天一院,北京航天万源科技有限公司,工艺设计一岗,仪器科学与技术 / 材料科学与工程 / 电子科学与技术,硕士,1,北京,,2026-08-27,https://www.spacetalent.com.cn/jituan_xxx.html?id=9&positionId=132034520,2026-09-11 15:33:06
航天一院,北京航天万源科技有限公司,工艺设计一岗,机械工程 / 材料科学与工程 / 电子科学与技术,硕士,1,北京,,2026-08-27,https://www.spacetalent.com.cn/jituan_xxx.html?id=9&positionId=132034521,2026-09-11 15:33:06
航天一院,北京航天万源科技有限公司,工艺设计一岗,机械工程 / 电子信息 / 电子科学与技术,硕士,1,北京,,2026-08-27,https://www.spacetalent.com.cn/jituan_xxx.html?id=9&positionId=132034522,2026-09-11 15:33:06
航天一院,北京航天万源科技有限公司,工艺设计一岗,机械工程 / 电子信息 / 电子科学与技术,硕士,1,北京,,2026-08-27,https://www.spacetalent.com.cn/jituan_xxx.html?id=9&positionId=132034523,2026-09-11 15:33:06
航天一院,北京航天万源科技有限公司,集成设计,信息与通信工程 / 控制科学与工程 / 电子信息,硕士,1,北京,,2026-08-27,https://www.spacetalent.com.cn/jituan_xxx.html?id=9&positionId=132034524,2026-09-11 15:33:06
航天一院,北京航天万源科技有限公司,集成设计,控制科学与工程 / 机械工程 / 航空宇航科学与技术,硕士,1,北京,,2026-08-27,https://www.spacetalent.com.cn/jituan_xxx.html?id=9&positionId=132034525,2026-09-11 15:33:06
航天一院,北京航天万源科技有限公司,集成设计,信息与通信工程 / 控制科学与工程 / 电气工程,硕士,1,北京,,2026-08-27,https://www.spacetalent.com.cn/jituan_xxx.html?id=9&positionId=132034526,2026-09-11 15:33:06
航天一院,北京航天万源科技有限公司,软件设计,信息与通信工程 / 电子信息 / 计算机科学与技术,硕士,1,北京,,2026-08-27,https://www.spacetalent.com.cn/jituan_xxx.html?id=9&positionId=132034527,2026-09-11 15:33:06
航天一院,北京航天万源科技有限公司,软件设计,控制科学与工程 / 电子信息 / 计算机科学与技术,硕士,1,北京,,2026-08-27,https://www.spacetalent.com.cn/jituan_xxx.html?id=9&positionId=132034528,2026-09-11 15:33:06
航天一院,北京航天万源科技有限公司,设计助理,信息与通信工程 / 控制科学与工程 / 计算机科学与技术,本科,1,北京,,2026-08-27,https://www.spacetalent.com.cn/jituan_xxx.html?id=9&positionId=132034529,2026-09-11 15:33:06
航天一院,北京航天万源科技有限公司,设计助理,信息与通信工程 / 电子科学与技术 / 电气工程,本科,1,北京,,2026-08-27,https://www.spacetalent.com.cn/jituan_xxx.html?id=9&positionId=132034530,2026-09-11 15:33:06
航天一院,北京航天万源科技有限公司,系统设计,控制科学与工程 / 机械工程 / 电子科学与技术,硕士,1,北京,,2026-08-27,https://www.spacetalent.com.cn/jituan_xxx.html?id=9&positionId=132034531,2026-09-11 15:33:06
航天一院,北京航天万源科技有限公司,信息安全设计,电子信息 / 网络空间安全 / 计算机科学与技术,硕士,1,北京,,2026-08-27,https://www.spacetalent.com.cn/jituan_xxx.html?id=9&positionId=132034532,2026-09-11 15:33:06
航天一院,北京航天万源科技有限公司,软件设计,电子信息 / 计算机科学与技术 / 软件工程,硕士,1,北京,,2026-08-27,https://www.spacetalent.com.cn/jituan_xxx.html?id=9&positionId=132034533,2026-09-11 15:33:06
航天一院,北京航天万源科技有限公司,信息安全设计,信息与通信工程 / 网络空间安全 / 计算机科学与技术,硕士,1,北京,,2026-08-27,https://www.spacetalent.com.cn/jituan_xxx.html?id=9&positionId=132034534,2026-09-11 15:33:06
航天一院,北京航天万源科技有限公司,电路设计,控制科学与工程 / 电子科学与技术 / 电气工程,硕士,1,北京,,2026-08-27,https://www.spacetalent.com.cn/jituan_xxx.html?id=9&positionId=132034535,2026-09-11 15:33:06
航天一院,北京航天万源科技有限公司,电路设计,电子信息 / 电子科学与技术 / 电气工程,硕士,1,北京,,2026-08-27,https://www.spacetalent.com.cn/jituan_xxx.html?id=9&positionId=132034536,2026-09-11 15:33:06
航天一院,北京航天万源科技有限公司,软件工程师II,电子信息 / 计算机科学与技术 / 软件工程,硕士,1,北京,,2026-08-27,https://www.spacetalent.com.cn/jituan_xxx.html?id=9&positionId=132034537,2026-09-11 15:33:06
航天一院,北京航天万源科技有限公司,软件工程师II,控制科学与工程 / 电子信息 / 计算机科学与技术,硕士,1,北京,,2026-08-27,https://www.spacetalent.com.cn/jituan_xxx.html?id=9&positionId=132034538,2026-09-11 15:33:06
航天一院,北京航天万源科技有限公司,软件工程师II,电子信息 / 计算机科学与技术 / 软件工程,硕士,1,北京,,2026-08-27,https://www.spacetalent.com.cn/jituan_xxx.html?id=9&positionId=132034539,2026-09-11 15:33:06
航天一院,北京航天万源科技有限公司,软件工程师II,电子信息 / 计算机科学与技术 / 软件工程,硕士,1,北京,,2026-08-27,https://www.spacetalent.com.cn/jituan_xxx.html?id=9&positionId=132034540,2026-09-11 15:33:06
航天一院,航天万源实业有限公司,技术岗,计算机科学与技术 / 计算机,硕士,2,北京,,2026-08-27,https://www.spacetalent.com.cn/jituan_xxx.html?id=9&positionId=132034541,2026-09-11 15:33:06
航天一院,航天万源实业有限公司,设计员,土木工程 / 电气工程,硕士,2,北京,,2026-08-27,https://www.spacetalent.com.cn/jituan_xxx.html?id=9&positionId=132034542,2026-09-11 15:33:06
航天一院,航天万源实业有限公司,基地保障岗,计算机科学与技术 / 计算机,硕士,2,北京,,2026-08-27,https://www.spacetalent.com.cn/jituan_xxx.html?id=9&positionId=132034543,2026-09-11 15:33:06
航天一院,航天万源实业有限公司,二级核算,计算机 / 软件工程,本科,1,北京,,2026-08-27,https://www.spacetalent.com.cn/jituan_xxx.html?id=9&positionId=132034544,2026-09-11 15:33:06
航天一院,航天万源实业有限公司,二级核算,计算机科学与技术 / 软件工程,本科,1,北京,,2026-08-27,https://www.spacetalent.com.cn/jituan_xxx.html?id=9&positionId=132034545,2026-09-11 15:33:06
航天一院,中国长征火箭有限公司,电气设计岗,信息与通信工程 / 计算机科学与技术 / 软件工程,硕士及以上,2,北京,,2026-08-27,https://www.spacetalent.com.cn/jituan_xxx.html?id=9&positionId=132034546,2026-09-11 15:33:06
航天一院,中国长征火箭有限公司,电气设计岗,仪器科学与技术 / 控制科学与工程 / 电子科学与技术,硕士及以上,3,北京,,2026-08-27,https://www.spacetalent.com.cn/jituan_xxx.html?id=9&positionId=132034547,2026-09-11 15:33:06
航天一院,中国长征火箭有限公司,产品质量主管,安全科学与工程 / 航空宇航科学与技术,硕士,1,北京,,2026-08-27,https://www.spacetalent.com.cn/jituan_xxx.html?id=9&positionId=132034548,2026-09-11 15:33:06
航天一院,中国长征火箭有限公司,测试技术岗,控制科学与工程 / 机械工程 / 能源动力,硕士,20,海南海口,,2026-08-27,https://www.spacetalent.com.cn/jituan_xxx.html?id=9&positionId=132034549,2026-09-11 15:33:06
航天一院,中国长征火箭有限公司,动力设计岗,力学 / 动力工程及工程热物理 / 航空宇航科学与技术,硕士及以上,2,北京,,2026-08-27,https://www.spacetalent.com.cn/jituan_xxx.html?id=9&positionId=132034550,2026-09-11 15:33:06
航天一院,中国长征火箭有限公司,运维管理岗,控制科学与工程 / 机械工程,本科,1,海南海口,,2026-08-27,https://www.spacetalent.com.cn/jituan_xxx.html?id=9&positionId=132034551,2026-09-11 15:33:06
航天一院,中国长征火箭有限公司,投融资与业务财务主管,工商管理 / 应用经济学 / 财务会计,硕士,1,北京,,2026-08-27,https://www.spacetalent.com.cn/jituan_xxx.html?id=9&positionId=132034552,2026-09-11 15:33:06
航天一院,中国长征火箭有限公司,信息化管理岗,电子科学与技术 / 计算机科学与技术 / 软件工程,硕士,1,海南海口,,2026-08-27,https://www.spacetalent.com.cn/jituan_xxx.html?id=9&positionId=132034553,2026-09-11 15:33:06
航天一院,中国长征火箭有限公司,总体设计岗,力学 / 航空宇航科学与技术,硕士及以上,2,北京,,2026-08-27,https://www.spacetalent.com.cn/jituan_xxx.html?id=9&positionId=132034554,2026-09-11 15:33:06
航天一院,中国长征火箭有限公司,总体设计岗,控制科学与工程 / 航空宇航科学与技术 / 计算机科学与技术,硕士及以上,2,北京,,2026-08-27,https://www.spacetalent.com.cn/jituan_xxx.html?id=9&positionId=132034555,2026-09-11 15:33:06
航天一院,中国长征火箭有限公司,总体设计岗,电子科学与技术 / 计算机科学与技术 / 软件工程,硕士及以上,2,北京,,2026-08-27,https://www.spacetalent.com.cn/jituan_xxx.html?id=9&positionId=132034556,2026-09-11 15:33:06
航天一院,中国长征火箭有限公司,总体设计岗,控制科学与工程 / 航空宇航科学与技术 / 计算机科学与技术,硕士,1,北京,,2026-08-27,https://www.spacetalent.com.cn/jituan_xxx.html?id=9&positionId=132034557,2026-09-11 15:33:06
航天一院,中国长征火箭有限公司,动力设计岗,力学 / 动力工程及工程热物理 / 计算机科学与技术,硕士及以上,2,北京,,2026-08-27,https://www.spacetalent.com.cn/jituan_xxx.html?id=9&positionId=132034558,2026-09-11 15:33:06
航天一院,中国长征火箭有限公司,综合管理岗,工商管理 / 财务会计 / 金融,硕士,1,海南海口,,2026-08-27,https://www.spacetalent.com.cn/jituan_xxx.html?id=9&positionId=132034559,2026-09-11 15:33:06
航天一院,中国长征火箭有限公司,动力设计岗,力学 / 机械工程 / 航空宇航科学与技术,硕士及以上,2,北京,,2026-08-27,https://www.spacetalent.com.cn/jituan_xxx.html?id=9&positionId=132034560,2026-09-11 15:33:06
航天一院,中国长征火箭有限公司,结构设计岗,力学 / 机械工程 / 航空宇航科学与技术,硕士及以上,7,北京,,2026-08-27,https://www.spacetalent.com.cn/jituan_xxx.html?id=9&positionId=132034561,2026-09-11 15:33:06
航天一院,中国长征火箭有限公司,电气设计岗,信息与通信工程 / 控制科学与工程 / 电子科学与技术,硕士及以上,2,北京,,2026-08-27,https://www.spacetalent.com.cn/jituan_xxx.html?id=9&positionId=132034562,2026-09-11 15:33:06
航天一院,中国长征火箭有限公司,安全生产主管,公共管理 / 安全 / 工商管理,硕士,1,北京,,2026-08-27,https://www.spacetalent.com.cn/jituan_xxx.html?id=9&positionId=132034563,2026-09-11 15:33:06
航天一院,航天长征化学工程股份有限公司,设计岗,化学工程与技术,硕士及以上,1,北京,,2026-08-27,https://www.spacetalent.com.cn/jituan_xxx.html?id=9&positionId=132034564,2026-09-11 15:33:06
航天一院,航天长征化学工程股份有限公司,研发设计岗,冶金工程 / 化学工程与技术,硕士,3,北京,,2026-08-27,https://www.spacetalent.com.cn/jituan_xxx.html?id=9&positionId=132034565,2026-09-11 15:33:06
航天一院,航天长征化学工程股份有限公司,设计岗,动力工程及工程热物理,硕士,2,北京,,2026-08-27,https://www.spacetalent.com.cn/jituan_xxx.html?id=9&positionId=132034566,2026-09-11 15:33:06
航天一院,航天长征化学工程股份有限公司,设计岗,动力工程及工程热物理 / 能源动力,硕士及以上,2,北京,,2026-08-27,https://www.spacetalent.com.cn/jituan_xxx.html?id=9&positionId=132034567,2026-09-11 15:33:06
航天一院,航天长征化学工程股份有限公司,设计员,冶金工程 / 化学工程与技术,硕士及以上,1,北京,,2026-08-27,https://www.spacetalent.com.cn/jituan_xxx.html?id=9&positionId=132034568,2026-09-11 15:33:06
航天一院,航天长征化学工程股份有限公司,设计岗,仪器科学与技术 / 控制科学与工程 / 电气工程,硕士,2,北京,,2026-08-27,https://www.spacetalent.com.cn/jituan_xxx.html?id=9&positionId=132034569,2026-09-11 15:33:06
航天一院,航天长征化学工程股份有限公司,设计岗,力学 / 土木工程,硕士及以上,2,北京,,2026-08-27,https://www.spacetalent.com.cn/jituan_xxx.html?id=9&positionId=132034570,2026-09-11 15:33:06
航天一院,航天长征化学工程股份有限公司,研发设计岗,化学工程与技术 / 化学 / 机械工程,硕士,2,北京,,2026-08-27,https://www.spacetalent.com.cn/jituan_xxx.html?id=9&positionId=132034571,2026-09-11 15:33:06
航天一院,航天长征化学工程股份有限公司,设计岗位,动力工程及工程热物理 / 化学工程与技术 / 环境科学与工程,硕士及以上,3,北京,,2026-08-27,https://www.spacetalent.com.cn/jituan_xxx.html?id=9&positionId=132034572,2026-09-11 15:33:06
航天一院,航天长征化学工程股份有限公司,设计岗,动力工程及工程热物理 / 化学工程与技术,硕士及以上,3,北京,,2026-08-27,https://www.spacetalent.com.cn/jituan_xxx.html?id=9&positionId=132034573,2026-09-11 15:33:06
航天一院,航天长征化学工程股份有限公司,设计岗,机械工程,硕士及以上,4,北京,,2026-08-27,https://www.spacetalent.com.cn/jituan_xxx.html?id=9&positionId=132034574,2026-09-11 15:33:06
航天一院,泰安航天特种车有限公司,技术员（质量、检验方向）,仪器科学与技术 / 工业工程 / 机械工程,本科及以上,4,山东泰安,,2026-08-27,https://www.spacetalent.com.cn/jituan_xxx.html?id=9&positionId=132034575,2026-09-11 15:33:06
航天一院,泰安航天特种车有限公司,技术员（基础技术方向）,机械工程 / 材料科学与工程 / 电气,本科及以上,9,山东泰安,,2026-08-27,https://www.spacetalent.com.cn/jituan_xxx.html?id=9&positionId=132034576,2026-09-11 15:33:06
航天一院,泰安航天特种车有限公司,技术员（专业研究方向）,控制科学与工程 / 机械工程 / 能源动力,硕士,6,山东泰安,,2026-08-27,https://www.spacetalent.com.cn/jituan_xxx.html?id=9&positionId=132034577,2026-09-11 15:33:06
航天一院,泰安航天特种车有限公司,技术员（专业研究方向）,力学 / 电气工程 / 计算机科学与技术,硕士,5,山东泰安,,2026-08-27,https://www.spacetalent.com.cn/jituan_xxx.html?id=9&positionId=132034578,2026-09-11 15:33:06
航天一院,泰安航天特种车有限公司,技术员（生产、采购方向）,工业工程 / 机械工程 / 物流管理与工程,本科及以上,5,山东泰安,,2026-08-27,https://www.spacetalent.com.cn/jituan_xxx.html?id=9&positionId=132034579,2026-09-11 15:33:06
航天一院,泰安航天特种车有限公司,技术员（专业研究方向）,机械工程 / 材料科学与工程 / 计算机科学与技术,硕士,15,山东泰安,,2026-08-27,https://www.spacetalent.com.cn/jituan_xxx.html?id=9&positionId=132034580,2026-09-11 15:33:06
航天一院,泰安航天特种车有限公司,成本费用核算员,工商管理 / 物流管理与工程 / 管理科学与工程,硕士,1,山东泰安,,2026-08-27,https://www.spacetalent.com.cn/jituan_xxx.html?id=9&positionId=132034581,2026-09-11 15:33:06
航天一院,研究发展中心,装备智能架构设计,控制科学与工程 / 计算机科学与技术 / 软件工程,硕士及以上,1,北京,,2026-08-27,https://www.spacetalent.com.cn/jituan_xxx.html?id=9&positionId=132034582,2026-09-11 15:33:06
航天一院,研究发展中心,智能算法设计与开发,控制科学与工程 / 航空宇航科学与技术 / 计算机科学与技术,硕士及以上,1,北京,,2026-08-27,https://www.spacetalent.com.cn/jituan_xxx.html?id=9&positionId=132034583,2026-09-11 15:33:06
航天一院,研究发展中心,制导与控制设计,航空宇航科学与技术,硕士及以上,2,北京,,2026-08-27,https://www.spacetalent.com.cn/jituan_xxx.html?id=9&positionId=132034584,2026-09-11 15:33:06
航天一院,研究发展中心,智能规划与决策设计,控制科学与工程 / 电子科学与技术 / 航空宇航科学与技术,硕士及以上,1,北京,,2026-08-27,https://www.spacetalent.com.cn/jituan_xxx.html?id=9&positionId=132034585,2026-09-11 15:33:06
航天一院,研究发展中心,系统设计与评估,控制科学与工程 / 电子科学与技术 / 航空宇航科学与技术,硕士及以上,1,北京,,2026-08-27,https://www.spacetalent.com.cn/jituan_xxx.html?id=9&positionId=132034586,2026-09-11 15:33:06
航天一院,研究发展中心,具身智能系统应用设计,控制科学与工程 / 计算机科学与技术 / 软件工程,硕士及以上,1,北京,,2026-08-27,https://www.spacetalent.com.cn/jituan_xxx.html?id=9&positionId=132034587,2026-09-11 15:33:06
航天一院,研究发展中心,网电对抗设计,信息与通信工程 / 电子科学与技术 / 计算机科学与技术,硕士及以上,1,北京,,2026-08-27,https://www.spacetalent.com.cn/jituan_xxx.html?id=9&positionId=132034588,2026-09-11 15:33:06
航天一院,研究发展中心,目标探测与通信,信息与通信工程 / 电子科学与技术 / 船舶与海洋工程,硕士及以上,2,北京,,2026-08-27,https://www.spacetalent.com.cn/jituan_xxx.html?id=9&positionId=132034589,2026-09-11 15:33:06
航天一院,研究发展中心,安全生产管理,安全科学与工程,硕士及以上,1,北京,,2026-08-27,https://www.spacetalent.com.cn/jituan_xxx.html?id=9&positionId=132034590,2026-09-11 15:33:06
航天一院,研究发展中心,宽域气动推进一体化设计,力学 / 动力工程及工程热物理 / 航空宇航科学与技术,硕士及以上,1,北京,,2026-08-27,https://www.spacetalent.com.cn/jituan_xxx.html?id=9&positionId=132034591,2026-09-11 15:33:06
航天一院,研究发展中心,智能算法设计与开发,信息与通信工程 / 控制科学与工程 / 计算机科学与技术,硕士及以上,1,北京,,2026-08-27,https://www.spacetalent.com.cn/jituan_xxx.html?id=9&positionId=132034592,2026-09-11 15:33:06
航天一院,研究发展中心,先进推进系统设计,力学 / 动力工程及工程热物理 / 航空宇航科学与技术,硕士及以上,1,北京,,2026-08-27,https://www.spacetalent.com.cn/jituan_xxx.html?id=9&positionId=132034593,2026-09-11 15:33:06
航天一院,研究发展中心,信息网络设计,信息与通信工程 / 电子科学与技术 / 计算机科学与技术,硕士及以上,1,北京,,2026-08-27,https://www.spacetalent.com.cn/jituan_xxx.html?id=9&positionId=132034594,2026-09-11 15:33:06
航天一院,研究发展中心,先进推进系统设计,力学 / 动力工程及工程热物理 / 航空宇航科学与技术,硕士及以上,1,北京,,2026-08-27,https://www.spacetalent.com.cn/jituan_xxx.html?id=9&positionId=132034595,2026-09-11 15:33:06
航天四院,四院本级,技术论证岗和市场开发岗,力学 / 动力工程及工程热物理 / 航空宇航科学与技术,硕士及以上,1,陕西西安,,2026-08-27,https://www.spacetalent.com.cn/jituan_xxx.html?id=29&positionId=132034596,2026-09-11 15:33:06
航天四院,四院本级,技术论证岗和市场开发岗,化学工程与技术 / 机械 / 材料,硕士及以上,1,陕西西安,,2026-08-27,https://www.spacetalent.com.cn/jituan_xxx.html?id=29&positionId=132034597,2026-09-11 15:33:06
航天四院,陕西中天火箭技术股份有限公司,电气系统工程师,电子信息 / 电气工程 / 自动化,硕士,1,陕西西安,,2026-08-27,https://www.spacetalent.com.cn/jituan_xxx.html?id=29&positionId=132034598,2026-09-11 15:33:06
航天四院,陕西中天火箭技术股份有限公司,市场营销,工业工程 / 工商管理 / 航空宇航科学与技术,硕士,1,陕西西安,,2026-08-27,https://www.spacetalent.com.cn/jituan_xxx.html?id=29&positionId=132034599,2026-09-11 15:33:06
航天四院,陕西中天火箭技术股份有限公司,火箭总体设计工程师,兵器科学与技术 / 航空宇航科学与技术 / 航空航天,硕士,1,陕西西安,,2026-08-27,https://www.spacetalent.com.cn/jituan_xxx.html?id=29&positionId=132034600,2026-09-11 15:33:06
航天四院,陕西中天火箭技术股份有限公司,固体火箭发动机设计工程师,动力工程及工程热物理 / 航空宇航科学与技术 / 航空航天,硕士,1,陕西西安,,2026-08-27,https://www.spacetalent.com.cn/jituan_xxx.html?id=29&positionId=132034601,2026-09-11 15:33:06
航天四院,陕西中天火箭技术股份有限公司,嵌入式系统设计工程师,仪器科学与技术 / 电子信息 / 电子科学与技术,硕士,2,陕西西安,,2026-08-27,https://www.spacetalent.com.cn/jituan_xxx.html?id=29&positionId=132034602,2026-09-11 15:33:06
航天四院,陕西中天火箭技术股份有限公司,人工智能应用工程师,信息与通信工程 / 电子信息 / 计算机,硕士,1,陕西西安,,2026-08-27,https://www.spacetalent.com.cn/jituan_xxx.html?id=29&positionId=132034603,2026-09-11 15:33:06
航天四院,陕西中天火箭技术股份有限公司,结构设计工程师,兵器科学与技术 / 机械工程 / 航空宇航科学与技术,硕士,1,陕西西安,,2026-08-27,https://www.spacetalent.com.cn/jituan_xxx.html?id=29&positionId=132034604,2026-09-11 15:33:06
航天四院,陕西中天火箭技术股份有限公司,材料工程师,冶金工程 / 材料 / 非金属材料,硕士,2,陕西西安,,2026-08-27,https://www.spacetalent.com.cn/jituan_xxx.html?id=29&positionId=132034605,2026-09-11 15:33:06
航天四院,西安航天动力技术研究所,飞行器制导与控制技术,控制科学与工程,硕士,1,陕西西安,,2026-08-27,https://www.spacetalent.com.cn/jituan_xxx.html?id=29&positionId=132034606,2026-09-11 15:33:06
航天四院,西安航天动力技术研究所,(冲压组合动力技术)结构与热结构设计技术,力学 / 动力工程及工程热物理 / 航空宇航科学与技术,博士,1,陕西西安,,2026-08-27,https://www.spacetalent.com.cn/jituan_xxx.html?id=29&positionId=132034607,2026-09-11 15:33:06
航天四院,西安航天动力技术研究所,新闻宣传,新闻传播学,硕士,1,陕西西安,,2026-08-27,https://www.spacetalent.com.cn/jituan_xxx.html?id=29&positionId=132034608,2026-09-11 15:33:06
航天四院,西安航天动力技术研究所,装药结构设计技术,航空宇航科学与技术,硕士,3,陕西西安,,2026-08-27,https://www.spacetalent.com.cn/jituan_xxx.html?id=29&positionId=132034609,2026-09-11 15:33:06
航天四院,西安航天动力技术研究所,装药结构设计技术,材料科学与工程,博士,1,陕西西安,,2026-08-27,https://www.spacetalent.com.cn/jituan_xxx.html?id=29&positionId=132034610,2026-09-11 15:33:06
航天四院,西安航天动力技术研究所,壳体设计技术,力学,博士,1,陕西西安,,2026-08-27,https://www.spacetalent.com.cn/jituan_xxx.html?id=29&positionId=132034611,2026-09-11 15:33:06
航天四院,西安航天动力技术研究所,喷管设计技术,力学,硕士,1,陕西西安,,2026-08-27,https://www.spacetalent.com.cn/jituan_xxx.html?id=29&positionId=132034612,2026-09-11 15:33:06
航天四院,西安航天动力技术研究所,喷管设计技术,机械工程 / 航空宇航科学与技术,博士,1,陕西西安,,2026-08-27,https://www.spacetalent.com.cn/jituan_xxx.html?id=29&positionId=132034613,2026-09-11 15:33:06
航天四院,西安航天动力技术研究所,喷管设计技术,动力工程及工程热物理,博士,1,陕西西安,,2026-08-27,https://www.spacetalent.com.cn/jituan_xxx.html?id=29&positionId=132034614,2026-09-11 15:33:06
航天四院,西安航天动力技术研究所,喷管设计技术,力学,博士,1,陕西西安,,2026-08-27,https://www.spacetalent.com.cn/jituan_xxx.html?id=29&positionId=132034615,2026-09-11 15:33:06
航天四院,西安航天动力技术研究所,喷管设计技术,航空宇航科学与技术,硕士,1,陕西西安,,2026-08-27,https://www.spacetalent.com.cn/jituan_xxx.html?id=29&positionId=132034616,2026-09-11 15:33:06
航天四院,西安航天动力技术研究所,装药结构设计技术,动力工程及工程热物理 / 航空宇航科学与技术,博士,1,陕西西安,,2026-08-27,https://www.spacetalent.com.cn/jituan_xxx.html?id=29&positionId=132034617,2026-09-11 15:33:06
航天四院,西安航天动力技术研究所,壳体设计技术,力学,硕士,2,陕西西安,,2026-08-27,https://www.spacetalent.com.cn/jituan_xxx.html?id=29&positionId=132034618,2026-09-11 15:33:06
航天四院,西安航天动力技术研究所,装药结构设计技术,力学,博士,1,陕西西安,,2026-08-27,https://www.spacetalent.com.cn/jituan_xxx.html?id=29&positionId=132034619,2026-09-11 15:33:06
航天四院,西安航天动力技术研究所,使役性能与健康管理技术,力学 / 材料科学与工程 / 航空宇航科学与技术,硕士,2,陕西西安,,2026-08-27,https://www.spacetalent.com.cn/jituan_xxx.html?id=29&positionId=132034620,2026-09-11 15:33:06
航天四院,西安航天动力技术研究所,发动机调节控制技术,力学 / 控制科学与工程 / 机械工程,硕士,1,陕西西安,,2026-08-27,https://www.spacetalent.com.cn/jituan_xxx.html?id=29&positionId=132034621,2026-09-11 15:33:06
航天四院,西安航天动力技术研究所,壳体设计技术,力学 / 航空宇航科学与技术,博士,1,陕西西安,,2026-08-27,https://www.spacetalent.com.cn/jituan_xxx.html?id=29&positionId=132034622,2026-09-11 15:33:06
航天四院,西安航天动力技术研究所,固体火箭发动机总体设计技术,航空宇航科学与技术,博士,1,陕西西安,,2026-08-27,https://www.spacetalent.com.cn/jituan_xxx.html?id=29&positionId=132034623,2026-09-11 15:33:06
航天四院,西安航天动力技术研究所,装药结构设计技术,航空宇航科学与技术,博士,1,陕西西安,,2026-08-27,https://www.spacetalent.com.cn/jituan_xxx.html?id=29&positionId=132034624,2026-09-11 15:33:06
航天四院,西安航天动力技术研究所,传热与烧蚀研究,机械工程 / 材料科学与工程 / 航空宇航科学与技术,博士,1,陕西西安,,2026-08-27,https://www.spacetalent.com.cn/jituan_xxx.html?id=29&positionId=132034625,2026-09-11 15:33:06
航天四院,西安航天动力技术研究所,(冲压组合动力技术)气动与性能设计技术,动力工程及工程热物理 / 航空宇航科学与技术,硕士,1,陕西西安,,2026-08-27,https://www.spacetalent.com.cn/jituan_xxx.html?id=29&positionId=132034626,2026-09-11 15:33:06
航天四院,西安航天动力技术研究所,(发动机调节控制技术)调节机构与控制设计技术,力学 / 动力工程及工程热物理 / 机械工程,博士,1,陕西西安,,2026-08-27,https://www.spacetalent.com.cn/jituan_xxx.html?id=29&positionId=132034627,2026-09-11 15:33:06
航天四院,西安航天动力技术研究所,(发动机调节控制技术)发动机控制系统设计技术,仪器科学与技术 / 控制科学与工程,硕士,2,陕西西安,,2026-08-27,https://www.spacetalent.com.cn/jituan_xxx.html?id=29&positionId=132034628,2026-09-11 15:33:06
航天四院,西安航天动力技术研究所,(冲压组合动力技术)性能与装药设计技术,航空宇航科学与技术,硕士,1,陕西西安,,2026-08-27,https://www.spacetalent.com.cn/jituan_xxx.html?id=29&positionId=132034629,2026-09-11 15:33:06
航天四院,西安航天动力技术研究所,系统仿真与总体测试技术,控制科学与工程,硕士,1,陕西西安,,2026-08-27,https://www.spacetalent.com.cn/jituan_xxx.html?id=29&positionId=132034630,2026-09-11 15:33:06
航天四院,西安航天动力技术研究所,总体技术,航空宇航科学与技术,硕士,1,陕西西安,,2026-08-27,https://www.spacetalent.com.cn/jituan_xxx.html?id=29&positionId=132034631,2026-09-11 15:33:06
航天四院,西安航天动力技术研究所,系统仿真与总体测试技术,控制科学与工程,硕士,1,陕西西安,,2026-08-27,https://www.spacetalent.com.cn/jituan_xxx.html?id=29&positionId=132034632,2026-09-11 15:33:06
航天四院,西安航天动力技术研究所,飞行器结构总体技术,力学 / 机械工程,硕士,2,陕西西安,,2026-08-27,https://www.spacetalent.com.cn/jituan_xxx.html?id=29&positionId=132034633,2026-09-11 15:33:06
航天四院,西安航天动力技术研究所,遥测遥控总体设计,信息与通信工程 / 电子科学与技术,硕士,1,陕西西安,,2026-08-27,https://www.spacetalent.com.cn/jituan_xxx.html?id=29&positionId=132034634,2026-09-11 15:33:06
航天四院,西安航天动力技术研究所,计算机技术,信息与通信工程 / 电子科学与技术 / 计算机科学与技术,硕士,1,陕西西安,,2026-08-27,https://www.spacetalent.com.cn/jituan_xxx.html?id=29&positionId=132034635,2026-09-11 15:33:06
航天四院,西安航天动力技术研究所,网络与信息安全运维,网络空间安全,硕士,1,陕西西安,,2026-08-27,https://www.spacetalent.com.cn/jituan_xxx.html?id=29&positionId=132034636,2026-09-11 15:33:06
航天四院,西安航天动力技术研究所,软件开发,计算机科学与技术,硕士,1,陕西西安,,2026-08-27,https://www.spacetalent.com.cn/jituan_xxx.html?id=29&positionId=132034637,2026-09-11 15:33:06
航天四院,西安航天动力技术研究所,固体火箭发动机总体设计技术,动力工程及工程热物理,博士,1,陕西西安,,2026-08-27,https://www.spacetalent.com.cn/jituan_xxx.html?id=29&positionId=132034638,2026-09-11 15:33:06
航天四院,西安航天动力技术研究所,安全点火设计技术/直列式点火设计技术/安全自毁设计技术,兵器科学与技术 / 机械工程,硕士,2,陕西西安,,2026-08-27,https://www.spacetalent.com.cn/jituan_xxx.html?id=29&positionId=132034639,2026-09-11 15:33:06
航天四院,西安航天动力技术研究所,安全点火设计技术/直列式点火设计技术/安全自毁设计技术,兵器科学与技术 / 机械工程,博士,1,陕西西安,,2026-08-27,https://www.spacetalent.com.cn/jituan_xxx.html?id=29&positionId=132034640,2026-09-11 15:33:06
航天四院,西安航天动力技术研究所,装药结构设计技术,力学,硕士,2,陕西西安,,2026-08-27,https://www.spacetalent.com.cn/jituan_xxx.html?id=29&positionId=132034641,2026-09-11 15:33:06
航天四院,西安航天动力技术研究所,装药结构设计技术,动力工程及工程热物理,博士,1,陕西西安,,2026-08-27,https://www.spacetalent.com.cn/jituan_xxx.html?id=29&positionId=132034642,2026-09-11 15:33:06
航天四院,西安航天动力技术研究所,壳体设计技术,机械工程,博士,1,陕西西安,,2026-08-27,https://www.spacetalent.com.cn/jituan_xxx.html?id=29&positionId=132034643,2026-09-11 15:33:06
航天四院,西安航天动力技术研究所,发动机数字化设计与仿真技术,力学 / 数学 / 机械工程,硕士,1,陕西西安,,2026-08-27,https://www.spacetalent.com.cn/jituan_xxx.html?id=29&positionId=132034644,2026-09-11 15:33:06
航天四院,西安航天动力技术研究所,发动机数字化设计与仿真技术,力学 / 数学 / 航空宇航科学与技术,硕士,1,陕西西安,,2026-08-27,https://www.spacetalent.com.cn/jituan_xxx.html?id=29&positionId=132034645,2026-09-11 15:33:06
航天四院,西安航天动力技术研究所,发动机数字化设计与仿真技术,力学 / 动力工程及工程热物理 / 机械工程,博士,1,陕西西安,,2026-08-27,https://www.spacetalent.com.cn/jituan_xxx.html?id=29&positionId=132034646,2026-09-11 15:33:06
航天四院,西安航天动力技术研究所,发动机数字化设计与仿真技术,力学 / 机械工程 / 航空宇航科学与技术,博士,1,陕西西安,,2026-08-27,https://www.spacetalent.com.cn/jituan_xxx.html?id=29&positionId=132034647,2026-09-11 15:33:06
航天四院,西安航天动力技术研究所,发动机数字化设计与仿真技术,力学 / 数学,博士,1,陕西西安,,2026-08-27,https://www.spacetalent.com.cn/jituan_xxx.html?id=29&positionId=132034648,2026-09-11 15:33:06
航天四院,西安航天动力技术研究所,可靠性技术,控制科学与工程 / 数学,硕士,2,陕西西安,,2026-08-27,https://www.spacetalent.com.cn/jituan_xxx.html?id=29&positionId=132034649,2026-09-11 15:33:06
航天四院,西安航天动力技术研究所,装药结构设计技术,航空宇航科学与技术,硕士,1,陕西西安,,2026-08-27,https://www.spacetalent.com.cn/jituan_xxx.html?id=29&positionId=132034650,2026-09-11 15:33:06
航天四院,湖北航天化学技术研究所,应用系统建设与信息安全防护,电子信息 / 计算机科学与技术 / 软件工程,硕士及以上,5,湖北襄阳,,2026-08-27,https://www.spacetalent.com.cn/jituan_xxx.html?id=29&positionId=132034651,2026-09-11 15:33:06
航天四院,湖北航天化学技术研究所,固体推进剂技术研究,力学 / 化学工程与技术 / 材料科学与工程,博士,1,湖北襄阳,,2026-08-27,https://www.spacetalent.com.cn/jituan_xxx.html?id=29&positionId=132034652,2026-09-11 15:33:06
航天四院,湖北航天化学技术研究所,发生器设计,航空宇航科学与技术,硕士,1,湖北襄阳,,2026-08-27,https://www.spacetalent.com.cn/jituan_xxx.html?id=29&positionId=132034653,2026-09-11 15:33:06
航天四院,湖北航天化学技术研究所,产品工程师,化学工程与技术 / 机械工程 / 材料科学与工程,硕士,5,湖北襄阳,,2026-08-27,https://www.spacetalent.com.cn/jituan_xxx.html?id=29&positionId=132034654,2026-09-11 15:33:06
航天四院,湖北航天化学技术研究所,固体推进剂贮存性能研究与寿命评估技术,兵器科学与技术 / 化学工程与技术 / 材料科学与工程,硕士,1,湖北襄阳,,2026-08-27,https://www.spacetalent.com.cn/jituan_xxx.html?id=29&positionId=132034655,2026-09-11 15:33:06
航天四院,湖北航天化学技术研究所,火工品自动化产线设计,信息与通信工程 / 化学工程与技术 / 机械工程,博士,1,湖北襄阳,,2026-08-27,https://www.spacetalent.com.cn/jituan_xxx.html?id=29&positionId=132034656,2026-09-11 15:33:06
航天四院,湖北航天化学技术研究所,智能装备控制系统研发,信息与通信工程 / 控制科学与工程 / 计算机科学与技术,硕士及以上,2,湖北襄阳,,2026-08-27,https://www.spacetalent.com.cn/jituan_xxx.html?id=29&positionId=132034657,2026-09-11 15:33:06
航天四院,湖北航天化学技术研究所,智能装备结构设计,化学工程与技术 / 机械工程 / 航空宇航科学与技术,硕士,3,湖北襄阳,,2026-08-27,https://www.spacetalent.com.cn/jituan_xxx.html?id=29&positionId=132034658,2026-09-11 15:33:06
航天四院,湖北航天化学技术研究所,智能装备设计与研发,航空宇航科学与技术,硕士,2,湖北襄阳,,2026-08-27,https://www.spacetalent.com.cn/jituan_xxx.html?id=29&positionId=132034659,2026-09-11 15:33:06
航天四院,湖北航天化学技术研究所,大数据与仿真技术,力学 / 数学 / 计算机科学与技术,硕士及以上,3,湖北襄阳,,2026-08-27,https://www.spacetalent.com.cn/jituan_xxx.html?id=29&positionId=132034660,2026-09-11 15:33:06
航天四院,湖北航天化学技术研究所,保卫管理,工商管理 / 管理科学与工程 / 网络空间安全,硕士,1,湖北襄阳,,2026-08-27,https://www.spacetalent.com.cn/jituan_xxx.html?id=29&positionId=132034661,2026-09-11 15:33:06
航天四院,湖北航天化学技术研究所,智能装备设计与研发,信息与通信工程 / 控制科学与工程 / 电子信息,博士,1,湖北襄阳,,2026-08-27,https://www.spacetalent.com.cn/jituan_xxx.html?id=29&positionId=132034662,2026-09-11 15:33:06
航天四院,湖北航天化学技术研究所,含能材料工艺研究,兵器科学与技术 / 化学 / 材料科学与工程,博士,1,湖北襄阳,,2026-08-27,https://www.spacetalent.com.cn/jituan_xxx.html?id=29&positionId=132034663,2026-09-11 15:33:06
航天四院,湖北航天化学技术研究所,固态电池系统设计,机械工程 / 电子信息 / 软件工程,硕士,1,湖北襄阳,,2026-08-27,https://www.spacetalent.com.cn/jituan_xxx.html?id=29&positionId=132034664,2026-09-11 15:33:06
航天四院,湖北航天化学技术研究所,前沿推进技术研究,兵器科学与技术 / 材料科学与工程 / 物理学,硕士及以上,2,湖北武汉,,2026-08-27,https://www.spacetalent.com.cn/jituan_xxx.html?id=29&positionId=132034665,2026-09-11 15:33:06
航天四院,湖北航天化学技术研究所,推进剂性能提升研究,化学工程与技术 / 材料科学与工程 / 航空宇航科学与技术,博士,2,湖北襄阳,,2026-08-27,https://www.spacetalent.com.cn/jituan_xxx.html?id=29&positionId=132034666,2026-09-11 15:33:06
航天四院,湖北航天化学技术研究所,固体推进剂生产工艺保障与运维,化学工程与技术 / 控制科学与工程 / 机械工程,硕士,10,河南洛阳,,2026-08-27,https://www.spacetalent.com.cn/jituan_xxx.html?id=29&positionId=132034667,2026-09-11 15:33:06
航天四院,湖北航天化学技术研究所,固体推进剂安全性能测试与评估,兵器科学与技术 / 材料科学与工程 / 航空宇航科学与技术,博士,1,湖北襄阳,,2026-08-27,https://www.spacetalent.com.cn/jituan_xxx.html?id=29&positionId=132034668,2026-09-11 15:33:06
航天四院,湖北航天化学技术研究所,软件设计,计算机科学与技术,硕士及以上,2,湖北襄阳,,2026-08-27,https://www.spacetalent.com.cn/jituan_xxx.html?id=29&positionId=132034669,2026-09-11 15:33:06
航天四院,湖北航天化学技术研究所,机械设计,机械工程,硕士及以上,4,湖北襄阳,,2026-08-27,https://www.spacetalent.com.cn/jituan_xxx.html?id=29&positionId=132034670,2026-09-11 15:33:06
航天四院,湖北航天化学技术研究所,电控设计,控制科学与工程,硕士及以上,2,湖北襄阳,,2026-08-27,https://www.spacetalent.com.cn/jituan_xxx.html?id=29&positionId=132034671,2026-09-11 15:33:06
航天四院,湖北航天化学技术研究所,机械设计,机械工程,硕士及以上,3,湖北襄阳,,2026-08-27,https://www.spacetalent.com.cn/jituan_xxx.html?id=29&positionId=132034672,2026-09-11 15:33:06
航天四院,湖北航天化学技术研究所,油田测试,材料科学与工程 / 测绘科学与技术 / 电子科学与技术,硕士及以上,2,湖北襄阳,,2026-08-27,https://www.spacetalent.com.cn/jituan_xxx.html?id=29&positionId=132034673,2026-09-11 15:33:06
航天四院,湖北航天化学技术研究所,技术研发岗,机械工程 / 电子信息 / 电子科学与技术,硕士及以上,3,湖北襄阳,,2026-08-27,https://www.spacetalent.com.cn/jituan_xxx.html?id=29&positionId=132034674,2026-09-11 15:33:06
航天四院,湖北航天化学技术研究所,产品工程师,化学工程与技术 / 化学 / 材料科学与工程,硕士及以上,2,湖北襄阳,,2026-08-27,https://www.spacetalent.com.cn/jituan_xxx.html?id=29&positionId=132034675,2026-09-11 15:33:06
航天四院,湖北航天化学技术研究所,产品经理,化学工程与技术 / 材料科学与工程 / 材料,硕士及以上,2,湖北襄阳,,2026-08-27,https://www.spacetalent.com.cn/jituan_xxx.html?id=29&positionId=132034676,2026-09-11 15:33:06
航天四院,西安航天复合材料研究所,财务管理,工商管理 / 财务会计,硕士,2,陕西西安,,2026-08-27,https://www.spacetalent.com.cn/jituan_xxx.html?id=29&positionId=132034677,2026-09-11 15:33:06
航天四院,西安航天复合材料研究所,工艺仿真,力学 / 数学 / 航空宇航科学与技术,博士,1,陕西西安,,2026-08-27,https://www.spacetalent.com.cn/jituan_xxx.html?id=29&positionId=132034678,2026-09-11 15:33:06
航天四院,西安航天复合材料研究所,机加工艺,兵器科学与技术 / 材料科学与工程 / 电气工程,硕士,3,陕西西安,,2026-08-27,https://www.spacetalent.com.cn/jituan_xxx.html?id=29&positionId=132034679,2026-09-11 15:33:06
航天四院,西安航天复合材料研究所,分析检测,仪器科学与技术 / 测绘科学与技术 / 物理学,硕士,2,陕西西安,,2026-08-27,https://www.spacetalent.com.cn/jituan_xxx.html?id=29&positionId=132034680,2026-09-11 15:33:06
航天四院,西安航天复合材料研究所,复合材料结构设计,力学 / 机械工程 / 材料科学与工程,硕士,3,陕西西安,,2026-08-27,https://www.spacetalent.com.cn/jituan_xxx.html?id=29&positionId=132034681,2026-09-11 15:33:06
航天四院,西安航天复合材料研究所,复合材料结构设计,力学 / 数学 / 电气工程,博士,1,陕西西安,,2026-08-27,https://www.spacetalent.com.cn/jituan_xxx.html?id=29&positionId=132034682,2026-09-11 15:33:06
航天四院,西安航天复合材料研究所,碳制品工艺,动力工程及工程热物理 / 机械工程 / 材料科学与工程,博士,2,陕西西安,,2026-08-27,https://www.spacetalent.com.cn/jituan_xxx.html?id=29&positionId=132034683,2026-09-11 15:33:06
航天四院,西安航天复合材料研究所,碳制品工艺,机械工程 / 机电设备 / 纺织科学与工程,硕士,3,陕西西安,,2026-08-27,https://www.spacetalent.com.cn/jituan_xxx.html?id=29&positionId=132034684,2026-09-11 15:33:06
航天四院,西安航天复合材料研究所,预先研究,材料 / 自动化 / 计算机,博士,1,陕西西安,,2026-08-27,https://www.spacetalent.com.cn/jituan_xxx.html?id=29&positionId=132034685,2026-09-11 15:33:06
航天四院,西安航天复合材料研究所,装备技术,控制科学与工程 / 材料科学与工程 / 电气工程,硕士,2,陕西西安,,2026-08-27,https://www.spacetalent.com.cn/jituan_xxx.html?id=29&positionId=132034686,2026-09-11 15:33:06
航天四院,西安航天复合材料研究所,预先研究,机械设计制造 / 材料科学与工程 / 航空航天,博士,1,陕西西安,,2026-08-27,https://www.spacetalent.com.cn/jituan_xxx.html?id=29&positionId=132034687,2026-09-11 15:33:06
航天四院,西安航天复合材料研究所,预先研究,兵器科学与技术 / 机械工程 / 材料科学与工程,硕士,1,陕西西安,,2026-08-27,https://www.spacetalent.com.cn/jituan_xxx.html?id=29&positionId=132034688,2026-09-11 15:33:06
航天四院,西安航天复合材料研究所,预先研究,力学 / 机械工程 / 材料科学与工程,博士,2,陕西西安,,2026-08-27,https://www.spacetalent.com.cn/jituan_xxx.html?id=29&positionId=132034689,2026-09-11 15:33:06
航天四院,西安航天复合材料研究所,预先研究,化学工程与技术 / 材料科学与工程 / 材料,博士,1,陕西西安,,2026-08-27,https://www.spacetalent.com.cn/jituan_xxx.html?id=29&positionId=132034690,2026-09-11 15:33:06
航天四院,西安航天复合材料研究所,数据管理,信息与通信工程 / 控制科学与工程 / 网络空间安全,硕士,2,陕西西安,,2026-08-27,https://www.spacetalent.com.cn/jituan_xxx.html?id=29&positionId=132034691,2026-09-11 15:33:06
航天四院,西安航天复合材料研究所,人工智能算法工程师,电子信息 / 计算机科学与技术 / 软件工程,硕士,3,陕西西安,,2026-08-27,https://www.spacetalent.com.cn/jituan_xxx.html?id=29&positionId=132034692,2026-09-11 15:33:06
航天四院,西安航天复合材料研究所,特种橡胶研究及制造技术,化学 / 机械工程 / 自动化,硕士,2,陕西西安,,2026-08-27,https://www.spacetalent.com.cn/jituan_xxx.html?id=29&positionId=132034693,2026-09-11 15:33:06
航天四院,西安航天复合材料研究所,预先研究,化学 / 数学 / 计算机科学与技术,硕士,2,陕西西安,,2026-08-27,https://www.spacetalent.com.cn/jituan_xxx.html?id=29&positionId=132034694,2026-09-11 15:33:06
航天四院,西安航天复合材料研究所,复合材料制品工艺开发,力学 / 机械设计制造 / 材料,硕士,4,陕西西安,,2026-08-27,https://www.spacetalent.com.cn/jituan_xxx.html?id=29&positionId=132034695,2026-09-11 15:33:06
航天四院,陕西电器研究所,薄膜敏感元件研究,材料科学与工程 / 物理学 / 电子科学与技术,硕士,1,陕西西安,,2026-08-27,https://www.spacetalent.com.cn/jituan_xxx.html?id=29&positionId=132034696,2026-09-11 15:33:06
航天四院,陕西电器研究所,电路研发,仪器 / 控制科学与工程 / 电子科学与技术,硕士,1,陕西西安,,2026-08-27,https://www.spacetalent.com.cn/jituan_xxx.html?id=29&positionId=132034697,2026-09-11 15:33:06
航天四院,陕西电器研究所,软件研发,控制科学与工程 / 自动化 / 计算机,硕士,1,陕西西安,,2026-08-27,https://www.spacetalent.com.cn/jituan_xxx.html?id=29&positionId=132034698,2026-09-11 15:33:06
航天四院,陕西电器研究所,软件设计,计算机科学与技术 / 软件工程,硕士,1,陕西西安,,2026-08-27,https://www.spacetalent.com.cn/jituan_xxx.html?id=29&positionId=132034699,2026-09-11 15:33:06
航天四院,陕西电器研究所,结构设计,力学 / 机械工程 / 自动化,博士,1,陕西西安,,2026-08-27,https://www.spacetalent.com.cn/jituan_xxx.html?id=29&positionId=132034700,2026-09-11 15:33:06
航天四院,陕西电器研究所,电路研发,仪器 / 控制科学与工程 / 电子科学与技术,硕士,1,陕西西安,,2026-08-27,https://www.spacetalent.com.cn/jituan_xxx.html?id=29&positionId=132034701,2026-09-11 15:33:06
航天四院,陕西电器研究所,检测技术开发,仪器 / 材料 / 航空航天,硕士,2,陕西西安,,2026-08-27,https://www.spacetalent.com.cn/jituan_xxx.html?id=29&positionId=132034702,2026-09-11 15:33:06
航天四院,西安航天信息研究所,信息研究与咨询,材料科学与工程 / 航空宇航科学与技术,硕士及以上,2,陕西西安,,2026-08-27,https://www.spacetalent.com.cn/jituan_xxx.html?id=29&positionId=132034703,2026-09-11 15:33:06
航天四院,西安航天信息研究所,人工智能应用系统开发,计算机,硕士及以上,3,陕西西安,,2026-08-27,https://www.spacetalent.com.cn/jituan_xxx.html?id=29&positionId=132034704,2026-09-11 15:33:06
航天四院,西安航天信息研究所,科学编辑,兵器 / 力学 / 航空航天,硕士及以上,1,陕西西安,,2026-08-27,https://www.spacetalent.com.cn/jituan_xxx.html?id=29&positionId=132034705,2026-09-11 15:33:06
航天四院,西安航天信息研究所,档案开发与利用,图书情报与档案管理,硕士,1,陕西西安,,2026-08-27,https://www.spacetalent.com.cn/jituan_xxx.html?id=29&positionId=132034706,2026-09-11 15:33:06
航天四院,西安航天动力测控技术研究所,人才管理,公共管理 / 工商管理,硕士及以上,1,陕西西安,,2026-08-27,https://www.spacetalent.com.cn/jituan_xxx.html?id=29&positionId=132034707,2026-09-11 15:33:06
航天四院,西安航天动力测控技术研究所,预算管理,工商管理,硕士及以上,1,陕西西安,,2026-08-27,https://www.spacetalent.com.cn/jituan_xxx.html?id=29&positionId=132034708,2026-09-11 15:33:06
航天四院,西安航天动力测控技术研究所,信息系统综合管理,计算机科学与技术 / 计算机,硕士及以上,1,陕西西安,,2026-08-27,https://www.spacetalent.com.cn/jituan_xxx.html?id=29&positionId=132034709,2026-09-11 15:33:06
航天四院,西安航天动力测控技术研究所,信息化管理,计算机科学与技术 / 计算机,硕士及以上,1,陕西西安,,2026-08-27,https://www.spacetalent.com.cn/jituan_xxx.html?id=29&positionId=132034710,2026-09-11 15:33:06
航天四院,西安航天动力测控技术研究所,非标设计,仪器科学与技术 / 机械工程 / 机械,硕士及以上,1,陕西西安,,2026-08-27,https://www.spacetalent.com.cn/jituan_xxx.html?id=29&positionId=132034711,2026-09-11 15:33:06
航天四院,西安航天动力测控技术研究所,试验技术研究,机械 / 电气 / 自动化,硕士及以上,1,陕西西安,,2026-08-27,https://www.spacetalent.com.cn/jituan_xxx.html?id=29&positionId=132034712,2026-09-11 15:33:06
航天四院,西安航天动力测控技术研究所,长度计量技术,仪器科学与技术 / 仪器 / 机械,硕士及以上,1,陕西西安,,2026-08-27,https://www.spacetalent.com.cn/jituan_xxx.html?id=29&positionId=132034713,2026-09-11 15:33:06
航天四院,西安航天动力测控技术研究所,环境可靠性试验技术研究,机械 / 电子信息 / 电气,硕士及以上,1,陕西西安,,2026-08-27,https://www.spacetalent.com.cn/jituan_xxx.html?id=29&positionId=132034714,2026-09-11 15:33:06
航天四院,西安航天动力测控技术研究所,试验技术研究,兵器 / 动力工程及工程热物理 / 计算机科学与技术,硕士及以上,1,陕西西安,,2026-08-27,https://www.spacetalent.com.cn/jituan_xxx.html?id=29&positionId=132034715,2026-09-11 15:33:06
航天四院,西安航天动力测控技术研究所,试验技术研究,兵器 / 动力工程及工程热物理 / 计算机,硕士及以上,1,陕西西安,,2026-08-27,https://www.spacetalent.com.cn/jituan_xxx.html?id=29&positionId=132034716,2026-09-11 15:33:06
航天四院,西安航天动力测控技术研究所,工艺设计,机械工程 / 机械设计制造 / 自动化,硕士及以上,1,陕西西安,,2026-08-27,https://www.spacetalent.com.cn/jituan_xxx.html?id=29&positionId=132034717,2026-09-11 15:33:06
航天四院,西安航天动力测控技术研究所,强度环境试验技术,机械 / 自动化,硕士及以上,1,陕西西安,,2026-08-27,https://www.spacetalent.com.cn/jituan_xxx.html?id=29&positionId=132034718,2026-09-11 15:33:06
航天四院,西安航天动力测控技术研究所,强度环境试验技术研究,仪器科学与技术 / 自动化 / 计算机科学与技术,硕士及以上,1,陕西西安,,2026-08-27,https://www.spacetalent.com.cn/jituan_xxx.html?id=29&positionId=132034719,2026-09-11 15:33:06
航天四院,西安航天动力测控技术研究所,产品设计,仪器科学与技术 / 电子信息 / 自动化,硕士及以上,1,陕西西安,,2026-08-27,https://www.spacetalent.com.cn/jituan_xxx.html?id=29&positionId=132034720,2026-09-11 15:33:06
航天四院,西安航天动力测控技术研究所,工艺设计,机械 / 电气工程 / 电气,硕士及以上,1,陕西西安,,2026-08-27,https://www.spacetalent.com.cn/jituan_xxx.html?id=29&positionId=132034721,2026-09-11 15:33:06
航天四院,西安航天动力测控技术研究所,工艺设计,机械设计制造 / 自动化,硕士及以上,1,陕西西安,,2026-08-27,https://www.spacetalent.com.cn/jituan_xxx.html?id=29&positionId=132034722,2026-09-11 15:33:06
航天四院,西安航天动力测控技术研究所,电机工艺,机械 / 电气工程 / 电气,硕士及以上,1,陕西西安,,2026-08-27,https://www.spacetalent.com.cn/jituan_xxx.html?id=29&positionId=132034723,2026-09-11 15:33:06
航天四院,西安航天动力测控技术研究所,电机设计,机械 / 电气工程 / 电气,硕士及以上,1,陕西西安,,2026-08-27,https://www.spacetalent.com.cn/jituan_xxx.html?id=29&positionId=132034724,2026-09-11 15:33:06
航天四院,西安航天动力测控技术研究所,电机设计,机械 / 电气工程 / 电气,硕士及以上,1,陕西西安,,2026-08-27,https://www.spacetalent.com.cn/jituan_xxx.html?id=29&positionId=132034725,2026-09-11 15:33:06
航天四院,西安航天动力测控技术研究所,电机工艺,机械 / 电气工程 / 电气,硕士及以上,1,陕西西安,,2026-08-27,https://www.spacetalent.com.cn/jituan_xxx.html?id=29&positionId=132034726,2026-09-11 15:33:06
航天四院,西安航天动力测控技术研究所,工艺,机械 / 电子信息 / 航空宇航科学与技术,硕士及以上,1,陕西西安,,2026-08-27,https://www.spacetalent.com.cn/jituan_xxx.html?id=29&positionId=132034727,2026-09-11 15:33:06
航天四院,西安航天动力测控技术研究所,设计,仪器科学与技术 / 电气工程 / 计算机科学与技术,硕士及以上,1,陕西西安,,2026-08-27,https://www.spacetalent.com.cn/jituan_xxx.html?id=29&positionId=132034728,2026-09-11 15:33:06
航天四院,西安航天动力机械有限公司,信息系统开发,计算机科学与技术 / 计算机 / 软件工程,硕士,1,陕西西安,,2026-08-27,https://www.spacetalent.com.cn/jituan_xxx.html?id=29&positionId=132034729,2026-09-11 15:33:06
航天四院,西安航天动力机械有限公司,三坐标检测工程师,机械工程 / 机械 / 机械设计制造,硕士,1,陕西西安,,2026-08-27,https://www.spacetalent.com.cn/jituan_xxx.html?id=29&positionId=132034730,2026-09-11 15:33:06
航天四院,西安航天动力机械有限公司,质量管理,机械 / 材料,硕士,2,陕西西安,,2026-08-27,https://www.spacetalent.com.cn/jituan_xxx.html?id=29&positionId=132034731,2026-09-11 15:33:06
航天四院,西安航天动力机械有限公司,会计,财务会计 / 财政税务,硕士,1,陕西西安,,2026-08-27,https://www.spacetalent.com.cn/jituan_xxx.html?id=29&positionId=132034732,2026-09-11 15:33:06
航天四院,西安航天动力机械有限公司,薪酬绩效岗,工商管理 / 法学 / 财务会计,硕士,1,陕西西安,,2026-08-27,https://www.spacetalent.com.cn/jituan_xxx.html?id=29&positionId=132034733,2026-09-11 15:33:06
航天四院,西安航天动力机械有限公司,计划调度,土木 / 工业工程 / 机械,硕士,1,陕西西安,,2026-08-27,https://www.spacetalent.com.cn/jituan_xxx.html?id=29&positionId=132034734,2026-09-11 15:33:06
航天四院,西安航天动力机械有限公司,工艺技术,机械 / 材料,硕士及以上,1,陕西西安,,2026-08-27,https://www.spacetalent.com.cn/jituan_xxx.html?id=29&positionId=132034735,2026-09-11 15:33:06
航天四院,西安航天动力机械有限公司,计划调度,土木 / 工业工程 / 机械,硕士,2,陕西西安,,2026-08-27,https://www.spacetalent.com.cn/jituan_xxx.html?id=29&positionId=132034736,2026-09-11 15:33:06
航天四院,西安航天动力机械有限公司,工艺员,控制科学与工程 / 机械 / 材料,硕士,2,陕西西安,,2026-08-27,https://www.spacetalent.com.cn/jituan_xxx.html?id=29&positionId=132034737,2026-09-11 15:33:06
航天四院,西安航天动力机械有限公司,工艺员,控制科学与工程 / 机械 / 材料,硕士及以上,5,陕西西安,,2026-08-27,https://www.spacetalent.com.cn/jituan_xxx.html?id=29&positionId=132034738,2026-09-11 15:33:06
航天四院,西安航天动力机械有限公司,固定资产投资,机械 / 材料,硕士,1,陕西西安,,2026-08-27,https://www.spacetalent.com.cn/jituan_xxx.html?id=29&positionId=132034739,2026-09-11 15:33:06
航天四院,西安航天动力机械有限公司,工艺员,控制科学与工程 / 材料,硕士,2,陕西西安,,2026-08-27,https://www.spacetalent.com.cn/jituan_xxx.html?id=29&positionId=132034740,2026-09-11 15:33:06
航天四院,西安航天动力机械有限公司,计划调度,土木 / 工业工程 / 机械,硕士,1,陕西西安,,2026-08-27,https://www.spacetalent.com.cn/jituan_xxx.html?id=29&positionId=132034741,2026-09-11 15:33:06
航天四院,西安航天动力机械有限公司,工艺员,控制科学与工程 / 机械,硕士,4,陕西西安,,2026-08-27,https://www.spacetalent.com.cn/jituan_xxx.html?id=29&positionId=132034742,2026-09-11 15:33:06
航天四院,西安航天动力机械有限公司,工艺员,材料科学与工程 / 材料,硕士,2,陕西西安,,2026-08-27,https://www.spacetalent.com.cn/jituan_xxx.html?id=29&positionId=132034743,2026-09-11 15:33:06
航天四院,西安航天动力机械有限公司,（航天新科）工艺技术,机械工程 / 机械 / 机械设计制造,硕士,2,陕西西安,,2026-08-27,https://www.spacetalent.com.cn/jituan_xxx.html?id=29&positionId=132034744,2026-09-11 15:33:06
航天四院,西安航天动力机械有限公司,协作军品开发,机械 / 管理科学与工程,硕士,1,陕西西安,,2026-08-27,https://www.spacetalent.com.cn/jituan_xxx.html?id=29&positionId=132034745,2026-09-11 15:33:06
航天四院,西安航天化学动力有限公司,无损检测技术,仪器科学与技术 / 机械工程 / 核科学与技术,硕士,1,陕西西安,,2026-08-27,https://www.spacetalent.com.cn/jituan_xxx.html?id=29&positionId=132034746,2026-09-11 15:33:06
航天四院,西安航天化学动力有限公司,企业法律顾问,法学 / 经济学,硕士,1,陕西西安,,2026-08-27,https://www.spacetalent.com.cn/jituan_xxx.html?id=29&positionId=132034747,2026-09-11 15:33:06
航天四院,西安航天化学动力有限公司,综合管理,法学,硕士,1,陕西西安,,2026-08-27,https://www.spacetalent.com.cn/jituan_xxx.html?id=29&positionId=132034748,2026-09-11 15:33:06
航天四院,西安航天化学动力有限公司,技术研发,化学工程与技术 / 材料,硕士,1,陕西西安,,2026-08-27,https://www.spacetalent.com.cn/jituan_xxx.html?id=29&positionId=132034749,2026-09-11 15:33:06
航天四院,西安航天化学动力有限公司,综合管理,公共管理 / 工业工程 / 工商管理,硕士,1,陕西西安,,2026-08-27,https://www.spacetalent.com.cn/jituan_xxx.html?id=29&positionId=132034750,2026-09-11 15:33:06
航天四院,西安航天化学动力有限公司,财务报销审核,工商管理 / 财务会计,硕士,1,陕西西安,,2026-08-27,https://www.spacetalent.com.cn/jituan_xxx.html?id=29&positionId=132034751,2026-09-11 15:33:06
航天四院,西安航天化学动力有限公司,人力资源管理,公共管理 / 工商管理,硕士,1,陕西西安,,2026-08-27,https://www.spacetalent.com.cn/jituan_xxx.html?id=29&positionId=132034752,2026-09-11 15:33:06
航天四院,西安航天化学动力有限公司,工装设计,力学 / 机械 / 航空宇航科学与技术,硕士,1,陕西西安,,2026-08-27,https://www.spacetalent.com.cn/jituan_xxx.html?id=29&positionId=132034753,2026-09-11 15:33:06
航天四院,西安航天化学动力有限公司,型号质量管理,化学工程与技术 / 材料 / 计算机,硕士,1,陕西西安,,2026-08-27,https://www.spacetalent.com.cn/jituan_xxx.html?id=29&positionId=132034754,2026-09-11 15:33:06
航天四院,西安航天化学动力有限公司,物资计划管理,物流管理与工程 / 物流,硕士,1,陕西西安,,2026-08-27,https://www.spacetalent.com.cn/jituan_xxx.html?id=29&positionId=132034755,2026-09-11 15:33:06
航天四院,西安航天化学动力有限公司,网络技术管理,信息与通信工程 / 电子信息 / 自动化,硕士,2,陕西西安,,2026-08-27,https://www.spacetalent.com.cn/jituan_xxx.html?id=29&positionId=132034756,2026-09-11 15:33:06
航天四院,西安航天化学动力有限公司,信息化技术及管理,数学 / 计算机 / 软件工程,硕士,3,陕西西安,,2026-08-27,https://www.spacetalent.com.cn/jituan_xxx.html?id=29&positionId=132034757,2026-09-11 15:33:06
航天四院,西安航天化学动力有限公司,组织干事,文秘 / 新闻出版 / 语言,硕士,1,陕西西安,,2026-08-27,https://www.spacetalent.com.cn/jituan_xxx.html?id=29&positionId=132034758,2026-09-11 15:33:06
航天四院,西安航天化学动力有限公司,装药工艺装备与机械,机械工程 / 机械 / 机械设计制造,硕士,2,陕西西安,,2026-08-27,https://www.spacetalent.com.cn/jituan_xxx.html?id=29&positionId=132034759,2026-09-11 15:33:06
航天四院,西安航天化学动力有限公司,装药工艺安全技术,兵器科学与技术 / 化工与制药 / 安全科学与工程,硕士,1,陕西西安,,2026-08-27,https://www.spacetalent.com.cn/jituan_xxx.html?id=29&positionId=132034760,2026-09-11 15:33:06
航天四院,西安航天化学动力有限公司,工艺技术研究,化学工程与技术 / 化学 / 材料,硕士,2,陕西西安,,2026-08-27,https://www.spacetalent.com.cn/jituan_xxx.html?id=29&positionId=132034761,2026-09-11 15:33:06
航天四院,西安航天化学动力有限公司,产品综合保障及绿色处理,化学 / 机械设计制造 / 航空宇航科学与技术,硕士,1,陕西西安,,2026-08-27,https://www.spacetalent.com.cn/jituan_xxx.html?id=29&positionId=132034762,2026-09-11 15:33:06
航天四院,西安航天化学动力有限公司,硝酸制合成技术,化学工程与技术 / 化学 / 安全科学与工程,硕士,1,陕西西安,,2026-08-27,https://www.spacetalent.com.cn/jituan_xxx.html?id=29&positionId=132034763,2026-09-11 15:33:06
航天四院,西安航天化学动力有限公司,粘合剂制备技术,化学工程与技术 / 化学 / 安全科学与工程,硕士,1,陕西西安,,2026-08-27,https://www.spacetalent.com.cn/jituan_xxx.html?id=29&positionId=132034764,2026-09-11 15:33:06
航天四院,西安航天化学动力有限公司,氧化剂准备技术（粉碎）,化学 / 材料科学与工程 / 材料,硕士,1,陕西西安,,2026-08-27,https://www.spacetalent.com.cn/jituan_xxx.html?id=29&positionId=132034765,2026-09-11 15:33:06
航天四院,西安航天化学动力有限公司,技术管理,材料科学与工程 / 材料,硕士及以上,1,陕西西安,,2026-08-27,https://www.spacetalent.com.cn/jituan_xxx.html?id=29&positionId=132034766,2026-09-11 15:33:06
航天四院,西安航天化学动力有限公司,工艺管理,机械工程 / 材料科学与工程 / 计算机科学与技术,硕士,6,陕西西安,,2026-08-27,https://www.spacetalent.com.cn/jituan_xxx.html?id=29&positionId=132034767,2026-09-11 15:33:06
航天四院,西安航天化学动力有限公司,工艺管理,化学工程与技术 / 化工与制药,硕士,3,陕西西安,,2026-08-27,https://www.spacetalent.com.cn/jituan_xxx.html?id=29&positionId=132034768,2026-09-11 15:33:06
航天四院,西安航天化学动力有限公司,技安员,安全科学与工程 / 安全,硕士,1,陕西西安,,2026-08-27,https://www.spacetalent.com.cn/jituan_xxx.html?id=29&positionId=132034769,2026-09-11 15:33:06
航天四院,西安航天化学动力有限公司,装药工艺装备与机械设计研究,力学 / 机械工程 / 机械,硕士,1,陕西西安,,2026-08-27,https://www.spacetalent.com.cn/jituan_xxx.html?id=29&positionId=132034770,2026-09-11 15:33:06
航天四院,西安航天化学动力有限公司,型号工艺管理,化学,硕士,2,陕西西安,,2026-08-27,https://www.spacetalent.com.cn/jituan_xxx.html?id=29&positionId=132034771,2026-09-11 15:33:06
航天四院,西安航天化学动力有限公司,型号工艺管理,仪器科学与技术 / 控制科学与工程 / 机械工程,硕士,1,陕西西安,,2026-08-27,https://www.spacetalent.com.cn/jituan_xxx.html?id=29&positionId=132034772,2026-09-11 15:33:06
航天四院,西安航天化学动力有限公司,工艺技术管理,兵器科学与技术 / 动力工程及工程热物理 / 航空宇航科学与技术,硕士,1,陕西西安,,2026-08-27,https://www.spacetalent.com.cn/jituan_xxx.html?id=29&positionId=132034773,2026-09-11 15:33:06
航天四院,西安航天化学动力有限公司,工艺管理,动力工程及工程热物理 / 化学工程与技术 / 材料科学与工程,硕士,2,陕西西安,,2026-08-27,https://www.spacetalent.com.cn/jituan_xxx.html?id=29&positionId=132034774,2026-09-11 15:33:06
航天四院,西安航天化学动力有限公司,技安员,安全科学与工程 / 安全,硕士,1,陕西西安,,2026-08-27,https://www.spacetalent.com.cn/jituan_xxx.html?id=29&positionId=132034775,2026-09-11 15:33:06
航天四院,西安航天化学动力有限公司,发动机测试技术,仪器科学与技术 / 控制科学与工程 / 机械工程,硕士,1,陕西西安,,2026-08-27,https://www.spacetalent.com.cn/jituan_xxx.html?id=29&positionId=132034776,2026-09-11 15:33:06
航天四院,西安航天化学动力有限公司,复合固体推进剂燃烧性能测试技术,兵器科学与技术 / 化学工程与技术 / 材料,硕士,1,陕西西安,,2026-08-27,https://www.spacetalent.com.cn/jituan_xxx.html?id=29&positionId=132034777,2026-09-11 15:33:06
航天四院,西安航天化学动力有限公司,计量检定技术,仪器科学与技术 / 仪器,硕士,1,陕西西安,,2026-08-27,https://www.spacetalent.com.cn/jituan_xxx.html?id=29&positionId=132034778,2026-09-11 15:33:06
航天四院,西安航天化学动力有限公司,技术员,机械工程 / 机械,硕士,1,陕西西安,,2026-08-27,https://www.spacetalent.com.cn/jituan_xxx.html?id=29&positionId=132034779,2026-09-11 15:33:06
航天四院,西安航天化学动力有限公司,智能制造技术管理,机械 / 电子信息 / 计算机,硕士,1,陕西西安,,2026-08-27,https://www.spacetalent.com.cn/jituan_xxx.html?id=29&positionId=132034780,2026-09-11 15:33:06
航天四院,西安航天化学动力有限公司,纪检管理,法学 / 财务会计,硕士,1,陕西西安,,2026-08-27,https://www.spacetalent.com.cn/jituan_xxx.html?id=29&positionId=132034781,2026-09-11 15:33:06
航天四院,陕西宇航科技工业有限公司,教师,教育学 / 教育,硕士及以上,2,陕西西安,,2026-08-27,https://www.spacetalent.com.cn/jituan_xxx.html?id=29&positionId=132034782,2026-09-11 15:33:06
航天四院,陕西宇航科技工业有限公司,集控运维岗,土木 / 电气 / 自动化,本科及以上,2,陕西西安,,2026-08-27,https://www.spacetalent.com.cn/jituan_xxx.html?id=29&positionId=132034783,2026-09-11 15:33:06
航天四院,陕西宇航科技工业有限公司,会计,工商管理,硕士及以上,1,陕西西安,,2026-08-27,https://www.spacetalent.com.cn/jituan_xxx.html?id=29&positionId=132034784,2026-09-11 15:33:06
航天四院,陕西宇航科技工业有限公司,给排水设计师,土木,硕士,1,陕西西安,,2026-08-27,https://www.spacetalent.com.cn/jituan_xxx.html?id=29&positionId=132034785,2026-09-11 15:33:06
航天四院,陕西宇航科技工业有限公司,暖通设计师,土木工程 / 建筑设备,硕士,1,陕西西安,,2026-08-27,https://www.spacetalent.com.cn/jituan_xxx.html?id=29&positionId=132034786,2026-09-11 15:33:06
航天四院,陕西宇航科技工业有限公司,软件工程师,信息与通信工程 / 计算机科学与技术 / 计算机,硕士,2,陕西西安,,2026-08-27,https://www.spacetalent.com.cn/jituan_xxx.html?id=29&positionId=132034787,2026-09-11 15:33:06
航天四院,陕西宇航科技工业有限公司,建筑设计师,建筑学 / 建筑,硕士,1,陕西西安,,2026-08-27,https://www.spacetalent.com.cn/jituan_xxx.html?id=29&positionId=132034788,2026-09-11 15:33:06
航天四院,陕西宇航科技工业有限公司,技术经济师,机械 / 材料 / 金融学,硕士,1,陕西西安,,2026-08-27,https://www.spacetalent.com.cn/jituan_xxx.html?id=29&positionId=132034789,2026-09-11 15:33:06
航天四院,陕西宇航科技工业有限公司,电气设计师,电气,硕士,2,陕西西安,,2026-08-27,https://www.spacetalent.com.cn/jituan_xxx.html?id=29&positionId=132034790,2026-09-11 15:33:06
航天四院,陕西宇航科技工业有限公司,技术经济师,管理科学与工程 / 金融学,硕士,1,陕西西安,,2026-08-27,https://www.spacetalent.com.cn/jituan_xxx.html?id=29&positionId=132034791,2026-09-11 15:33:06
航天四院,陕西宇航科技工业有限公司,工艺、咨询设计师,兵器 / 电子信息 / 航空航天,硕士,1,北京,,2026-08-27,https://www.spacetalent.com.cn/jituan_xxx.html?id=29&positionId=132034792,2026-09-11 15:33:06
航天四院,陕西宇航科技工业有限公司,结构设计师,土木工程 / 土木,硕士,2,陕西西安、北京,,2026-08-27,https://www.spacetalent.com.cn/jituan_xxx.html?id=29&positionId=132034793,2026-09-11 15:33:06
航天四院,陕西宇航科技工业有限公司,建筑设计师,建筑学 / 建筑,硕士,3,陕西西安、北京,,2026-08-27,https://www.spacetalent.com.cn/jituan_xxx.html?id=29&positionId=132034794,2026-09-11 15:33:06
航天四院,陕西宇航科技工业有限公司,专业监理工程师,土木工程 / 电气工程,硕士及以上,1,陕西西安,,2026-08-27,https://www.spacetalent.com.cn/jituan_xxx.html?id=29&positionId=132034795,2026-09-11 15:33:06
航天四院,陕西宇航科技工业有限公司,专业监理工程师,土木工程 / 电气工程,硕士及以上,1,陕西西安,,2026-08-27,https://www.spacetalent.com.cn/jituan_xxx.html?id=29&positionId=132034796,2026-09-11 15:33:06
航天四院,陕西宇航科技工业有限公司,监理员,土木工程 / 电气工程,本科及以上,6,陕西西安,,2026-08-27,https://www.spacetalent.com.cn/jituan_xxx.html?id=29&positionId=132034797,2026-09-11 15:33:06
航天四院,陕西宇航科技工业有限公司,安全管理,安全科学与工程,本科及以上,1,陕西西安,,2026-08-27,https://www.spacetalent.com.cn/jituan_xxx.html?id=29&positionId=132034798,2026-09-11 15:33:06
航天四院,陕西宇航科技工业有限公司,人事管理,公共管理 / 工商管理,硕士,1,陕西西安,,2026-08-27,https://www.spacetalent.com.cn/jituan_xxx.html?id=29&positionId=132034799,2026-09-11 15:33:06
航天四院,陕西宇航科技工业有限公司,技术员,机械工程,硕士,2,陕西西安,,2026-08-27,https://www.spacetalent.com.cn/jituan_xxx.html?id=29&positionId=132034800,2026-09-11 15:33:06
航天四院,西安向阳航天材料股份有限公司,研发工程师,机械工程 / 机械 / 材料,硕士及以上,2,陕西西安,,2026-08-27,https://www.spacetalent.com.cn/jituan_xxx.html?id=29&positionId=132034801,2026-09-11 15:33:06
航天四院,西安向阳航天材料股份有限公司,营销管理,艺术设计 / 设计学,硕士及以上,1,陕西西安,,2026-08-27,https://www.spacetalent.com.cn/jituan_xxx.html?id=29&positionId=132034802,2026-09-11 15:33:06
航天四院,西安向阳航天材料股份有限公司,研发工程师,机械 / 材料 / 能源动力,硕士及以上,2,陕西西安,,2026-08-27,https://www.spacetalent.com.cn/jituan_xxx.html?id=29&positionId=132034803,2026-09-11 15:33:06
航天四院,西安航天商业火箭动力技术有限责任公司,数智化工程师,计算机科学与技术 / 软件工程,硕士,1,陕西西安,,2026-08-27,https://www.spacetalent.com.cn/jituan_xxx.html?id=29&positionId=132034804,2026-09-11 15:33:06
航天四院,西安航天商业火箭动力技术有限责任公司,法务,法律实务,硕士,1,陕西西安,,2026-08-27,https://www.spacetalent.com.cn/jituan_xxx.html?id=29&positionId=132034805,2026-09-11 15:33:06
航天四院,西安航天商业火箭动力技术有限责任公司,设计师,航空宇航科学与技术,硕士,1,陕西西安,,2026-08-27,https://www.spacetalent.com.cn/jituan_xxx.html?id=29&positionId=132034806,2026-09-11 15:33:06
航天五院,五一八所,机械工艺师,机械工艺技术 / 机械制造及其自动化 / 材料成型及控制工程,本科及以上,2,天津/陕西西安,否,2023-12-27,https://www.spacetalent.com.cn/jituan_xxx.html?id=50&positionId=1315956,2026-09-11 15:33:06
航天五院,五一八所,测试工程师,测控技术与仪器 / 电波传播与天线 / 电磁场与无线技术,本科及以上,1,陕西西安,否,2023-12-27,https://www.spacetalent.com.cn/jituan_xxx.html?id=50&positionId=1315959,2026-09-11 15:33:06
航天五院,五一八所,调度,工程管理 / 机械设计制造及其自动化,本科及以上,2,天津,否,2023-12-27,https://www.spacetalent.com.cn/jituan_xxx.html?id=50&positionId=1315960,2026-09-11 15:33:06
航天五院,五一八所,焊接工艺师,焊接技术与工程 / 机械工艺技术 / 电气自动化技术,本科,1,天津,否,2023-12-27,https://www.spacetalent.com.cn/jituan_xxx.html?id=50&positionId=1315961,2026-09-11 15:33:06
航天五院,中国空间技术研究院杭州中心,电气设计工程师,电气 / 机械 / 自动化,硕士及以上,4,浙江杭州,否,2024-02-28,https://www.spacetalent.com.cn/jituan_xxx.html?id=50&positionId=1315970,2026-09-11 15:33:06
航天五院,总装与环境工程部,空间环境试验技术工程师,信息与通信工程类其他专业 / 工程热物理 / 力学类其他专业,硕士及以上,1,北京,否,2025-02-18,https://www.spacetalent.com.cn/jituan_xxx.html?id=50&positionId=1318458,2026-09-11 15:33:06
航天五院,总装与环境工程部,行政综合管理（天津航天东方红卫星有限公司）,行政管理 / 企业管理（含：财务管理、市场营销、人力资源管理）,硕士及以上,1,天津市,,2026-04-14,https://www.spacetalent.com.cn/jituan_xxx.html?id=50&positionId=132022719,2026-09-11 15:33:06
航天五院,总装与环境工程部,商业航天试验业务商务管理负责人,金融学 / 审计学 / 财务会计,硕士及以上,1,北京,,2026-04-18,https://www.spacetalent.com.cn/jituan_xxx.html?id=50&positionId=132022723,2026-09-11 15:33:06
航天五院,总装与环境工程部,卫星产线机电产品工程师,机械工程 / 自动化 / 电气,本科及以上,1,北京,,2026-04-18,https://www.spacetalent.com.cn/jituan_xxx.html?id=50&positionId=132022725,2026-09-11 15:33:06
航天五院,供应链中心,系统集成开发,计算机 / 软件工程 / 电子信息,硕士及以上,1,北京,,2026-06-02,https://www.spacetalent.com.cn/jituan_xxx.html?id=50&positionId=132022728,2026-09-11 15:33:06
航天五院,总体设计部,软件研制,计算机 / 电子信息,硕士及以上,1,北京,,2026-06-02,https://www.spacetalent.com.cn/jituan_xxx.html?id=50&positionId=132022731,2026-09-11 15:33:06
航天五院,总体设计部,信息总体设计师,电子信息,硕士及以上,1,北京,,2026-06-02,https://www.spacetalent.com.cn/jituan_xxx.html?id=50&positionId=132022735,2026-09-11 15:33:06
航天五院,总体设计部,推进总体设计师,航空宇航科学与技术,硕士及以上,1,北京,,2026-06-02,https://www.spacetalent.com.cn/jituan_xxx.html?id=50&positionId=132022736,2026-09-11 15:33:06
航天五院,总体设计部,系统总体设计师,飞行器设计,硕士及以上,1,北京,,2026-06-02,https://www.spacetalent.com.cn/jituan_xxx.html?id=50&positionId=132022737,2026-09-11 15:33:06
航天五院,总体设计部,防热结构技术负责人,机械,硕士及以上,1,北京,,2026-06-02,https://www.spacetalent.com.cn/jituan_xxx.html?id=50&positionId=132022738,2026-09-11 15:33:06
航天五院,总体设计部,测控副主任设计师,航空宇航科学与技术,硕士及以上,1,北京,,2026-06-02,https://www.spacetalent.com.cn/jituan_xxx.html?id=50&positionId=132022739,2026-09-11 15:33:06
航天五院,总体设计部,机械及环境总体副主任设计师,机械,硕士及以上,1,北京,,2026-06-02,https://www.spacetalent.com.cn/jituan_xxx.html?id=50&positionId=132022741,2026-09-11 15:33:06
航天五院,总体设计部,产品设计,机械,硕士,1,北京,,2026-06-02,https://www.spacetalent.com.cn/jituan_xxx.html?id=50&positionId=132022742,2026-09-11 15:33:06
航天五院,总体设计部,可靠性工程师（维修保障方向）,飞行器质量与可靠性,硕士及以上,1,北京,,2026-06-02,https://www.spacetalent.com.cn/jituan_xxx.html?id=50&positionId=132022745,2026-09-11 15:33:06
航天五院,总体设计部,空间环境主管设计师,核技术及应用,硕士及以上,1,北京,,2026-06-02,https://www.spacetalent.com.cn/jituan_xxx.html?id=50&positionId=132022746,2026-09-11 15:33:06
航天五院,总体设计部,动力学分析与设计（空间碎片）,航空宇航科学与技术,硕士及以上,1,北京,,2026-06-02,https://www.spacetalent.com.cn/jituan_xxx.html?id=50&positionId=132022748,2026-09-11 15:33:06
航天五院,总体设计部,动力学分析与设计（气动）,流体力学,硕士及以上,1,北京,,2026-06-02,https://www.spacetalent.com.cn/jituan_xxx.html?id=50&positionId=132022749,2026-09-11 15:33:06
航天五院,总体设计部,轨道与星座设计（深空轨道设计）,航空宇航科学与技术,硕士及以上,1,北京,,2026-06-02,https://www.spacetalent.com.cn/jituan_xxx.html?id=50&positionId=132022750,2026-09-11 15:33:06
航天五院,总体设计部,旋翼无人机系统设计,航空宇航科学与技术,硕士及以上,1,北京,,2026-06-02,https://www.spacetalent.com.cn/jituan_xxx.html?id=50&positionId=132022751,2026-09-11 15:33:06
航天五院,总装与环境工程部,宇航产品设计工程师,机械 / 机械工程,硕士及以上,1,北京,,2026-06-02,https://www.spacetalent.com.cn/jituan_xxx.html?id=50&positionId=132022753,2026-09-11 15:33:06
航天五院,总装与环境工程部,总装技术工程师,机械 / 机械工程,硕士及以上,1,北京,,2026-06-02,https://www.spacetalent.com.cn/jituan_xxx.html?id=50&positionId=132022754,2026-09-11 15:33:06
航天五院,钱学森空间技术实验室,基于深度学习的空间智能信息处理算法研究,计算机科学与技术类其他专业 / 电子信息科学与技术 / 人工智能,硕士及以上,1,北京,,2026-06-02,https://www.spacetalent.com.cn/jituan_xxx.html?id=50&positionId=132022755,2026-09-11 15:33:06
航天五院,钱学森空间技术实验室,空间领域大模型微调训练,计算机科学与技术类其他专业 / 计算机科学与技术 / 人工智能,硕士及以上,1,北京,,2026-06-02,https://www.spacetalent.com.cn/jituan_xxx.html?id=50&positionId=132022756,2026-09-11 15:33:06
航天五院,钱学森空间技术实验室,大模型应用系统开发,计算机科学与技术类其他专业 / 电子信息工程 / 人工智能,硕士及以上,1,北京,,2026-06-02,https://www.spacetalent.com.cn/jituan_xxx.html?id=50&positionId=132022757,2026-09-11 15:33:06
航天五院,钱学森空间技术实验室,空间领域数据处理与数据集制备,计算机科学与技术类其他专业 / 人工智能 / 电子信息科学与技术,硕士及以上,1,北京,,2026-06-02,https://www.spacetalent.com.cn/jituan_xxx.html?id=50&positionId=132022758,2026-09-11 15:33:06
航天五院,钱学森空间技术实验室,航天器仿真建模岗/航天器任务规划岗/航天器体系应用岗/航天器仿真试验岗/数据分析与可视化岗,飞行器设计 / 控制科学与工程 / 计算机科学与技术,硕士及以上,1,北京,,2026-06-02,https://www.spacetalent.com.cn/jituan_xxx.html?id=50&positionId=132022761,2026-09-11 15:33:06
航天五院,钱学森空间技术实验室,航空器系统设计与试验测试岗,飞行器设计 / 导航、制导与控制 / 电气工程,硕士及以上,1,北京,,2026-06-02,https://www.spacetalent.com.cn/jituan_xxx.html?id=50&positionId=132022765,2026-09-11 15:33:06
中国航天科技集团有限公司,航天五院,算力规划与建设高级工程师,计算机科学与技术类其他专业 / 软件工程 / 电子信息,硕士及以上,1,北京,,2026-06-15,https://www.spacetalent.com.cn/jituan_xxx.html?id=50&positionId=132022769,2026-09-11 15:33:06
中国航天科技集团有限公司,航天五院,网络与信息安全高级工程师,计算机科学与技术类其他专业 / 计算机网络技术 / 信息安全,硕士及以上,1,北京,,2026-06-15,https://www.spacetalent.com.cn/jituan_xxx.html?id=50&positionId=132022771,2026-09-11 15:33:06
航天五院,总体设计部,机械总体设计师,机械 / 力学,硕士及以上,1,北京,,2026-08-27,https://www.spacetalent.com.cn/jituan_xxx.html?id=50&positionId=132022772,2026-09-11 15:33:06
航天五院,总体设计部,机械及环境总体副主任设计师,机械,硕士及以上,1,北京,,2026-08-27,https://www.spacetalent.com.cn/jituan_xxx.html?id=50&positionId=132022773,2026-09-11 15:33:06
航天五院,总体设计部,机械总体主任/副主任设计师,机械,硕士及以上,1,北京,,2026-08-27,https://www.spacetalent.com.cn/jituan_xxx.html?id=50&positionId=132022774,2026-09-11 15:33:06
航天五院,总体设计部,软件研制,计算机 / 电子科学与技术,硕士及以上,1,北京,,2026-08-27,https://www.spacetalent.com.cn/jituan_xxx.html?id=50&positionId=132022775,2026-09-11 15:33:06
航天五院,总体设计部,信息总体设计师,电子信息,硕士及以上,1, 北京,,2026-08-27,https://www.spacetalent.com.cn/jituan_xxx.html?id=50&positionId=132025505,2026-09-11 15:33:06
中国航天科技集团有限公司,航天五院,人才开发主管,公共管理 / 工商管理,硕士,8,北京,,2026-08-27,https://www.spacetalent.com.cn/jituan_xxx.html?id=50&positionId=132034807,2026-09-11 15:33:06
中国航天科技集团有限公司,航天五院,审计管理,工商管理 / 统计 / 财务会计,硕士,8,北京,,2026-08-27,https://www.spacetalent.com.cn/jituan_xxx.html?id=50&positionId=132034808,2026-09-11 15:33:06
中国航天科技集团有限公司,航天五院,财务管理,工商管理 / 财务会计,硕士,8,北京,,2026-08-27,https://www.spacetalent.com.cn/jituan_xxx.html?id=50&positionId=132034809,2026-09-11 15:33:06
中国航天科技集团有限公司,航天五院,数据治理与应用工程师,电子信息 / 计算机科学与技术 / 软件工程,硕士及以上,2,北京,,2026-08-27,https://www.spacetalent.com.cn/jituan_xxx.html?id=50&positionId=132034810,2026-09-11 15:33:06
中国航天科技集团有限公司,航天五院,总体设计,仪器科学与技术 / 信息与通信工程 / 电子信息,硕士及以上,10,北京,,2026-08-27,https://www.spacetalent.com.cn/jituan_xxx.html?id=50&positionId=132034811,2026-09-11 15:33:06
中国航天科技集团有限公司,航天五院,数字化项目总体设计师,电子信息 / 计算机科学与技术 / 软件工程,硕士及以上,2,北京,,2026-08-27,https://www.spacetalent.com.cn/jituan_xxx.html?id=50&positionId=132034812,2026-09-11 15:33:06
中国航天科技集团有限公司,航天五院,网络与信息安全工程师,信息与通信工程 / 计算机,硕士及以上,1,北京,,2026-08-27,https://www.spacetalent.com.cn/jituan_xxx.html?id=50&positionId=132034813,2026-09-11 15:33:06
中国航天科技集团有限公司,航天五院,技术设计,控制科学与工程 / 航空宇航科学与技术 / 计算机科学与技术,硕士及以上,10,北京,,2026-08-27,https://www.spacetalent.com.cn/jituan_xxx.html?id=50&positionId=132034814,2026-09-11 15:33:06
中国航天科技集团有限公司,航天五院,算力规划与建设工程师,信息与通信工程 / 计算机科学与技术 / 计算机,硕士及以上,1,北京,,2026-08-27,https://www.spacetalent.com.cn/jituan_xxx.html?id=50&positionId=132034815,2026-09-11 15:33:06
航天五院,钱学森空间技术实验室,空间智能信息专业研究岗,自动化 / 计算机,硕士及以上,1,北京,,2026-08-27,https://www.spacetalent.com.cn/jituan_xxx.html?id=50&positionId=132034816,2026-09-11 15:33:06
航天五院,钱学森空间技术实验室,体系仿真专业研究岗,电子科学与技术 / 航空航天 / 计算机,硕士及以上,1,北京,,2026-08-27,https://www.spacetalent.com.cn/jituan_xxx.html?id=50&positionId=132034817,2026-09-11 15:33:06
航天五院,钱学森空间技术实验室,防务装备总体设计专业研究岗,控制科学与工程,硕士及以上,1,北京,,2026-08-27,https://www.spacetalent.com.cn/jituan_xxx.html?id=50&positionId=132034818,2026-09-11 15:33:06
航天五院,钱学森空间技术实验室,空间智能信息专业研究岗,航空航天 / 计算机,硕士及以上,4,北京,,2026-08-27,https://www.spacetalent.com.cn/jituan_xxx.html?id=50&positionId=132034819,2026-09-11 15:33:06
航天五院,钱学森空间技术实验室,纪检工作管理岗,法学,硕士及以上,1,北京,,2026-08-27,https://www.spacetalent.com.cn/jituan_xxx.html?id=50&positionId=132034820,2026-09-11 15:33:06
航天五院,钱学森空间技术实验室,太空资源利用专业研究岗,机械 / 材料 / 航空航天,硕士及以上,4,北京,,2026-08-27,https://www.spacetalent.com.cn/jituan_xxx.html?id=50&positionId=132034821,2026-09-11 15:33:06
航天五院,钱学森空间技术实验室,空间智能信息系统研发岗,自动化 / 航空航天 / 计算机,硕士及以上,1,北京,,2026-08-27,https://www.spacetalent.com.cn/jituan_xxx.html?id=50&positionId=132034822,2026-09-11 15:33:06
航天五院,钱学森空间技术实验室,防务装备总体设计专业研究岗,机械,硕士及以上,1,北京,,2026-08-27,https://www.spacetalent.com.cn/jituan_xxx.html?id=50&positionId=132034823,2026-09-11 15:33:06
航天五院,通信与导航卫星总体部,平台/卫星机热总体,力学 / 机械工程,硕士及以上,1,北京,,2026-08-27,https://www.spacetalent.com.cn/jituan_xxx.html?id=50&positionId=132034824,2026-09-11 15:33:06
航天五院,通信与导航卫星总体部,信息系统设计岗,计算机 / 通信,硕士及以上,1,北京,,2026-08-27,https://www.spacetalent.com.cn/jituan_xxx.html?id=50&positionId=132034825,2026-09-11 15:33:06
航天五院,通信与导航卫星总体部,信息系统设计岗,计算机 / 通信,硕士及以上,1,北京,,2026-08-27,https://www.spacetalent.com.cn/jituan_xxx.html?id=50&positionId=132034826,2026-09-11 15:33:06
航天五院,通信与导航卫星总体部,能源工程总体岗,电气,硕士及以上,1,北京,,2026-08-27,https://www.spacetalent.com.cn/jituan_xxx.html?id=50&positionId=132034827,2026-09-11 15:33:06
航天五院,通信与导航卫星总体部,系统研发岗,电子信息,硕士及以上,1,北京,,2026-08-27,https://www.spacetalent.com.cn/jituan_xxx.html?id=50&positionId=132034828,2026-09-11 15:33:06
航天五院,通信与导航卫星总体部,卫星综合测试,信息与通信工程,硕士及以上,1,北京,,2026-08-27,https://www.spacetalent.com.cn/jituan_xxx.html?id=50&positionId=132034829,2026-09-11 15:33:06
航天五院,通信与导航卫星总体部,卫星测试系统研发,计算机,硕士及以上,1,北京,,2026-08-27,https://www.spacetalent.com.cn/jituan_xxx.html?id=50&positionId=132034830,2026-09-11 15:33:06
航天五院,通信与导航卫星总体部,通信系统研发岗,信息与通信工程 / 电子信息 / 计算机科学与技术,硕士及以上,1,北京,,2026-08-27,https://www.spacetalent.com.cn/jituan_xxx.html?id=50&positionId=132034831,2026-09-11 15:33:06
航天五院,通信与导航卫星总体部,系统总体设计,航空航天 / 计算机科学与技术,硕士及以上,1,北京,,2026-08-27,https://www.spacetalent.com.cn/jituan_xxx.html?id=50&positionId=132034832,2026-09-11 15:33:06
航天五院,通信与导航卫星总体部,智能化数据评估岗,计算机,硕士及以上,1,北京,,2026-08-27,https://www.spacetalent.com.cn/jituan_xxx.html?id=50&positionId=132034833,2026-09-11 15:33:06
航天五院,通信与导航卫星总体部,智能化数据评估岗,计算机,硕士及以上,1,北京,,2026-08-27,https://www.spacetalent.com.cn/jituan_xxx.html?id=50&positionId=132034834,2026-09-11 15:33:06
航天五院,通信与导航卫星总体部,平台总体设计岗,航空宇航科学与技术 / 计算机科学与技术 / 计算机,硕士及以上,1,北京,,2026-08-27,https://www.spacetalent.com.cn/jituan_xxx.html?id=50&positionId=132034835,2026-09-11 15:33:06
航天五院,通信与导航卫星总体部,轨道设计岗,天文学 / 航空宇航科学与技术,硕士及以上,1,北京,,2026-08-27,https://www.spacetalent.com.cn/jituan_xxx.html?id=50&positionId=132034836,2026-09-11 15:33:06
航天五院,通信与导航卫星总体部,接入网高层设计,电子信息,硕士及以上,1,北京,,2026-08-27,https://www.spacetalent.com.cn/jituan_xxx.html?id=50&positionId=132034837,2026-09-11 15:33:06
航天五院,通信与导航卫星总体部,承载网设计,电子信息,硕士及以上,1,北京,,2026-08-27,https://www.spacetalent.com.cn/jituan_xxx.html?id=50&positionId=132034838,2026-09-11 15:33:06
航天五院,通信与导航卫星总体部,承载网设计,电子信息,硕士及以上,1,北京,,2026-08-27,https://www.spacetalent.com.cn/jituan_xxx.html?id=50&positionId=132034839,2026-09-11 15:33:06
航天五院,通信与导航卫星总体部,有效载荷总体,信息与通信工程 / 光学工程,硕士及以上,1,北京,,2026-08-27,https://www.spacetalent.com.cn/jituan_xxx.html?id=50&positionId=132034840,2026-09-11 15:33:06
航天五院,通信与导航卫星总体部,接入网物理层设计,电子信息,硕士及以上,1,北京,,2026-08-27,https://www.spacetalent.com.cn/jituan_xxx.html?id=50&positionId=132034841,2026-09-11 15:33:06
航天五院,通信与导航卫星总体部,人力资源管理岗,公共管理 / 工商管理,硕士及以上,1,北京,,2026-08-27,https://www.spacetalent.com.cn/jituan_xxx.html?id=50&positionId=132034842,2026-09-11 15:33:06
航天五院,通信与导航卫星总体部,有效载荷总体设计,信息与通信工程 / 电子信息,硕士及以上,1,北京,,2026-08-27,https://www.spacetalent.com.cn/jituan_xxx.html?id=50&positionId=132034843,2026-09-11 15:33:06
航天五院,通信与导航卫星总体部,机械总体设计,机械工程 / 机械 / 航空宇航科学与技术,硕士及以上,1,北京,,2026-08-27,https://www.spacetalent.com.cn/jituan_xxx.html?id=50&positionId=132034844,2026-09-11 15:33:06
航天五院,通信与导航卫星总体部,光通信设计,信息与通信工程 / 光学工程 / 天文学,硕士及以上,1,北京,,2026-08-27,https://www.spacetalent.com.cn/jituan_xxx.html?id=50&positionId=132034845,2026-09-11 15:33:06
航天五院,通信与导航卫星总体部,卫星总装设计,机械工程 / 机械 / 航空宇航科学与技术,硕士及以上,1,北京,,2026-08-27,https://www.spacetalent.com.cn/jituan_xxx.html?id=50&positionId=132034846,2026-09-11 15:33:06
航天五院,通信与导航卫星总体部,接入网高层设计,电子信息,硕士及以上,1,北京,,2026-08-27,https://www.spacetalent.com.cn/jituan_xxx.html?id=50&positionId=132034847,2026-09-11 15:33:06
航天五院,通信与导航卫星总体部,星载时频设计,仪器 / 光学工程 / 电子信息,硕士及以上,1,北京,,2026-08-27,https://www.spacetalent.com.cn/jituan_xxx.html?id=50&positionId=132034848,2026-09-11 15:33:06
航天五院,通信与导航卫星总体部,数字化建设岗,机械 / 计算机,硕士及以上,1,北京,,2026-08-27,https://www.spacetalent.com.cn/jituan_xxx.html?id=50&positionId=132034849,2026-09-11 15:33:06
航天五院,通信与导航卫星总体部,党建与思想政治岗,哲学 / 新闻传播学 / 马克思主义理论,硕士及以上,1,北京,,2026-08-27,https://www.spacetalent.com.cn/jituan_xxx.html?id=50&positionId=132034850,2026-09-11 15:33:06
航天五院,遥感卫星总体部,载荷总体设计师,信息与通信工程 / 光学工程 / 电子科学与技术,硕士及以上,1,北京,,2026-08-27,https://www.spacetalent.com.cn/jituan_xxx.html?id=50&positionId=132034851,2026-09-11 15:33:06
航天五院,遥感卫星总体部,法律主管,法学,硕士及以上,1,北京,,2026-08-27,https://www.spacetalent.com.cn/jituan_xxx.html?id=50&positionId=132034852,2026-09-11 15:33:06
航天五院,遥感卫星总体部,数据处理设计师,电子信息 / 电子科学与技术 / 计算机,硕士及以上,2,北京,,2026-08-27,https://www.spacetalent.com.cn/jituan_xxx.html?id=50&positionId=132034853,2026-09-11 15:33:06
航天五院,遥感卫星总体部,控制推进总体设计师,控制科学与工程 / 电子信息 / 航空宇航科学与技术,硕士及以上,2,北京,,2026-08-27,https://www.spacetalent.com.cn/jituan_xxx.html?id=50&positionId=132034854,2026-09-11 15:33:06
航天五院,遥感卫星总体部,载荷总体设计师,光学工程 / 测绘 / 航空宇航科学与技术,硕士及以上,1,北京,,2026-08-27,https://www.spacetalent.com.cn/jituan_xxx.html?id=50&positionId=132034855,2026-09-11 15:33:06
航天五院,遥感卫星总体部,控制推进总体设计师,控制科学与工程 / 电子信息 / 航空宇航科学与技术,硕士及以上,2,北京,,2026-08-27,https://www.spacetalent.com.cn/jituan_xxx.html?id=50&positionId=132034856,2026-09-11 15:33:06
航天五院,遥感卫星总体部,载荷总体设计师,仪器科学与技术 / 光学工程 / 电子信息,硕士及以上,1,北京,,2026-08-27,https://www.spacetalent.com.cn/jituan_xxx.html?id=50&positionId=132034857,2026-09-11 15:33:06
航天五院,遥感卫星总体部,载荷总体设计师,仪器科学与技术 / 光学工程 / 电子信息,硕士及以上,1,北京,,2026-08-27,https://www.spacetalent.com.cn/jituan_xxx.html?id=50&positionId=132034858,2026-09-11 15:33:06
航天五院,遥感卫星总体部,载荷总体设计师,信息与通信工程 / 电子信息 / 电子科学与技术,硕士及以上,1,北京,,2026-08-27,https://www.spacetalent.com.cn/jituan_xxx.html?id=50&positionId=132034859,2026-09-11 15:33:06
航天五院,遥感卫星总体部,载荷总体设计师,信息与通信工程 / 电子信息 / 电子科学与技术,硕士及以上,2,北京,,2026-08-27,https://www.spacetalent.com.cn/jituan_xxx.html?id=50&positionId=132034860,2026-09-11 15:33:06
航天五院,遥感卫星总体部,控制推进总体设计师,信息与通信工程 / 控制科学与工程 / 电子信息,硕士及以上,1,北京,,2026-08-27,https://www.spacetalent.com.cn/jituan_xxx.html?id=50&positionId=132034861,2026-09-11 15:33:06
航天五院,遥感卫星总体部,体系设计工程师,信息与通信工程 / 控制科学与工程 / 航空宇航科学与技术,硕士及以上,1,北京,,2026-08-27,https://www.spacetalent.com.cn/jituan_xxx.html?id=50&positionId=132034862,2026-09-11 15:33:06
航天五院,遥感卫星总体部,控制推进总体设计师,控制科学与工程 / 电子信息 / 航空宇航科学与技术,硕士及以上,1,北京,,2026-08-27,https://www.spacetalent.com.cn/jituan_xxx.html?id=50&positionId=132034863,2026-09-11 15:33:06
航天五院,遥感卫星总体部,机械总体设计师,力学 / 机械工程 / 航空宇航科学与技术,硕士及以上,1,北京,,2026-08-27,https://www.spacetalent.com.cn/jituan_xxx.html?id=50&positionId=132034864,2026-09-11 15:33:06
航天五院,遥感卫星总体部,机械总体设计师,力学 / 机械工程 / 航空宇航科学与技术,硕士及以上,2,北京,,2026-08-27,https://www.spacetalent.com.cn/jituan_xxx.html?id=50&positionId=132034865,2026-09-11 15:33:06
航天五院,遥感卫星总体部,设计师,控制科学与工程 / 航空宇航科学与技术 / 软件工程,硕士及以上,2,北京,,2026-08-27,https://www.spacetalent.com.cn/jituan_xxx.html?id=50&positionId=132034866,2026-09-11 15:33:06
航天五院,遥感卫星总体部,数据处理设计师,光学工程 / 电子信息 / 计算机,硕士及以上,1,北京,,2026-08-27,https://www.spacetalent.com.cn/jituan_xxx.html?id=50&positionId=132034867,2026-09-11 15:33:06
航天五院,遥感卫星总体部,供配电设计师,控制科学与工程 / 电子信息 / 电气工程,硕士及以上,2,北京,,2026-08-27,https://www.spacetalent.com.cn/jituan_xxx.html?id=50&positionId=132034868,2026-09-11 15:33:06
航天五院,遥感卫星总体部,环境总体设计师,力学 / 机械工程 / 航空宇航科学与技术,硕士及以上,1,北京,,2026-08-27,https://www.spacetalent.com.cn/jituan_xxx.html?id=50&positionId=132034869,2026-09-11 15:33:06
航天五院,遥感卫星总体部,软件架构设计师,电子信息 / 计算机科学与技术 / 软件工程,硕士及以上,3,北京,,2026-08-27,https://www.spacetalent.com.cn/jituan_xxx.html?id=50&positionId=132034870,2026-09-11 15:33:06
航天五院,遥感卫星总体部,研发设计师,电子信息 / 计算机科学与技术 / 软件工程,硕士及以上,1,北京,,2026-08-27,https://www.spacetalent.com.cn/jituan_xxx.html?id=50&positionId=132034871,2026-09-11 15:33:06
航天五院,遥感卫星总体部,控制推进总体设计师,控制科学与工程 / 电子信息 / 航空宇航科学与技术,硕士及以上,1,北京,,2026-08-27,https://www.spacetalent.com.cn/jituan_xxx.html?id=50&positionId=132034872,2026-09-11 15:33:06
航天五院,遥感卫星总体部,供配电设计师,控制科学与工程 / 电子信息 / 电气工程,硕士及以上,2,北京,,2026-08-27,https://www.spacetalent.com.cn/jituan_xxx.html?id=50&positionId=132034873,2026-09-11 15:33:06
航天五院,遥感卫星总体部,数字验证设计师,控制科学与工程 / 计算机科学与技术 / 软件工程,硕士及以上,1,北京,,2026-08-27,https://www.spacetalent.com.cn/jituan_xxx.html?id=50&positionId=132034874,2026-09-11 15:33:06
航天五院,遥感卫星总体部,综合测试设计师,控制科学与工程 / 计算机科学与技术 / 软件工程,硕士及以上,2,北京,,2026-08-27,https://www.spacetalent.com.cn/jituan_xxx.html?id=50&positionId=132034875,2026-09-11 15:33:06
航天五院,遥感卫星总体部,综合测试设计师,仪器科学与技术 / 信息与通信工程 / 电子信息,硕士及以上,1,北京,,2026-08-27,https://www.spacetalent.com.cn/jituan_xxx.html?id=50&positionId=132034876,2026-09-11 15:33:06
航天五院,遥感卫星总体部,综合测试设计师,控制科学与工程 / 电子信息 / 电气工程,硕士及以上,1,北京,,2026-08-27,https://www.spacetalent.com.cn/jituan_xxx.html?id=50&positionId=132034877,2026-09-11 15:33:06
航天五院,遥感卫星总体部,综合测试设计师,信息与通信工程 / 光学工程 / 测绘,硕士及以上,1,北京,,2026-08-27,https://www.spacetalent.com.cn/jituan_xxx.html?id=50&positionId=132034878,2026-09-11 15:33:06
航天五院,遥感卫星总体部,载荷总体设计师,光学工程 / 电子信息 / 航空宇航科学与技术,硕士及以上,2,北京,,2026-08-27,https://www.spacetalent.com.cn/jituan_xxx.html?id=50&positionId=132034879,2026-09-11 15:33:06
航天五院,卫星应用总体部,算法工程,信息与通信工程 / 兵器 / 软件工程,博士,1,北京,,2026-08-27,https://www.spacetalent.com.cn/jituan_xxx.html?id=50&positionId=132034880,2026-09-11 15:33:06
航天五院,卫星应用总体部,算法工程,电子信息 / 计算机科学与技术 / 计算机,硕士及以上,2,北京,,2026-08-27,https://www.spacetalent.com.cn/jituan_xxx.html?id=50&positionId=132034881,2026-09-11 15:33:06
航天五院,卫星应用总体部,算法工程,信息与通信工程 / 电子信息 / 软件工程,硕士,1,北京,,2026-08-27,https://www.spacetalent.com.cn/jituan_xxx.html?id=50&positionId=132034882,2026-09-11 15:33:06
航天五院,供应链中心,半导体器件保证技术,控制科学与工程 / 电子信息 / 电子科学与技术,硕士及以上,1,北京,,2026-08-27,https://www.spacetalent.com.cn/jituan_xxx.html?id=50&positionId=132034883,2026-09-11 15:33:06
航天五院,供应链中心,元件机电产品可靠性分析,机械工程 / 材料科学与工程,硕士及以上,1,北京,,2026-08-27,https://www.spacetalent.com.cn/jituan_xxx.html?id=50&positionId=132034884,2026-09-11 15:33:06
航天五院,供应链中心,通用元件保证技术,仪器科学与技术 / 机械工程 / 电子信息,硕士及以上,1,北京,,2026-08-27,https://www.spacetalent.com.cn/jituan_xxx.html?id=50&positionId=132034885,2026-09-11 15:33:06
航天五院,供应链中心,型号物资总体技术,电子科学与技术,硕士及以上,1,北京,,2026-08-27,https://www.spacetalent.com.cn/jituan_xxx.html?id=50&positionId=132034886,2026-09-11 15:33:06
航天五院,供应链中心,采购与供应链管理,物流管理与工程 / 物流,硕士及以上,1,北京,,2026-08-27,https://www.spacetalent.com.cn/jituan_xxx.html?id=50&positionId=132034887,2026-09-11 15:33:06
航天五院,供应链中心,元器件抗辐射技术,物理学 / 电子信息 / 电子科学与技术,硕士及以上,1,北京,,2026-08-27,https://www.spacetalent.com.cn/jituan_xxx.html?id=50&positionId=132034888,2026-09-11 15:33:06
航天五院,供应链中心,半导体器件可靠性分析,仪器科学与技术 / 光学工程 / 电子科学与技术,硕士及以上,1,北京,,2026-08-27,https://www.spacetalent.com.cn/jituan_xxx.html?id=50&positionId=132034889,2026-09-11 15:33:06
航天五院,供应链中心,产品经理,控制科学与工程 / 机械工程 / 物流管理与工程,硕士及以上,1,北京,,2026-08-27,https://www.spacetalent.com.cn/jituan_xxx.html?id=50&positionId=132034890,2026-09-11 15:33:06
航天五院,供应链中心,材料鉴定技术,机械工程 / 材料科学与工程,硕士及以上,1,北京,,2026-08-27,https://www.spacetalent.com.cn/jituan_xxx.html?id=50&positionId=132034891,2026-09-11 15:33:06
航天五院,供应链中心,供应链规划设计,物流管理与工程,硕士及以上,1,北京,,2026-08-27,https://www.spacetalent.com.cn/jituan_xxx.html?id=50&positionId=132034892,2026-09-11 15:33:06
航天五院,总体设计部,电总体主管设计师,电子信息 / 电子科学与技术 / 电气,硕士及以上,2,北京,,2026-08-27,https://www.spacetalent.com.cn/jituan_xxx.html?id=50&positionId=132034893,2026-09-11 15:33:06
航天五院,总体设计部,数字化主管设计师,力学 / 能源动力 / 计算机,硕士及以上,1,北京,,2026-08-27,https://www.spacetalent.com.cn/jituan_xxx.html?id=50&positionId=132034894,2026-09-11 15:33:06
航天五院,总体设计部,测控主管设计师,信息与通信工程 / 光学工程 / 通信,硕士及以上,3,北京,,2026-08-27,https://www.spacetalent.com.cn/jituan_xxx.html?id=50&positionId=132034895,2026-09-11 15:33:06
航天五院,总体设计部,机械总体主管设计师,力学 / 机械 / 机械设计制造,硕士及以上,2,北京,,2026-08-27,https://www.spacetalent.com.cn/jituan_xxx.html?id=50&positionId=132034896,2026-09-11 15:33:06
航天五院,总体设计部,维修主管设计师,力学 / 航空宇航科学与技术 / 航空航天,硕士及以上,2,北京,,2026-08-27,https://www.spacetalent.com.cn/jituan_xxx.html?id=50&positionId=132034897,2026-09-11 15:33:06
航天五院,总体设计部,系统总体主管设计师,力学 / 航空宇航科学与技术 / 航空航天,硕士及以上,4,北京,,2026-08-27,https://www.spacetalent.com.cn/jituan_xxx.html?id=50&positionId=132034898,2026-09-11 15:33:06
航天五院,总体设计部,工效学主管设计师,航空宇航科学与技术 / 航空航天,硕士及以上,1,北京,,2026-08-27,https://www.spacetalent.com.cn/jituan_xxx.html?id=50&positionId=132034899,2026-09-11 15:33:06
航天五院,总体设计部,控制分系统设计师,兵器科学与技术 / 控制科学与工程 / 航空宇航科学与技术,硕士及以上,1,北京,,2026-08-27,https://www.spacetalent.com.cn/jituan_xxx.html?id=50&positionId=132034900,2026-09-11 15:33:06
航天五院,总体设计部,体系仿真设计岗,控制科学与工程 / 航空航天,硕士及以上,2,北京,,2026-08-27,https://www.spacetalent.com.cn/jituan_xxx.html?id=50&positionId=132034901,2026-09-11 15:33:06
航天五院,总体设计部,光学载荷总体,仪器 / 光学工程,硕士及以上,2,北京,,2026-08-27,https://www.spacetalent.com.cn/jituan_xxx.html?id=50&positionId=132034902,2026-09-11 15:33:06
航天五院,总体设计部,控制分系统设计师,兵器科学与技术 / 控制科学与工程 / 航空宇航科学与技术,硕士及以上,2,北京,,2026-08-27,https://www.spacetalent.com.cn/jituan_xxx.html?id=50&positionId=132034903,2026-09-11 15:33:06
航天五院,总体设计部,机械总体岗,力学 / 机械 / 航空宇航科学与技术,硕士及以上,2,北京,,2026-08-27,https://www.spacetalent.com.cn/jituan_xxx.html?id=50&positionId=132034904,2026-09-11 15:33:06
航天五院,总体设计部,测控数传岗,电子信息,硕士及以上,2,北京,,2026-08-27,https://www.spacetalent.com.cn/jituan_xxx.html?id=50&positionId=132034905,2026-09-11 15:33:06
航天五院,总体设计部,感知系统设计岗,控制科学与工程 / 机械工程 / 航空航天,硕士及以上,2,北京,,2026-08-27,https://www.spacetalent.com.cn/jituan_xxx.html?id=50&positionId=132034906,2026-09-11 15:33:06
航天五院,总体设计部,载荷总体,信息与通信工程 / 控制科学与工程 / 计算机科学与技术,硕士及以上,1,北京,,2026-08-27,https://www.spacetalent.com.cn/jituan_xxx.html?id=50&positionId=132034907,2026-09-11 15:33:06
航天五院,总体设计部,系统总体/控推总体,控制科学与工程 / 航空宇航科学与技术,硕士及以上,2,北京,,2026-08-27,https://www.spacetalent.com.cn/jituan_xxx.html?id=50&positionId=132034908,2026-09-11 15:33:06
航天五院,总体设计部,空间核安全设计师,核工程 / 核科学与技术 / 物理学,硕士及以上,2,北京,,2026-08-27,https://www.spacetalent.com.cn/jituan_xxx.html?id=50&positionId=132034909,2026-09-11 15:33:06
航天五院,总体设计部,目标特性总体,信息与通信工程 / 物理学 / 电子科学与技术,硕士及以上,2,北京,,2026-08-27,https://www.spacetalent.com.cn/jituan_xxx.html?id=50&positionId=132034910,2026-09-11 15:33:06
航天五院,总体设计部,电总体,信息与通信工程 / 计算机科学与技术,硕士及以上,2,北京,,2026-08-27,https://www.spacetalent.com.cn/jituan_xxx.html?id=50&positionId=132034911,2026-09-11 15:33:06
航天五院,总体设计部,平行系统建设岗,控制科学与工程 / 航空航天 / 计算机,硕士及以上,2,北京,,2026-08-27,https://www.spacetalent.com.cn/jituan_xxx.html?id=50&positionId=132034912,2026-09-11 15:33:06
航天五院,总体设计部,测控与通信岗,信息与通信工程,硕士及以上,4,北京,,2026-08-27,https://www.spacetalent.com.cn/jituan_xxx.html?id=50&positionId=132034913,2026-09-11 15:33:06
航天五院,总体设计部,机械总体设计岗,力学 / 机械,硕士及以上,4,北京,,2026-08-27,https://www.spacetalent.com.cn/jituan_xxx.html?id=50&positionId=132034914,2026-09-11 15:33:06
航天五院,总体设计部,数字化岗,电子信息 / 航空航天 / 计算机,硕士及以上,3,北京,,2026-08-27,https://www.spacetalent.com.cn/jituan_xxx.html?id=50&positionId=132034915,2026-09-11 15:33:06
航天五院,总体设计部,工参测量与载荷管理岗,仪器科学与技术 / 仪器 / 航空宇航科学与技术,硕士及以上,3,北京,,2026-08-27,https://www.spacetalent.com.cn/jituan_xxx.html?id=50&positionId=132034916,2026-09-11 15:33:06
航天五院,总体设计部,居住与照明设计岗,机械 / 航空宇航科学与技术 / 航空航天,硕士及以上,3,北京,,2026-08-27,https://www.spacetalent.com.cn/jituan_xxx.html?id=50&positionId=132034917,2026-09-11 15:33:06
航天五院,总体设计部,电总体设计岗,电子信息 / 电子科学与技术 / 计算机,硕士及以上,4,北京,,2026-08-27,https://www.spacetalent.com.cn/jituan_xxx.html?id=50&positionId=132034918,2026-09-11 15:33:06
航天五院,总体设计部,任务规划岗,航空宇航科学与技术 / 航空航天,硕士及以上,3,北京,,2026-08-27,https://www.spacetalent.com.cn/jituan_xxx.html?id=50&positionId=132034919,2026-09-11 15:33:06
航天五院,总体设计部,逃逸与应急救生设计岗,力学 / 控制科学与工程 / 航空宇航科学与技术,硕士及以上,2,北京,,2026-08-27,https://www.spacetalent.com.cn/jituan_xxx.html?id=50&positionId=132034920,2026-09-11 15:33:06
航天五院,总体设计部,系统总体设计岗,航空宇航科学与技术 / 航空航天,硕士及以上,6,北京,,2026-08-27,https://www.spacetalent.com.cn/jituan_xxx.html?id=50&positionId=132034921,2026-09-11 15:33:06
航天五院,总体设计部,电总体,信息与通信工程,硕士及以上,1,北京,,2026-08-27,https://www.spacetalent.com.cn/jituan_xxx.html?id=50&positionId=132034922,2026-09-11 15:33:06
航天五院,总体设计部,测控数传总体,信息与通信工程 / 控制科学与工程 / 电子科学与技术,硕士及以上,1,北京,,2026-08-27,https://www.spacetalent.com.cn/jituan_xxx.html?id=50&positionId=132034923,2026-09-11 15:33:06
航天五院,总体设计部,机械设计总体,机械 / 航空航天,硕士及以上,1,北京,,2026-08-27,https://www.spacetalent.com.cn/jituan_xxx.html?id=50&positionId=132034924,2026-09-11 15:33:06
航天五院,总体设计部,热控专业/产品设计师,动力工程及工程热物理,硕士及以上,4,北京,,2026-08-27,https://www.spacetalent.com.cn/jituan_xxx.html?id=50&positionId=132034925,2026-09-11 15:33:06
航天五院,总体设计部,热控专业/产品设计师,动力工程及工程热物理,硕士及以上,4,北京,,2026-08-27,https://www.spacetalent.com.cn/jituan_xxx.html?id=50&positionId=132034926,2026-09-11 15:33:06
航天五院,总体设计部,热控专业/产品设计师,动力工程及工程热物理,硕士及以上,3,北京,,2026-08-27,https://www.spacetalent.com.cn/jituan_xxx.html?id=50&positionId=132034927,2026-09-11 15:33:06
航天五院,总体设计部,在轨变形测量与反演设计,力学 / 机械工程 / 航空宇航科学与技术,硕士及以上,2,北京,,2026-08-27,https://www.spacetalent.com.cn/jituan_xxx.html?id=50&positionId=132034928,2026-09-11 15:33:06
航天五院,总体设计部,太阳电池阵设计,电子信息,硕士及以上,1,北京,,2026-08-27,https://www.spacetalent.com.cn/jituan_xxx.html?id=50&positionId=132034929,2026-09-11 15:33:06
航天五院,总体设计部,平面类展开机构设计,力学 / 机械工程 / 航空宇航科学与技术,硕士及以上,1,北京,,2026-08-27,https://www.spacetalent.com.cn/jituan_xxx.html?id=50&positionId=132034930,2026-09-11 15:33:06
航天五院,总体设计部,柔性充气结构设计,力学 / 机械 / 材料,硕士及以上,1,北京,,2026-08-27,https://www.spacetalent.com.cn/jituan_xxx.html?id=50&positionId=132034931,2026-09-11 15:33:06
航天五院,总体设计部,柔性可展结构运动仿真,力学 / 机械工程 / 航空宇航科学与技术,硕士及以上,1,北京,,2026-08-27,https://www.spacetalent.com.cn/jituan_xxx.html?id=50&positionId=132034932,2026-09-11 15:33:06
航天五院,总体设计部,热塑性树脂基复材开发,材料,硕士及以上,1,北京,,2026-08-27,https://www.spacetalent.com.cn/jituan_xxx.html?id=50&positionId=132034933,2026-09-11 15:33:06
航天五院,总体设计部,电磁捕获与弹射,机械 / 电子信息,硕士及以上,1,北京,,2026-08-27,https://www.spacetalent.com.cn/jituan_xxx.html?id=50&positionId=132034934,2026-09-11 15:33:06
航天五院,总体设计部,空间在轨制造与月面建造,力学 / 机械,硕士及以上,2,北京,,2026-08-27,https://www.spacetalent.com.cn/jituan_xxx.html?id=50&positionId=132034935,2026-09-11 15:33:06
航天五院,总体设计部,线性类展开机构设计,力学 / 机械工程 / 航空宇航科学与技术,硕士及以上,1,北京,,2026-08-27,https://www.spacetalent.com.cn/jituan_xxx.html?id=50&positionId=132034936,2026-09-11 15:33:06
航天五院,总体设计部,结构优化设计,力学 / 航空宇航科学与技术,硕士及以上,1,北京,,2026-08-27,https://www.spacetalent.com.cn/jituan_xxx.html?id=50&positionId=132034937,2026-09-11 15:33:06
航天五院,总体设计部,薄膜类展开机构设计,力学 / 机械工程 / 航空宇航科学与技术,硕士及以上,1,北京,,2026-08-27,https://www.spacetalent.com.cn/jituan_xxx.html?id=50&positionId=132034938,2026-09-11 15:33:06
航天五院,总体设计部,超大型结构（机构）主动控制,控制科学与工程 / 机械工程 / 航空宇航科学与技术,硕士及以上,1,北京,,2026-08-27,https://www.spacetalent.com.cn/jituan_xxx.html?id=50&positionId=132034939,2026-09-11 15:33:06
航天五院,总体设计部,防热结构设计,力学 / 机械 / 材料,硕士及以上,1,北京,,2026-08-27,https://www.spacetalent.com.cn/jituan_xxx.html?id=50&positionId=132034940,2026-09-11 15:33:06
航天五院,总体设计部,可展开柔性太阳翼设计分析,力学,硕士及以上,1,北京,,2026-08-27,https://www.spacetalent.com.cn/jituan_xxx.html?id=50&positionId=132034941,2026-09-11 15:33:06
航天五院,总体设计部,在轨变形测量与反演设计,力学 / 机械工程 / 航空宇航科学与技术,硕士及以上,1,北京,,2026-08-27,https://www.spacetalent.com.cn/jituan_xxx.html?id=50&positionId=132034942,2026-09-11 15:33:06
航天五院,总体设计部,星上智能处理软件开发,信息与通信工程 / 控制科学与工程,硕士及以上,3,北京,,2026-08-27,https://www.spacetalent.com.cn/jituan_xxx.html?id=50&positionId=132034943,2026-09-11 15:33:06
航天五院,总体设计部,星载软件开发,计算机科学与技术,硕士及以上,3,北京,,2026-08-27,https://www.spacetalent.com.cn/jituan_xxx.html?id=50&positionId=132034944,2026-09-11 15:33:06
航天五院,总体设计部,空间网络系统开发岗,信息与通信工程 / 电子科学与技术 / 网络空间安全,硕士及以上,3,北京,,2026-08-27,https://www.spacetalent.com.cn/jituan_xxx.html?id=50&positionId=132034945,2026-09-11 15:33:06
航天五院,总体设计部,高性能智能计算平台设计师,电子信息 / 计算机,硕士及以上,3,北京,,2026-08-27,https://www.spacetalent.com.cn/jituan_xxx.html?id=50&positionId=132034946,2026-09-11 15:33:06
航天五院,总体设计部,人机交互设计,电子信息 / 自动化 / 计算机,硕士及以上,2,北京,,2026-08-27,https://www.spacetalent.com.cn/jituan_xxx.html?id=50&positionId=132034947,2026-09-11 15:33:06
航天五院,总体设计部,卫星信息安全开发岗,信息与通信工程 / 电子科学与技术 / 网络空间安全,硕士及以上,3,北京,,2026-08-27,https://www.spacetalent.com.cn/jituan_xxx.html?id=50&positionId=132034948,2026-09-11 15:33:06
航天五院,总体设计部,航天器雷达总体设计,信息与通信工程 / 电子信息 / 电子科学与技术,硕士及以上,1,北京,,2026-08-27,https://www.spacetalent.com.cn/jituan_xxx.html?id=50&positionId=132034949,2026-09-11 15:33:06
航天五院,总体设计部,航天器天线结构设计,机械,硕士及以上,1,北京,,2026-08-27,https://www.spacetalent.com.cn/jituan_xxx.html?id=50&positionId=132034950,2026-09-11 15:33:06
航天五院,总体设计部,航天器EMC总体设计,电子信息 / 电子科学与技术,硕士及以上,1,北京,,2026-08-27,https://www.spacetalent.com.cn/jituan_xxx.html?id=50&positionId=132034951,2026-09-11 15:33:06
航天五院,总体设计部,射频测试,电子信息 / 电子科学与技术,硕士及以上,1,北京,,2026-08-27,https://www.spacetalent.com.cn/jituan_xxx.html?id=50&positionId=132034952,2026-09-11 15:33:06
航天五院,总体设计部,航天器天线设计,电子信息 / 电子科学与技术,硕士及以上,2,北京,,2026-08-27,https://www.spacetalent.com.cn/jituan_xxx.html?id=50&positionId=132034953,2026-09-11 15:33:06
航天五院,总体设计部,供配电系统设计,电气工程 / 电气,硕士及以上,2,北京,,2026-08-27,https://www.spacetalent.com.cn/jituan_xxx.html?id=50&positionId=132034954,2026-09-11 15:33:06
航天五院,总体设计部,供配电系统设计,电气工程,硕士及以上,1,北京,,2026-08-27,https://www.spacetalent.com.cn/jituan_xxx.html?id=50&positionId=132034955,2026-09-11 15:33:06
航天五院,总体设计部,供配电系统设计,汽车制造 / 能源动力,硕士及以上,2,北京,,2026-08-27,https://www.spacetalent.com.cn/jituan_xxx.html?id=50&positionId=132034956,2026-09-11 15:33:06
航天五院,总体设计部,综合测试,控制科学与工程,硕士及以上,3,北京,,2026-08-27,https://www.spacetalent.com.cn/jituan_xxx.html?id=50&positionId=132034957,2026-09-11 15:33:06
航天五院,总体设计部,综合测试,信息与通信工程 / 电子科学与技术 / 计算机科学与技术,硕士及以上,8,北京,,2026-08-27,https://www.spacetalent.com.cn/jituan_xxx.html?id=50&positionId=132034958,2026-09-11 15:33:06
航天五院,总体设计部,系统研发岗,计算机,硕士及以上,1,北京,,2026-08-27,https://www.spacetalent.com.cn/jituan_xxx.html?id=50&positionId=132034959,2026-09-11 15:33:06
航天五院,总体设计部,运营总体,天文学 / 控制科学与工程 / 航空航天,硕士及以上,1,北京,,2026-08-27,https://www.spacetalent.com.cn/jituan_xxx.html?id=50&positionId=132034960,2026-09-11 15:33:06
航天五院,总体设计部,在轨管理,控制科学与工程 / 电气 / 航空航天,硕士及以上,1,北京,,2026-08-27,https://www.spacetalent.com.cn/jituan_xxx.html?id=50&positionId=132034961,2026-09-11 15:33:06
航天五院,总体设计部,智能体应用研发工程师,计算机科学与技术 / 计算机,硕士及以上,3,北京,,2026-08-27,https://www.spacetalent.com.cn/jituan_xxx.html?id=50&positionId=132034962,2026-09-11 15:33:06
航天五院,总体设计部,数据治理与数据分析师,计算机科学与技术 / 计算机,硕士及以上,3,北京,,2026-08-27,https://www.spacetalent.com.cn/jituan_xxx.html?id=50&positionId=132034963,2026-09-11 15:33:06
航天五院,总体设计部,三维协同设计工具及PLM建设工程师,机械 / 航空宇航科学与技术,硕士及以上,2,北京,,2026-08-27,https://www.spacetalent.com.cn/jituan_xxx.html?id=50&positionId=132034964,2026-09-11 15:33:06
航天五院,总体设计部,系统建模与仿真工程师,控制科学与工程 / 航空宇航科学与技术 / 计算机科学与技术,硕士及以上,3,北京,,2026-08-27,https://www.spacetalent.com.cn/jituan_xxx.html?id=50&positionId=132034965,2026-09-11 15:33:06
航天五院,总体设计部,软件产品经理,计算机科学与技术 / 计算机,硕士及以上,3,北京,,2026-08-27,https://www.spacetalent.com.cn/jituan_xxx.html?id=50&positionId=132034966,2026-09-11 15:33:06
航天五院,总体设计部,动力学分析与设计,力学 / 控制科学与工程 / 航空航天,硕士及以上,2,北京,,2026-08-27,https://www.spacetalent.com.cn/jituan_xxx.html?id=50&positionId=132034967,2026-09-11 15:33:06
航天五院,总体设计部,轨道与星座设计,控制科学与工程 / 航空航天,硕士及以上,2,北京,,2026-08-27,https://www.spacetalent.com.cn/jituan_xxx.html?id=50&positionId=132034968,2026-09-11 15:33:06
航天五院,总体设计部,轨道与星座设计,控制科学与工程 / 航空航天,硕士及以上,2,北京,,2026-08-27,https://www.spacetalent.com.cn/jituan_xxx.html?id=50&positionId=132034969,2026-09-11 15:33:06
航天五院,总体设计部,羽流与气动专业岗,航空航天,硕士及以上,2,北京,,2026-08-27,https://www.spacetalent.com.cn/jituan_xxx.html?id=50&positionId=132034970,2026-09-11 15:33:06
航天五院,总体设计部,发动机羽流分析与设计,力学 / 航空航天,硕士及以上,2,北京,,2026-08-27,https://www.spacetalent.com.cn/jituan_xxx.html?id=50&positionId=132034971,2026-09-11 15:33:06
航天五院,总体设计部,系统级空间环境专业产保工程师,地球物理学,硕士及以上,1,北京,,2026-08-27,https://www.spacetalent.com.cn/jituan_xxx.html?id=50&positionId=132034972,2026-09-11 15:33:06
航天五院,总体设计部,可靠性安全性保证工程师,控制科学与工程 / 航空宇航科学与技术 / 航空航天,硕士及以上,1,北京,,2026-08-27,https://www.spacetalent.com.cn/jituan_xxx.html?id=50&positionId=132034973,2026-09-11 15:33:06
航天五院,总体设计部,系统级空间环境专业产保工程师,核科学与技术,硕士及以上,1,北京,,2026-08-27,https://www.spacetalent.com.cn/jituan_xxx.html?id=50&positionId=132034974,2026-09-11 15:33:06
航天五院,总体设计部,可靠性安全性保证工程师,控制科学与工程 / 航空宇航科学与技术 / 航空航天,硕士及以上,1,北京,,2026-08-27,https://www.spacetalent.com.cn/jituan_xxx.html?id=50&positionId=132034975,2026-09-11 15:33:06
航天五院,总体设计部,测控总体设计岗,电子信息 / 计算机,硕士及以上,1,北京,,2026-08-27,https://www.spacetalent.com.cn/jituan_xxx.html?id=50&positionId=132034976,2026-09-11 15:33:06
航天五院,总体设计部,具身智能设计岗,计算机,硕士及以上,3,北京,,2026-08-27,https://www.spacetalent.com.cn/jituan_xxx.html?id=50&positionId=132034977,2026-09-11 15:33:06
航天五院,总体设计部,电/信息总体设计岗,电子信息 / 计算机,硕士及以上,1,北京,,2026-08-27,https://www.spacetalent.com.cn/jituan_xxx.html?id=50&positionId=132034978,2026-09-11 15:33:06
航天五院,总体设计部,空间机电产品设计,力学 / 机械 / 自动化,硕士及以上,3,北京,,2026-08-27,https://www.spacetalent.com.cn/jituan_xxx.html?id=50&positionId=132034979,2026-09-11 15:33:06
航天五院,总体设计部,软件开发岗,计算机,硕士及以上,2,北京,,2026-08-27,https://www.spacetalent.com.cn/jituan_xxx.html?id=50&positionId=132034980,2026-09-11 15:33:06
航天五院,总体设计部,机械总体设计岗,力学 / 机械,硕士及以上,2,北京,,2026-08-27,https://www.spacetalent.com.cn/jituan_xxx.html?id=50&positionId=132034981,2026-09-11 15:33:06
航天五院,总体设计部,机械总体,机械设计制造,硕士及以上,2,北京,,2026-08-27,https://www.spacetalent.com.cn/jituan_xxx.html?id=50&positionId=132034982,2026-09-11 15:33:06
航天五院,总体设计部,信息总体,信息与通信工程 / 电子科学与技术 / 计算机科学与技术,硕士及以上,2,北京,,2026-08-27,https://www.spacetalent.com.cn/jituan_xxx.html?id=50&positionId=132034983,2026-09-11 15:33:06
航天五院,总体设计部,系统总体,控制科学与工程 / 航空宇航科学与技术 / 航空航天,硕士及以上,2,北京,,2026-08-27,https://www.spacetalent.com.cn/jituan_xxx.html?id=50&positionId=132034984,2026-09-11 15:33:06
航天五院,总体设计部,测控通信总体,电子信息 / 通信,硕士及以上,2,北京,,2026-08-27,https://www.spacetalent.com.cn/jituan_xxx.html?id=50&positionId=132034985,2026-09-11 15:33:06
航天五院,总体设计部,工程测量与载荷总体,仪器 / 光学工程,硕士及以上,2,北京,,2026-08-27,https://www.spacetalent.com.cn/jituan_xxx.html?id=50&positionId=132034986,2026-09-11 15:33:06
航天五院,总体设计部,软件总体,计算机科学与技术 / 软件工程,硕士及以上,2,北京,,2026-08-27,https://www.spacetalent.com.cn/jituan_xxx.html?id=50&positionId=132034987,2026-09-11 15:33:06
航天五院,总体设计部,系统总体,航空宇航科学与技术 / 航空航天,硕士及以上,2,北京,,2026-08-27,https://www.spacetalent.com.cn/jituan_xxx.html?id=50&positionId=132034988,2026-09-11 15:33:06
航天五院,总体设计部,电总体设计师,电子信息 / 计算机科学与技术,硕士及以上,2,北京,,2026-08-27,https://www.spacetalent.com.cn/jituan_xxx.html?id=50&positionId=132034989,2026-09-11 15:33:06
航天五院,总体设计部,测控设计师,信息与通信工程 / 电子信息,硕士及以上,2,北京,,2026-08-27,https://www.spacetalent.com.cn/jituan_xxx.html?id=50&positionId=132034990,2026-09-11 15:33:06
航天五院,总体设计部,机械总体,力学 / 机械工程,硕士及以上,2,北京,,2026-08-27,https://www.spacetalent.com.cn/jituan_xxx.html?id=50&positionId=132034991,2026-09-11 15:33:06
航天五院,总体设计部,数字化总体,电子信息 / 自动化 / 计算机,硕士及以上,2,北京,,2026-08-27,https://www.spacetalent.com.cn/jituan_xxx.html?id=50&positionId=132034992,2026-09-11 15:33:06
航天五院,总体设计部,任务与仿真总体,控制科学与工程,硕士及以上,2,北京,,2026-08-27,https://www.spacetalent.com.cn/jituan_xxx.html?id=50&positionId=132034993,2026-09-11 15:33:06
航天五院,五〇二所,大规模星群星座管控技术岗,自动化 / 航空航天 / 计算机,博士,1,北京,,2026-08-27,https://www.spacetalent.com.cn/jituan_xxx.html?id=50&positionId=132034994,2026-09-11 15:33:06
航天五院,五〇二所,操作系统测试,电子信息 / 计算机,硕士及以上,5,北京,,2026-08-27,https://www.spacetalent.com.cn/jituan_xxx.html?id=50&positionId=132034995,2026-09-11 15:33:06
航天五院,五〇二所,智能化测试工具研发工程师,电子信息 / 计算机 / 软件工程,硕士及以上,7,北京,,2026-08-27,https://www.spacetalent.com.cn/jituan_xxx.html?id=50&positionId=132034996,2026-09-11 15:33:06
航天五院,五〇二所,网络安全测试,计算机,硕士及以上,3,北京,,2026-08-27,https://www.spacetalent.com.cn/jituan_xxx.html?id=50&positionId=132034997,2026-09-11 15:33:06
航天五院,五〇二所,电源/功率产品设计,电气 / 能源动力,硕士及以上,2,北京,,2026-08-27,https://www.spacetalent.com.cn/jituan_xxx.html?id=50&positionId=132034998,2026-09-11 15:33:06
航天五院,五〇二所,FPGA验证技术研究,电子信息 / 计算机科学与技术,博士,5,北京,,2026-08-27,https://www.spacetalent.com.cn/jituan_xxx.html?id=50&positionId=132034999,2026-09-11 15:33:06
航天五院,五〇二所,深空控制系统设计师,控制科学与工程 / 自动化 / 计算机科学与技术,硕士及以上,3,北京,,2026-08-27,https://www.spacetalent.com.cn/jituan_xxx.html?id=50&positionId=132035000,2026-09-11 15:33:06
航天五院,五〇二所,载人航天控制系统设计师,控制科学与工程 / 自动化 / 计算机科学与技术,硕士及以上,3,北京,,2026-08-27,https://www.spacetalent.com.cn/jituan_xxx.html?id=50&positionId=132035001,2026-09-11 15:33:06
航天五院,五〇二所,分系统设计师,测绘 / 电子信息 / 电子科学与技术,硕士,2,北京,,2026-08-27,https://www.spacetalent.com.cn/jituan_xxx.html?id=50&positionId=132035002,2026-09-11 15:33:06
航天五院,五〇二所,分系统设计师,控制科学与工程 / 自动化 / 航空航天,博士,3,北京,,2026-08-27,https://www.spacetalent.com.cn/jituan_xxx.html?id=50&positionId=132035003,2026-09-11 15:33:06
航天五院,五〇二所,光机专业设计师,仪器科学与技术 / 机械,硕士,2,北京,,2026-08-27,https://www.spacetalent.com.cn/jituan_xxx.html?id=50&positionId=132035004,2026-09-11 15:33:06
航天五院,五〇二所,操作系统技术研发及应用,计算机科学与技术,硕士及以上,4,北京,,2026-08-27,https://www.spacetalent.com.cn/jituan_xxx.html?id=50&positionId=132035005,2026-09-11 15:33:06
航天五院,五〇二所,大模型专家,电子信息 / 计算机 / 软件工程,硕士及以上,7,北京,,2026-08-27,https://www.spacetalent.com.cn/jituan_xxx.html?id=50&positionId=132035006,2026-09-11 15:33:06
航天五院,五〇二所,软件设计,计算机科学与技术 / 软件工程,硕士及以上,2,北京,,2026-08-27,https://www.spacetalent.com.cn/jituan_xxx.html?id=50&positionId=132035007,2026-09-11 15:33:06
航天五院,五〇二所,流体控制部组件设计是,仪器 / 力学,硕士及以上,3,北京,,2026-08-27,https://www.spacetalent.com.cn/jituan_xxx.html?id=50&positionId=132035008,2026-09-11 15:33:06
航天五院,五〇二所,航天大模型专业研究师,自动化 / 航空航天 / 计算机,博士,1,北京,,2026-08-27,https://www.spacetalent.com.cn/jituan_xxx.html?id=50&positionId=132035009,2026-09-11 15:33:06
航天五院,五〇二所,电机与传感器产品设计师；电机与电磁专业设计师,仪器科学与技术 / 电气工程,博士,1,北京,,2026-08-27,https://www.spacetalent.com.cn/jituan_xxx.html?id=50&positionId=132035010,2026-09-11 15:33:06
航天五院,五〇二所,振动陀螺设计师,仪器科学与技术 / 仪器 / 电子信息,博士,1,北京,,2026-08-27,https://www.spacetalent.com.cn/jituan_xxx.html?id=50&positionId=132035011,2026-09-11 15:33:06
航天五院,五〇二所,电推力器产品设计师,物理学 / 能源动力 / 航空宇航科学与技术,硕士及以上,1,北京,,2026-08-27,https://www.spacetalent.com.cn/jituan_xxx.html?id=50&positionId=132035012,2026-09-11 15:33:06
航天五院,五〇二所,电推力器产品设计师,物理学 / 能源动力 / 航空宇航科学与技术,硕士及以上,1,北京,,2026-08-27,https://www.spacetalent.com.cn/jituan_xxx.html?id=50&positionId=132035013,2026-09-11 15:33:06
航天五院,五〇二所,化学推力器产品设计师,动力工程及工程热物理 / 机械工程 / 航空宇航科学与技术,硕士及以上,1,北京,,2026-08-27,https://www.spacetalent.com.cn/jituan_xxx.html?id=50&positionId=132035014,2026-09-11 15:33:06
航天五院,五〇二所,软件架构,计算机科学与技术 / 计算机 / 软件工程,硕士及以上,1,北京,,2026-08-27,https://www.spacetalent.com.cn/jituan_xxx.html?id=50&positionId=132035015,2026-09-11 15:33:06
航天五院,五〇二所,化学推进系统设计,动力工程及工程热物理 / 机械 / 航空宇航科学与技术,硕士及以上,2,北京,,2026-08-27,https://www.spacetalent.com.cn/jituan_xxx.html?id=50&positionId=132035016,2026-09-11 15:33:06
航天五院,五〇二所,网络产品及数字硬件设计,信息与通信工程 / 电子信息,硕士及以上,3,北京,,2026-08-27,https://www.spacetalent.com.cn/jituan_xxx.html?id=50&positionId=132035017,2026-09-11 15:33:06
航天五院,五〇二所,人工智能,计算机科学与技术,博士,2,北京,,2026-08-27,https://www.spacetalent.com.cn/jituan_xxx.html?id=50&positionId=132035018,2026-09-11 15:33:06
航天五院,五〇二所,控制系统总体设计师,电子信息 / 电子科学与技术 / 自动化,硕士及以上,2,北京,,2026-08-27,https://www.spacetalent.com.cn/jituan_xxx.html?id=50&positionId=132035019,2026-09-11 15:33:06
航天五院,五〇二所,图像处理算法设计师,仪器科学与技术 / 计算机科学与技术,硕士及以上,2,北京,,2026-08-27,https://www.spacetalent.com.cn/jituan_xxx.html?id=50&positionId=132035020,2026-09-11 15:33:06
航天五院,五〇二所,光电前沿技术研究师,光学工程 / 电子信息,博士,3,北京,,2026-08-27,https://www.spacetalent.com.cn/jituan_xxx.html?id=50&positionId=132035021,2026-09-11 15:33:06
航天五院,五〇二所,组合导航算法设计师,测绘 / 电子科学与技术,博士,2,北京,,2026-08-27,https://www.spacetalent.com.cn/jituan_xxx.html?id=50&positionId=132035022,2026-09-11 15:33:06
航天五院,五〇二所,电子学专业设计师,光学工程 / 电子信息 / 电子科学与技术,硕士,2,北京,,2026-08-27,https://www.spacetalent.com.cn/jituan_xxx.html?id=50&positionId=132035023,2026-09-11 15:33:06
航天五院,五〇二所,精密智能关节集成装配工艺师,仪器 / 力学 / 机械,硕士及以上,1,北京,,2026-08-27,https://www.spacetalent.com.cn/jituan_xxx.html?id=50&positionId=132035024,2026-09-11 15:33:06
航天五院,五〇二所,电推进系统设计,动力工程及工程热物理 / 控制科学与工程 / 航空宇航科学与技术,硕士及以上,3,北京,,2026-08-27,https://www.spacetalent.com.cn/jituan_xxx.html?id=50&positionId=132035025,2026-09-11 15:33:06
航天五院,五〇二所,智能芯片设计,电子信息 / 计算机,硕士及以上,3,北京,,2026-08-27,https://www.spacetalent.com.cn/jituan_xxx.html?id=50&positionId=132035026,2026-09-11 15:33:06
航天五院,五〇二所,热设计/结构设计,仪器科学与技术 / 能源动力,硕士及以上,1,北京,,2026-08-27,https://www.spacetalent.com.cn/jituan_xxx.html?id=50&positionId=132035027,2026-09-11 15:33:06
航天五院,五〇二所,智能传感器设计师,仪器 / 控制科学与工程,博士,1,北京,,2026-08-27,https://www.spacetalent.com.cn/jituan_xxx.html?id=50&positionId=132035028,2026-09-11 15:33:06
航天五院,五〇二所,智能导引产品设计师,光学工程 / 电子信息,博士,1,北京,,2026-08-27,https://www.spacetalent.com.cn/jituan_xxx.html?id=50&positionId=132035029,2026-09-11 15:33:06
航天五院,五〇二所,宇航系统研制岗,自动化 / 航空航天 / 计算机,博士,2,北京,,2026-08-27,https://www.spacetalent.com.cn/jituan_xxx.html?id=50&positionId=132035030,2026-09-11 15:33:06
航天五院,五〇二所,组合导航产品设计师,控制科学与工程 / 自动化,博士,1,北京,,2026-08-27,https://www.spacetalent.com.cn/jituan_xxx.html?id=50&positionId=132035031,2026-09-11 15:33:06
航天五院,五〇二所,智能无人系统与人工智能技术岗（地外探测方向）,自动化 / 航空航天 / 计算机,博士,2,北京,,2026-08-27,https://www.spacetalent.com.cn/jituan_xxx.html?id=50&positionId=132035032,2026-09-11 15:33:06
航天五院,五〇二所,光学系统设计,仪器科学与技术 / 机械工程,博士,1,北京,,2026-08-27,https://www.spacetalent.com.cn/jituan_xxx.html?id=50&positionId=132035033,2026-09-11 15:33:06
航天五院,五〇二所,激光组件设计,仪器科学与技术 / 电子信息,博士,1,北京,,2026-08-27,https://www.spacetalent.com.cn/jituan_xxx.html?id=50&positionId=132035034,2026-09-11 15:33:06
航天五院,五〇二所,图像类软件开发,控制科学与工程 / 计算机科学与技术,硕士及以上,2,北京,,2026-08-27,https://www.spacetalent.com.cn/jituan_xxx.html?id=50&positionId=132035035,2026-09-11 15:33:06
航天五院,五〇二所,流体控制部组件工艺师,仪器 / 机电设备 / 航空装备,硕士及以上,1,北京,,2026-08-27,https://www.spacetalent.com.cn/jituan_xxx.html?id=50&positionId=132035036,2026-09-11 15:33:06
航天五院,五〇二所,新型组件产品设计师；电机与电磁专业设计师,仪器科学与技术 / 机械工程 / 自动化,博士,1,北京,,2026-08-27,https://www.spacetalent.com.cn/jituan_xxx.html?id=50&positionId=132035037,2026-09-11 15:33:06
航天五院,五〇二所,电装/微组装工艺师,材料科学与工程 / 电子科学与技术,硕士,1,北京,,2026-08-27,https://www.spacetalent.com.cn/jituan_xxx.html?id=50&positionId=132035038,2026-09-11 15:33:06
航天五院,五〇二所,纪检,法学,硕士,1,北京,,2026-08-27,https://www.spacetalent.com.cn/jituan_xxx.html?id=50&positionId=132035039,2026-09-11 15:33:06
航天五院,五〇二所,表面处理工艺师,机械,硕士,1,北京,,2026-08-27,https://www.spacetalent.com.cn/jituan_xxx.html?id=50&positionId=132035040,2026-09-11 15:33:06
航天五院,五〇二所,星船焊接工艺师,机械,硕士,2,北京,,2026-08-27,https://www.spacetalent.com.cn/jituan_xxx.html?id=50&positionId=132035041,2026-09-11 15:33:06
航天五院,五〇二所,空间智能控制体系设计专业研究师,自动化 / 航空航天 / 计算机,博士,1,北京,,2026-08-27,https://www.spacetalent.com.cn/jituan_xxx.html?id=50&positionId=132035042,2026-09-11 15:33:06
航天五院,五〇二所,精密智能驱动关节设计师,仪器 / 力学 / 机械,硕士及以上,2,北京,,2026-08-27,https://www.spacetalent.com.cn/jituan_xxx.html?id=50&positionId=132035043,2026-09-11 15:33:06
航天五院,五〇二所,智能无人系统与人工智能技术岗（在轨服务方向）,机械 / 自动化 / 航空航天,博士,2,北京,,2026-08-27,https://www.spacetalent.com.cn/jituan_xxx.html?id=50&positionId=132035044,2026-09-11 15:33:06
航天五院,五〇二所,机电伺服驱动电路及算法工程师,仪器 / 机械工程,硕士及以上,3,北京,,2026-08-27,https://www.spacetalent.com.cn/jituan_xxx.html?id=50&positionId=132035045,2026-09-11 15:33:06
航天五院,西安分院,芯片技术设计师,电子信息 / 电子科学与技术,硕士及以上,4,陕西西安,,2026-08-27,https://www.spacetalent.com.cn/jituan_xxx.html?id=50&positionId=132035046,2026-09-11 15:33:06
航天五院,西安分院,FPGA开发工程师,信息与通信工程 / 电子信息 / 计算机科学与技术,硕士及以上,5,陕西西安,,2026-08-27,https://www.spacetalent.com.cn/jituan_xxx.html?id=50&positionId=132035047,2026-09-11 15:33:06
航天五院,西安分院,软件技术设计师,信息与通信工程 / 电子信息 / 计算机科学与技术,硕士及以上,5,陕西西安,,2026-08-27,https://www.spacetalent.com.cn/jituan_xxx.html?id=50&positionId=132035048,2026-09-11 15:33:06
航天五院,西安分院,人工智能算法设计师,信息与通信工程 / 电子信息 / 计算机科学与技术,硕士及以上,5,陕西西安,,2026-08-27,https://www.spacetalent.com.cn/jituan_xxx.html?id=50&positionId=132035049,2026-09-11 15:33:06
航天五院,西安分院,云计算系统设计师,信息与通信工程 / 电子信息 / 计算机科学与技术,硕士及以上,4,陕西西安,,2026-08-27,https://www.spacetalent.com.cn/jituan_xxx.html?id=50&positionId=132035050,2026-09-11 15:33:06
航天五院,西安分院,人工智能算力系统设计师,信息与通信工程 / 电子信息 / 计算机科学与技术,硕士及以上,4,陕西西安,,2026-08-27,https://www.spacetalent.com.cn/jituan_xxx.html?id=50&positionId=132035051,2026-09-11 15:33:06
航天五院,西安分院,载荷总体技术设计师,信息与通信工程 / 电子科学与技术 / 计算机科学与技术,硕士及以上,3,陕西西安,,2026-08-27,https://www.spacetalent.com.cn/jituan_xxx.html?id=50&positionId=132035052,2026-09-11 15:33:06
航天五院,西安分院,智能处理技术设计师,信息与通信工程 / 电子信息 / 计算机科学与技术,硕士及以上,3,陕西西安,,2026-08-27,https://www.spacetalent.com.cn/jituan_xxx.html?id=50&positionId=132035053,2026-09-11 15:33:06
航天五院,西安分院,时频技术设计师,信息与通信工程 / 电子信息 / 计算机科学与技术,硕士及以上,2,陕西西安,,2026-08-27,https://www.spacetalent.com.cn/jituan_xxx.html?id=50&positionId=132035054,2026-09-11 15:33:06
航天五院,西安分院,导航技术设计师,信息与通信工程 / 电子信息 / 计算机科学与技术,硕士及以上,5,陕西西安,,2026-08-27,https://www.spacetalent.com.cn/jituan_xxx.html?id=50&positionId=132035055,2026-09-11 15:33:06
航天五院,西安分院,网络技术设计师,信息与通信工程 / 电子信息 / 计算机科学与技术,硕士及以上,4,陕西西安,,2026-08-27,https://www.spacetalent.com.cn/jituan_xxx.html?id=50&positionId=132035056,2026-09-11 15:33:06
航天五院,西安分院,相控阵天线设计师,控制科学与工程 / 电子科学与技术,硕士及以上,5,陕西西安,,2026-08-27,https://www.spacetalent.com.cn/jituan_xxx.html?id=50&positionId=132035057,2026-09-11 15:33:06
航天五院,西安分院,产品工艺师,信息与通信工程 / 控制科学与工程 / 计算机科学与技术,硕士及以上,1,陕西西安,,2026-08-27,https://www.spacetalent.com.cn/jituan_xxx.html?id=50&positionId=132035058,2026-09-11 15:33:06
航天五院,西安分院,信号处理设计师,信息与通信工程 / 电子信息 / 计算机科学与技术,硕士及以上,1,陕西西安,,2026-08-27,https://www.spacetalent.com.cn/jituan_xxx.html?id=50&positionId=132035059,2026-09-11 15:33:06
航天五院,西安分院,组网设计师,信息与通信工程 / 电子信息 / 计算机科学与技术,硕士及以上,1,陕西西安,,2026-08-27,https://www.spacetalent.com.cn/jituan_xxx.html?id=50&positionId=132035060,2026-09-11 15:33:06
航天五院,西安分院,硬件设计师,信息与通信工程 / 电子信息 / 计算机科学与技术,硕士及以上,1,陕西西安,,2026-08-27,https://www.spacetalent.com.cn/jituan_xxx.html?id=50&positionId=132035061,2026-09-11 15:33:06
航天五院,西安分院,波束形成算法设计师,信息与通信工程 / 电子信息 / 计算机科学与技术,硕士及以上,1,陕西西安,,2026-08-27,https://www.spacetalent.com.cn/jituan_xxx.html?id=50&positionId=132035062,2026-09-11 15:33:06
航天五院,西安分院,通信技术设计师,信息与通信工程 / 电子信息 / 计算机科学与技术,硕士及以上,5,陕西西安,,2026-08-27,https://www.spacetalent.com.cn/jituan_xxx.html?id=50&positionId=132035063,2026-09-11 15:33:06
航天五院,西安分院,天线动力学设计师,力学,硕士及以上,2,陕西西安,,2026-08-27,https://www.spacetalent.com.cn/jituan_xxx.html?id=50&positionId=132035064,2026-09-11 15:33:06
航天五院,西安分院,硬件平台及系统架构设计师,信息与通信工程 / 电子科学与技术 / 计算机科学与技术,硕士及以上,4,陕西西安,,2026-08-27,https://www.spacetalent.com.cn/jituan_xxx.html?id=50&positionId=132035065,2026-09-11 15:33:06
航天五院,西安分院,天线技术研究师,电子信息 / 电子科学与技术,硕士及以上,1,陕西西安,,2026-08-27,https://www.spacetalent.com.cn/jituan_xxx.html?id=50&positionId=132035066,2026-09-11 15:33:06
航天五院,西安分院,天线电气设计师,控制科学与工程 / 电子科学与技术,硕士及以上,5,陕西西安,,2026-08-27,https://www.spacetalent.com.cn/jituan_xxx.html?id=50&positionId=132035067,2026-09-11 15:33:06
航天五院,西安分院,元器件可靠性工程师,电子信息 / 电子科学与技术,硕士及以上,1,陕西西安,,2026-08-27,https://www.spacetalent.com.cn/jituan_xxx.html?id=50&positionId=132035068,2026-09-11 15:33:06
航天五院,西安分院,微波无源技术设计师,电子信息 / 电子科学与技术,硕士及以上,2,陕西西安,,2026-08-27,https://www.spacetalent.com.cn/jituan_xxx.html?id=50&positionId=132035069,2026-09-11 15:33:06
航天五院,西安分院,射频电路设计师,电子信息 / 电子科学与技术,硕士及以上,2,陕西西安,,2026-08-27,https://www.spacetalent.com.cn/jituan_xxx.html?id=50&positionId=132035070,2026-09-11 15:33:06
航天五院,西安分院,微波有源技术设计师,电子信息 / 电子科学与技术,硕士及以上,3,陕西西安,,2026-08-27,https://www.spacetalent.com.cn/jituan_xxx.html?id=50&positionId=132035071,2026-09-11 15:33:06
航天五院,西安分院,电源设计师,电气工程,硕士及以上,2,陕西西安,,2026-08-27,https://www.spacetalent.com.cn/jituan_xxx.html?id=50&positionId=132035072,2026-09-11 15:33:06
航天五院,西安分院,微组装工艺师,材料科学与工程 / 电子科学与技术,硕士及以上,1,陕西西安,,2026-08-27,https://www.spacetalent.com.cn/jituan_xxx.html?id=50&positionId=132035073,2026-09-11 15:33:06
航天五院,西安分院,卫星网络技术设计师,信息与通信工程 / 计算机科学与技术,硕士及以上,8,陕西西安,,2026-08-27,https://www.spacetalent.com.cn/jituan_xxx.html?id=50&positionId=132035074,2026-09-11 15:33:06
航天五院,西安分院,信号处理硬件设计师,信息与通信工程 / 电子科学与技术 / 计算机科学与技术,硕士及以上,1,陕西西安,,2026-08-27,https://www.spacetalent.com.cn/jituan_xxx.html?id=50&positionId=132035075,2026-09-11 15:33:06
航天五院,西安分院,总装工艺师,信息与通信工程 / 电子科学与技术 / 计算机科学与技术,硕士及以上,1,陕西西安,,2026-08-27,https://www.spacetalent.com.cn/jituan_xxx.html?id=50&positionId=132035076,2026-09-11 15:33:06
航天五院,西安分院,机械总体设计师,机械工程 / 计算机科学与技术,硕士及以上,1,陕西西安,,2026-08-27,https://www.spacetalent.com.cn/jituan_xxx.html?id=50&positionId=132035077,2026-09-11 15:33:06
航天五院,西安分院,雷达成像技术设计师,信息与通信工程 / 电子科学与技术,硕士及以上,3,陕西西安,,2026-08-27,https://www.spacetalent.com.cn/jituan_xxx.html?id=50&positionId=132035078,2026-09-11 15:33:06
航天五院,西安分院,结构与机构设计师,机械工程 / 材料科学与工程,硕士及以上,1,陕西西安,,2026-08-27,https://www.spacetalent.com.cn/jituan_xxx.html?id=50&positionId=132035079,2026-09-11 15:33:06
航天五院,西安分院,加速器技术设计师,核科学与技术 / 电子科学与技术,硕士及以上,1,陕西西安,,2026-08-27,https://www.spacetalent.com.cn/jituan_xxx.html?id=50&positionId=132035080,2026-09-11 15:33:06
航天五院,西安分院,新型雷达技术设计师,信息与通信工程 / 电子科学与技术,硕士及以上,1,陕西西安,,2026-08-27,https://www.spacetalent.com.cn/jituan_xxx.html?id=50&positionId=132035081,2026-09-11 15:33:06
航天五院,西安分院,遥感图像应用设计师,信息与通信工程 / 电子科学与技术,硕士及以上,1,陕西西安,,2026-08-27,https://www.spacetalent.com.cn/jituan_xxx.html?id=50&positionId=132035082,2026-09-11 15:33:06
航天五院,西安分院,雷达探测技术设计师,信息与通信工程 / 电子科学与技术,硕士及以上,1,陕西西安,,2026-08-27,https://www.spacetalent.com.cn/jituan_xxx.html?id=50&positionId=132035083,2026-09-11 15:33:06
航天五院,西安分院,人工智能技术研究师,信息与通信工程 / 电子信息 / 计算机科学与技术,硕士及以上,2,陕西西安,,2026-08-27,https://www.spacetalent.com.cn/jituan_xxx.html?id=50&positionId=132035084,2026-09-11 15:33:06
航天五院,西安分院,微波特殊效应技术研究师,电子信息 / 电子科学与技术,硕士及以上,1,陕西西安,,2026-08-27,https://www.spacetalent.com.cn/jituan_xxx.html?id=50&positionId=132035085,2026-09-11 15:33:06
航天五院,西安分院,天线热设计师,动力工程及工程热物理 / 机械工程 / 航空宇航科学与技术,硕士及以上,1,陕西西安,,2026-08-27,https://www.spacetalent.com.cn/jituan_xxx.html?id=50&positionId=132035086,2026-09-11 15:33:06
航天五院,西安分院,太赫兹技术研究师,光学工程 / 电子科学与技术,硕士及以上,1,陕西西安,,2026-08-27,https://www.spacetalent.com.cn/jituan_xxx.html?id=50&positionId=132035087,2026-09-11 15:33:06
航天五院,西安分院,空间通信技术研究师,信息与通信工程 / 电子科学与技术,硕士及以上,2,陕西西安,,2026-08-27,https://www.spacetalent.com.cn/jituan_xxx.html?id=50&positionId=132035088,2026-09-11 15:33:06
航天五院,西安分院,计量工程师,仪器科学与技术,硕士及以上,1,陕西西安,,2026-08-27,https://www.spacetalent.com.cn/jituan_xxx.html?id=50&positionId=132035089,2026-09-11 15:33:06
航天五院,西安分院,天线新材料开发工程师,机械工程 / 材料科学与工程,硕士及以上,1,陕西西安,,2026-08-27,https://www.spacetalent.com.cn/jituan_xxx.html?id=50&positionId=132035090,2026-09-11 15:33:06
航天五院,西安分院,天线总装工艺师,机械工程 / 航空宇航科学与技术,硕士及以上,2,陕西西安,,2026-08-27,https://www.spacetalent.com.cn/jituan_xxx.html?id=50&positionId=132035091,2026-09-11 15:33:06
航天五院,西安分院,测控技术设计师,信息与通信工程 / 电子信息 / 计算机科学与技术,硕士及以上,2,陕西西安,,2026-08-27,https://www.spacetalent.com.cn/jituan_xxx.html?id=50&positionId=132035092,2026-09-11 15:33:06
航天五院,西安分院,产品工艺师,电子信息 / 电子科学与技术,硕士及以上,1,陕西西安,,2026-08-27,https://www.spacetalent.com.cn/jituan_xxx.html?id=50&positionId=132035093,2026-09-11 15:33:06
航天五院,西安分院,产品工程师,信息与通信工程 / 电子科学与技术,硕士及以上,4,陕西西安,,2026-08-27,https://www.spacetalent.com.cn/jituan_xxx.html?id=50&positionId=132035094,2026-09-11 15:33:06
航天五院,西安分院,专业工艺师,机械工程 / 航空宇航科学与技术,硕士及以上,1,陕西西安,,2026-08-27,https://www.spacetalent.com.cn/jituan_xxx.html?id=50&positionId=132035095,2026-09-11 15:33:06
航天五院,五〇八所,体系总体设计,仪器 / 航空宇航科学与技术 / 航空航天,硕士及以上,1,北京,,2026-08-27,https://www.spacetalent.com.cn/jituan_xxx.html?id=50&positionId=132035096,2026-09-11 15:33:06
航天五院,五〇八所,热控设计,动力工程及工程热物理 / 机械工程 / 能源动力,硕士及以上,1,北京,,2026-08-27,https://www.spacetalent.com.cn/jituan_xxx.html?id=50&positionId=132035097,2026-09-11 15:33:06
航天五院,五〇八所,设计师,动力工程及工程热物理 / 机械 / 能源动力,硕士及以上,1,北京,,2026-08-27,https://www.spacetalent.com.cn/jituan_xxx.html?id=50&positionId=132035098,2026-09-11 15:33:06
航天五院,五〇八所,制冷热控设计,动力工程及工程热物理 / 机械工程 / 能源动力,硕士及以上,1,北京,,2026-08-27,https://www.spacetalent.com.cn/jituan_xxx.html?id=50&positionId=132035099,2026-09-11 15:33:06
航天五院,五〇八所,工艺师,机械 / 材料 / 航空航天,硕士及以上,1,北京,,2026-08-27,https://www.spacetalent.com.cn/jituan_xxx.html?id=50&positionId=132035100,2026-09-11 15:33:06
航天五院,五〇八所,工艺师,机械 / 材料科学与工程 / 材料,硕士及以上,1,北京,,2026-08-27,https://www.spacetalent.com.cn/jituan_xxx.html?id=50&positionId=132035101,2026-09-11 15:33:06
航天五院,五〇八所,柔性材料与结构设计师,力学 / 电子信息 / 航空宇航科学与技术,硕士及以上,1,北京,,2026-08-27,https://www.spacetalent.com.cn/jituan_xxx.html?id=50&positionId=132035102,2026-09-11 15:33:06
航天五院,五〇八所,多场跨尺度仿真分析师,力学 / 机械 / 航空宇航科学与技术,硕士及以上,1,北京,,2026-08-27,https://www.spacetalent.com.cn/jituan_xxx.html?id=50&positionId=132035103,2026-09-11 15:33:06
航天五院,五〇八所,机电一体化设计师,电子信息 / 自动化 / 航空宇航科学与技术,硕士及以上,1,北京,,2026-08-27,https://www.spacetalent.com.cn/jituan_xxx.html?id=50&positionId=132035104,2026-09-11 15:33:06
航天五院,五〇八所,柔性材料与结构设计师,力学 / 机械工程 / 航空宇航科学与技术,硕士及以上,1,北京,,2026-08-27,https://www.spacetalent.com.cn/jituan_xxx.html?id=50&positionId=132035105,2026-09-11 15:33:06
航天五院,五〇八所,信息化应用,电子信息 / 计算机科学与技术 / 计算机,硕士及以上,1,北京,,2026-08-27,https://www.spacetalent.com.cn/jituan_xxx.html?id=50&positionId=132035106,2026-09-11 15:33:06
航天五院,五〇八所,数字化应用,电子信息 / 计算机科学与技术 / 软件工程,硕士及以上,1,北京,,2026-08-27,https://www.spacetalent.com.cn/jituan_xxx.html?id=50&positionId=132035107,2026-09-11 15:33:06
航天五院,五〇八所,系统工程师,仪器科学与技术 / 测绘科学与技术 / 电子信息,硕士及以上,1,北京,,2026-08-27,https://www.spacetalent.com.cn/jituan_xxx.html?id=50&positionId=132035108,2026-09-11 15:33:06
航天五院,五〇八所,单机工程师,光学工程 / 力学 / 机械,硕士及以上,1,北京,,2026-08-27,https://www.spacetalent.com.cn/jituan_xxx.html?id=50&positionId=132035109,2026-09-11 15:33:06
航天五院,五〇八所,单机工程师,光学工程 / 力学 / 机械,硕士及以上,1,北京,,2026-08-27,https://www.spacetalent.com.cn/jituan_xxx.html?id=50&positionId=132035110,2026-09-11 15:33:06
航天五院,五〇八所,单机工程师,光学工程 / 力学 / 机械,硕士及以上,1,北京,,2026-08-27,https://www.spacetalent.com.cn/jituan_xxx.html?id=50&positionId=132035111,2026-09-11 15:33:06
航天五院,五〇八所,系统工程师,力学 / 机械 / 航空航天,硕士及以上,1,北京,,2026-08-27,https://www.spacetalent.com.cn/jituan_xxx.html?id=50&positionId=132035112,2026-09-11 15:33:06
航天五院,五〇八所,单机工程师,力学 / 机械 / 航空宇航科学与技术,硕士及以上,1,北京,,2026-08-27,https://www.spacetalent.com.cn/jituan_xxx.html?id=50&positionId=132035113,2026-09-11 15:33:06
航天五院,五〇八所,精密机构设计,机械 / 材料 / 电子信息,硕士及以上,1,北京,,2026-08-27,https://www.spacetalent.com.cn/jituan_xxx.html?id=50&positionId=132035114,2026-09-11 15:33:06
航天五院,五〇八所,精密机构设计,控制科学与工程 / 机械工程 / 电子科学与技术,硕士及以上,1,北京,,2026-08-27,https://www.spacetalent.com.cn/jituan_xxx.html?id=50&positionId=132035115,2026-09-11 15:33:06
航天五院,五〇八所,工艺工程师,仪器科学与技术 / 机械工程 / 材料科学与工程,硕士及以上,1,北京,,2026-08-27,https://www.spacetalent.com.cn/jituan_xxx.html?id=50&positionId=132035116,2026-09-11 15:33:06
航天五院,五〇八所,工艺工程师,仪器 / 机械设计制造 / 材料,硕士及以上,1,北京,,2026-08-27,https://www.spacetalent.com.cn/jituan_xxx.html?id=50&positionId=132035117,2026-09-11 15:33:06
航天五院,五〇八所,试验工程师,力学 / 机械 / 航空航天,硕士及以上,1,北京,,2026-08-27,https://www.spacetalent.com.cn/jituan_xxx.html?id=50&positionId=132035118,2026-09-11 15:33:06
航天五院,五〇八所,试验工程师,仪器 / 力学 / 机械,硕士及以上,1,北京,,2026-08-27,https://www.spacetalent.com.cn/jituan_xxx.html?id=50&positionId=132035119,2026-09-11 15:33:06
航天五院,五〇八所,遥感器定标与测试,仪器科学与技术 / 仪器 / 电子科学与技术,硕士及以上,1,北京,,2026-08-27,https://www.spacetalent.com.cn/jituan_xxx.html?id=50&positionId=132035120,2026-09-11 15:33:06
航天五院,五〇八所,遥感器定标与测试,仪器科学与技术 / 仪器 / 电子信息,硕士及以上,1,北京,,2026-08-27,https://www.spacetalent.com.cn/jituan_xxx.html?id=50&positionId=132035121,2026-09-11 15:33:06
航天五院,五〇八所,单机工程师,光学工程 / 电子信息 / 电子科学与技术,硕士及以上,1,北京,,2026-08-27,https://www.spacetalent.com.cn/jituan_xxx.html?id=50&positionId=132035122,2026-09-11 15:33:06
航天五院,五〇八所,单机工程师,机械 / 电子信息 / 计算机,硕士及以上,1,北京,,2026-08-27,https://www.spacetalent.com.cn/jituan_xxx.html?id=50&positionId=132035123,2026-09-11 15:33:06
航天五院,五〇八所,单机工程师,机械 / 电子科学与技术 / 计算机,硕士及以上,1,北京,,2026-08-27,https://www.spacetalent.com.cn/jituan_xxx.html?id=50&positionId=132035124,2026-09-11 15:33:06
航天五院,五〇八所,财务报表,工商管理 / 统计 / 财务会计,硕士及以上,1,北京,,2026-08-27,https://www.spacetalent.com.cn/jituan_xxx.html?id=50&positionId=132035125,2026-09-11 15:33:06
航天五院,五〇八所,研究师,仪器科学与技术 / 光学工程 / 电子信息,硕士及以上,1,北京,,2026-08-27,https://www.spacetalent.com.cn/jituan_xxx.html?id=50&positionId=132035126,2026-09-11 15:33:06
航天五院,五〇八所,研究师,仪器科学与技术 / 光学工程 / 电子信息,硕士及以上,1,北京,,2026-08-27,https://www.spacetalent.com.cn/jituan_xxx.html?id=50&positionId=132035127,2026-09-11 15:33:06
航天五院,五〇八所,研究师,仪器科学与技术 / 光学工程 / 电子信息,硕士及以上,1,北京,,2026-08-27,https://www.spacetalent.com.cn/jituan_xxx.html?id=50&positionId=132035128,2026-09-11 15:33:06
航天五院,五〇八所,单机工程师,光学工程 / 机械 / 电子信息,硕士及以上,1,北京,,2026-08-27,https://www.spacetalent.com.cn/jituan_xxx.html?id=50&positionId=132035129,2026-09-11 15:33:06
航天五院,五〇八所,单机工程师,仪器 / 机械 / 电子信息,硕士及以上,1,北京,,2026-08-27,https://www.spacetalent.com.cn/jituan_xxx.html?id=50&positionId=132035130,2026-09-11 15:33:06
航天五院,五〇八所,单机工程师,仪器 / 物理学 / 自动化,硕士及以上,1,北京,,2026-08-27,https://www.spacetalent.com.cn/jituan_xxx.html?id=50&positionId=132035131,2026-09-11 15:33:06
航天五院,五〇八所,低温光学成像技术,光学工程 / 物理学 / 电子信息,硕士及以上,1,北京,,2026-08-27,https://www.spacetalent.com.cn/jituan_xxx.html?id=50&positionId=132035132,2026-09-11 15:33:06
航天五院,五〇八所,光谱仪研制及技术研究,光学工程 / 物理学 / 电子信息,硕士及以上,1,北京,,2026-08-27,https://www.spacetalent.com.cn/jituan_xxx.html?id=50&positionId=132035133,2026-09-11 15:33:06
航天五院,五〇八所,制冷与低温工程,动力工程及工程热物理 / 物理学 / 航空航天,硕士及以上,1,北京,,2026-08-27,https://www.spacetalent.com.cn/jituan_xxx.html?id=50&positionId=132035134,2026-09-11 15:33:06
航天五院,五〇八所,结构设计,光学工程 / 力学 / 机械,硕士及以上,1,北京,,2026-08-27,https://www.spacetalent.com.cn/jituan_xxx.html?id=50&positionId=132035135,2026-09-11 15:33:06
航天五院,五〇八所,人工智能,控制科学与工程 / 机械 / 电子信息,硕士及以上,1,北京,,2026-08-27,https://www.spacetalent.com.cn/jituan_xxx.html?id=50&positionId=132035136,2026-09-11 15:33:06
航天五院,五〇八所,单机工程师,控制科学与工程 / 机械 / 电子信息,硕士及以上,1,北京,,2026-08-27,https://www.spacetalent.com.cn/jituan_xxx.html?id=50&positionId=132035137,2026-09-11 15:33:06
航天五院,五〇八所,单机工程师,光学工程 / 控制科学与工程 / 电子科学与技术,硕士及以上,1,北京,,2026-08-27,https://www.spacetalent.com.cn/jituan_xxx.html?id=50&positionId=132035138,2026-09-11 15:33:06
航天五院,五〇八所,激光器设计,光学工程 / 物理学 / 电子科学与技术,硕士及以上,1,北京,,2026-08-27,https://www.spacetalent.com.cn/jituan_xxx.html?id=50&positionId=132035139,2026-09-11 15:33:06
航天五院,五〇八所,载荷系统总体,仪器科学与技术 / 光学工程 / 力学,硕士及以上,1,北京,,2026-08-27,https://www.spacetalent.com.cn/jituan_xxx.html?id=50&positionId=132035140,2026-09-11 15:33:06
航天五院,五〇八所,电子学设计,物理学 / 电子科学与技术 / 电气工程,硕士及以上,1,北京,,2026-08-27,https://www.spacetalent.com.cn/jituan_xxx.html?id=50&positionId=132035141,2026-09-11 15:33:06
航天五院,五〇八所,电子学设计,光学工程 / 物理学 / 电子科学与技术,硕士及以上,1,北京,,2026-08-27,https://www.spacetalent.com.cn/jituan_xxx.html?id=50&positionId=132035142,2026-09-11 15:33:06
航天五院,五〇八所,研究师,光学工程 / 机械设计制造 / 航空航天,硕士及以上,1,北京,,2026-08-27,https://www.spacetalent.com.cn/jituan_xxx.html?id=50&positionId=132035143,2026-09-11 15:33:06
航天五院,五〇八所,研究师,光学工程 / 机械工程 / 自动化,硕士及以上,1,北京,,2026-08-27,https://www.spacetalent.com.cn/jituan_xxx.html?id=50&positionId=132035144,2026-09-11 15:33:06
航天五院,五〇八所,单机工程师,兵器科学与技术 / 控制科学与工程 / 机电设备,硕士及以上,1,北京,,2026-08-27,https://www.spacetalent.com.cn/jituan_xxx.html?id=50&positionId=132035145,2026-09-11 15:33:06
航天五院,五〇八所,测试工程师,兵器科学与技术 / 控制科学与工程 / 电子科学与技术,硕士及以上,1,北京,,2026-08-27,https://www.spacetalent.com.cn/jituan_xxx.html?id=50&positionId=132035146,2026-09-11 15:33:06
航天五院,五〇八所,单机工程师,地理学 / 测绘地理信息 / 计算机,硕士及以上,1,北京,,2026-08-27,https://www.spacetalent.com.cn/jituan_xxx.html?id=50&positionId=132035147,2026-09-11 15:33:06
航天五院,五〇八所,模拟集成电路设计,机械 / 电子信息 / 电子科学与技术,硕士及以上,1,北京,,2026-08-27,https://www.spacetalent.com.cn/jituan_xxx.html?id=50&positionId=132035148,2026-09-11 15:33:06
航天五院,五〇八所,数字集成电路设计,材料科学与工程 / 电子信息 / 电子科学与技术,硕士及以上,1,北京,,2026-08-27,https://www.spacetalent.com.cn/jituan_xxx.html?id=50&positionId=132035149,2026-09-11 15:33:06
航天五院,五〇八所,模拟集成电路设计,机械 / 电子信息 / 电子科学与技术,硕士及以上,1,北京,,2026-08-27,https://www.spacetalent.com.cn/jituan_xxx.html?id=50&positionId=132035150,2026-09-11 15:33:06
航天五院,五〇八所,数字集成电路设计,机械工程 / 电子信息 / 电子科学与技术,硕士及以上,1,北京,,2026-08-27,https://www.spacetalent.com.cn/jituan_xxx.html?id=50&positionId=132035151,2026-09-11 15:33:06
航天五院,五〇八所,红外探测器计师,材料 / 电子信息 / 电子科学与技术,硕士及以上,1,北京,,2026-08-27,https://www.spacetalent.com.cn/jituan_xxx.html?id=50&positionId=132035152,2026-09-11 15:33:06
航天五院,五〇八所,电子学总体,控制科学与工程 / 机械 / 电子信息,硕士及以上,1,北京,,2026-08-27,https://www.spacetalent.com.cn/jituan_xxx.html?id=50&positionId=132035153,2026-09-11 15:33:06
航天五院,五〇八所,电子学总体,控制科学与工程 / 机械 / 电子信息,硕士及以上,1,北京,,2026-08-27,https://www.spacetalent.com.cn/jituan_xxx.html?id=50&positionId=132035154,2026-09-11 15:33:06
航天五院,五〇八所,算法工程师,仪器 / 电子信息 / 电子科学与技术,硕士及以上,1,北京,,2026-08-27,https://www.spacetalent.com.cn/jituan_xxx.html?id=50&positionId=132035155,2026-09-11 15:33:06
航天五院,五〇八所,软件工程师,仪器 / 控制科学与工程 / 计算机,硕士及以上,1,北京,,2026-08-27,https://www.spacetalent.com.cn/jituan_xxx.html?id=50&positionId=132035156,2026-09-11 15:33:06
航天五院,五〇八所,算法研究师,控制科学与工程 / 数学 / 计算机,硕士及以上,1,北京,,2026-08-27,https://www.spacetalent.com.cn/jituan_xxx.html?id=50&positionId=132035157,2026-09-11 15:33:06
航天五院,五〇八所,软件工程师,仪器 / 电子科学与技术 / 计算机,硕士及以上,1,北京,,2026-08-27,https://www.spacetalent.com.cn/jituan_xxx.html?id=50&positionId=132035158,2026-09-11 15:33:06
航天五院,五一〇所,"研究师
（航天智能感知与控制）",控制科学与工程 / 计算机科学与技术,硕士及以上,1,甘肃兰州,,2026-08-27,https://www.spacetalent.com.cn/jituan_xxx.html?id=50&positionId=132035159,2026-09-11 15:33:06
航天五院,五一〇所,贮供系统设计师,动力工程及工程热物理 / 航空宇航科学与技术,硕士,1,浙江杭州,,2026-08-27,https://www.spacetalent.com.cn/jituan_xxx.html?id=50&positionId=132035160,2026-09-11 15:33:06
航天五院,五一〇所,电子产品工艺师,机械 / 材料 / 电子信息,硕士,1,甘肃兰州,,2026-08-27,https://www.spacetalent.com.cn/jituan_xxx.html?id=50&positionId=132035161,2026-09-11 15:33:06
航天五院,五一〇所,电子产品设计师,仪器科学与技术 / 控制科学与工程 / 电气工程,硕士及以上,1,甘肃兰州,,2026-08-27,https://www.spacetalent.com.cn/jituan_xxx.html?id=50&positionId=132035162,2026-09-11 15:33:06
航天五院,五一〇所,电子产品设计师,电子科学与技术 / 计算机科学与技术 / 计算机,硕士及以上,1,甘肃兰州,,2026-08-27,https://www.spacetalent.com.cn/jituan_xxx.html?id=50&positionId=132035163,2026-09-11 15:33:06
航天五院,五一〇所,热控产品设计师,动力工程及工程热物理,博士,1,甘肃兰州,,2026-08-27,https://www.spacetalent.com.cn/jituan_xxx.html?id=50&positionId=132035164,2026-09-11 15:33:06
航天五院,五一〇所,电推进产品设计师,物理学 / 电子科学与技术 / 航空宇航科学与技术,博士,1,甘肃兰州,,2026-08-27,https://www.spacetalent.com.cn/jituan_xxx.html?id=50&positionId=132035165,2026-09-11 15:33:06
航天五院,五一〇所,电推进产品设计师,力学 / 控制科学与工程 / 航空宇航科学与技术,博士,1,甘肃兰州,,2026-08-27,https://www.spacetalent.com.cn/jituan_xxx.html?id=50&positionId=132035166,2026-09-11 15:33:06
航天五院,五一〇所,电推进产品设计师,控制科学与工程 / 电子科学与技术 / 航空宇航科学与技术,硕士,1,甘肃兰州,,2026-08-27,https://www.spacetalent.com.cn/jituan_xxx.html?id=50&positionId=132035167,2026-09-11 15:33:06
航天五院,五一〇所,电推进产品设计师,控制科学与工程 / 电子科学与技术 / 航空宇航科学与技术,硕士,1,甘肃兰州,,2026-08-27,https://www.spacetalent.com.cn/jituan_xxx.html?id=50&positionId=132035168,2026-09-11 15:33:06
航天五院,五一〇所,电推进产品设计师,力学 / 控制科学与工程 / 航空宇航科学与技术,硕士,1,甘肃兰州,,2026-08-27,https://www.spacetalent.com.cn/jituan_xxx.html?id=50&positionId=132035169,2026-09-11 15:33:06
航天五院,五一〇所,热控产品设计师,动力工程及工程热物理 / 材料,硕士,1,甘肃兰州,,2026-08-27,https://www.spacetalent.com.cn/jituan_xxx.html?id=50&positionId=132035170,2026-09-11 15:33:06
航天五院,五一〇所,机械产品设计师,机械工程 / 机械 / 机械设计制造,硕士,1,甘肃兰州,,2026-08-27,https://www.spacetalent.com.cn/jituan_xxx.html?id=50&positionId=132035171,2026-09-11 15:33:06
航天五院,五一〇所,光频梳及精密传感产品设计师,仪器 / 光学工程 / 物理学,硕士及以上,2,甘肃兰州,,2026-08-27,https://www.spacetalent.com.cn/jituan_xxx.html?id=50&positionId=132035172,2026-09-11 15:33:06
航天五院,五一〇所,压力容器设计师,机械,硕士及以上,1,甘肃兰州,,2026-08-27,https://www.spacetalent.com.cn/jituan_xxx.html?id=50&positionId=132035173,2026-09-11 15:33:06
航天五院,五一〇所,压力容器设计师,力学 / 机械,硕士及以上,2,甘肃兰州,,2026-08-27,https://www.spacetalent.com.cn/jituan_xxx.html?id=50&positionId=132035174,2026-09-11 15:33:06
航天五院,五一〇所,压力容器设计师,材料科学与工程 / 材料,硕士及以上,1,甘肃兰州,,2026-08-27,https://www.spacetalent.com.cn/jituan_xxx.html?id=50&positionId=132035175,2026-09-11 15:33:06
航天五院,五一〇所,电源技术研发师,电子信息 / 电子科学与技术 / 电气工程,硕士及以上,5,陕西西安,,2026-08-27,https://www.spacetalent.com.cn/jituan_xxx.html?id=50&positionId=132035176,2026-09-11 15:33:06
航天五院,五一〇所,电源设计师,机械,硕士及以上,1,甘肃兰州,,2026-08-27,https://www.spacetalent.com.cn/jituan_xxx.html?id=50&positionId=132035177,2026-09-11 15:33:06
航天五院,五一〇所,电源设计师,电子信息 / 电子科学与技术 / 电气工程,硕士及以上,4,甘肃兰州,,2026-08-27,https://www.spacetalent.com.cn/jituan_xxx.html?id=50&positionId=132035178,2026-09-11 15:33:06
航天五院,五一〇所,电子产品设计师,电子信息 / 电子科学与技术 / 计算机科学与技术,硕士及以上,2,陕西西安,,2026-08-27,https://www.spacetalent.com.cn/jituan_xxx.html?id=50&positionId=132035179,2026-09-11 15:33:06
航天五院,五一〇所,信息化工程师,计算机科学与技术 / 计算机 / 软件工程,硕士,1,甘肃兰州,,2026-08-27,https://www.spacetalent.com.cn/jituan_xxx.html?id=50&positionId=132035180,2026-09-11 15:33:06
航天五院,五一〇所,FPGA设计师,控制科学与工程 / 自动化 / 计算机科学与技术,硕士,1,甘肃兰州,,2026-08-27,https://www.spacetalent.com.cn/jituan_xxx.html?id=50&positionId=132035181,2026-09-11 15:33:06
航天五院,五一〇所,软件设计师,计算机科学与技术 / 软件工程,硕士,1,甘肃兰州,,2026-08-27,https://www.spacetalent.com.cn/jituan_xxx.html?id=50&positionId=132035182,2026-09-11 15:33:06
航天五院,五一〇所,电子产品设计师,控制科学与工程 / 电子科学与技术 / 自动化,硕士,1,甘肃兰州,,2026-08-27,https://www.spacetalent.com.cn/jituan_xxx.html?id=50&positionId=132035183,2026-09-11 15:33:06
航天五院,五一〇所,冷却产品设计师,动力工程及工程热物理 / 机械工程,硕士,1,甘肃兰州,,2026-08-27,https://www.spacetalent.com.cn/jituan_xxx.html?id=50&positionId=132035184,2026-09-11 15:33:06
航天五院,五一〇所,电推进产品设计师,动力工程及工程热物理 / 物理学 / 航空宇航科学与技术,硕士,1,甘肃兰州、浙江杭州,,2026-08-27,https://www.spacetalent.com.cn/jituan_xxx.html?id=50&positionId=132035185,2026-09-11 15:33:06
航天五院,五一〇所,电推进产品热设计师,动力工程及工程热物理 / 机械工程,硕士,1,甘肃兰州、浙江杭州,,2026-08-27,https://www.spacetalent.com.cn/jituan_xxx.html?id=50&positionId=132035186,2026-09-11 15:33:06
航天五院,五一〇所,推进产品电源设计师,电子科学与技术 / 电气工程 / 电气,硕士,1,甘肃兰州、浙江杭州,,2026-08-27,https://www.spacetalent.com.cn/jituan_xxx.html?id=50&positionId=132035187,2026-09-11 15:33:06
航天五院,五一〇所,"研究师
（资源探测与开发）",物理学 / 电子信息 / 矿业,硕士及以上,1,甘肃兰州,,2026-08-27,https://www.spacetalent.com.cn/jituan_xxx.html?id=50&positionId=132035188,2026-09-11 15:33:06
航天五院,五一〇所,铷原子钟研发工程师,仪器科学与技术 / 物理学 / 电子科学与技术,硕士,1,浙江杭州,,2026-08-27,https://www.spacetalent.com.cn/jituan_xxx.html?id=50&positionId=132035189,2026-09-11 15:33:06
航天五院,五一〇所,结构机构产品设计师,兵器科学与技术 / 安全科学与工程 / 机械工程,硕士,1,甘肃兰州,,2026-08-27,https://www.spacetalent.com.cn/jituan_xxx.html?id=50&positionId=132035190,2026-09-11 15:33:06
航天五院,五一〇所,"研究师
（空间环境效应）",信息与通信工程 / 物理学 / 电子科学与技术,硕士及以上,1,甘肃兰州,,2026-08-27,https://www.spacetalent.com.cn/jituan_xxx.html?id=50&positionId=132035191,2026-09-11 15:33:06
航天五院,五一〇所,"研究师
（真空测试计量）",仪器科学与技术 / 机械 / 电子科学与技术,博士,1,甘肃兰州,,2026-08-27,https://www.spacetalent.com.cn/jituan_xxx.html?id=50&positionId=132035192,2026-09-11 15:33:06
航天五院,五一〇所,"研究师
（卫星编队动力学与控制技术）",控制科学与工程 / 航空宇航科学与技术,硕士及以上,1,甘肃兰州,,2026-08-27,https://www.spacetalent.com.cn/jituan_xxx.html?id=50&positionId=132035193,2026-09-11 15:33:06
航天五院,五一〇所,研发工程师,机械 / 电气,硕士及以上,1,甘肃兰州,,2026-08-27,https://www.spacetalent.com.cn/jituan_xxx.html?id=50&positionId=132035194,2026-09-11 15:33:06
航天五院,五一〇所,电源研发工程师,控制科学与工程 / 电子科学与技术 / 电气工程,硕士,1,浙江杭州,,2026-08-27,https://www.spacetalent.com.cn/jituan_xxx.html?id=50&positionId=132035195,2026-09-11 15:33:06
航天五院,五一〇所,薄膜产品开发经理,机械工程 / 材料科学与工程,硕士及以上,1,江苏无锡,,2026-08-27,https://www.spacetalent.com.cn/jituan_xxx.html?id=50&positionId=132035196,2026-09-11 15:33:06
航天五院,五一〇所,电推进产品研发师,控制科学与工程 / 电子科学与技术 / 航空宇航科学与技术,硕士,1,浙江杭州,,2026-08-27,https://www.spacetalent.com.cn/jituan_xxx.html?id=50&positionId=132035197,2026-09-11 15:33:06
航天五院,五一〇所,机械设计,机械,硕士,2,甘肃兰州,,2026-08-27,https://www.spacetalent.com.cn/jituan_xxx.html?id=50&positionId=132035198,2026-09-11 15:33:06
航天五院,五一〇所,电气设计,电子信息 / 电气工程,硕士,1,甘肃兰州,,2026-08-27,https://www.spacetalent.com.cn/jituan_xxx.html?id=50&positionId=132035199,2026-09-11 15:33:06
航天五院,五一〇所,空间环境及效应研发师,地球物理学 / 材料 / 物理学,硕士及以上,1,甘肃兰州,,2026-08-27,https://www.spacetalent.com.cn/jituan_xxx.html?id=50&positionId=132035200,2026-09-11 15:33:06
航天五院,五一〇所,智能控制技术研究师,机械 / 电气,硕士及以上,1,甘肃兰州,,2026-08-27,https://www.spacetalent.com.cn/jituan_xxx.html?id=50&positionId=132035201,2026-09-11 15:33:06
航天五院,五一〇所,电子测量技术研究师,仪器科学与技术 / 电子信息,硕士,1,甘肃兰州,,2026-08-27,https://www.spacetalent.com.cn/jituan_xxx.html?id=50&positionId=132035202,2026-09-11 15:33:06
航天五院,五一〇所,量子真空计量研发师,仪器科学与技术 / 光学工程 / 物理学,硕士及以上,1,甘肃兰州,,2026-08-27,https://www.spacetalent.com.cn/jituan_xxx.html?id=50&positionId=132035203,2026-09-11 15:33:06
航天五院,五一〇所,自动化控制技术研究师,自动化,硕士及以上,1,甘肃兰州,,2026-08-27,https://www.spacetalent.com.cn/jituan_xxx.html?id=50&positionId=132035204,2026-09-11 15:33:06
航天五院,五一〇所,空间载荷产品设计师,控制科学与工程 / 机械 / 电子信息,硕士及以上,1,甘肃兰州,,2026-08-27,https://www.spacetalent.com.cn/jituan_xxx.html?id=50&positionId=132035205,2026-09-11 15:33:06
航天五院,五一〇所,机械产品设计师,机械工程 / 机械,硕士及以上,1,甘肃兰州,,2026-08-27,https://www.spacetalent.com.cn/jituan_xxx.html?id=50&positionId=132035206,2026-09-11 15:33:06
航天五院,五一〇所,新质新域空间环境探测技术研发师,物理学 / 电子信息 / 计算机,博士,1,甘肃兰州,,2026-08-27,https://www.spacetalent.com.cn/jituan_xxx.html?id=50&positionId=132035207,2026-09-11 15:33:06
航天五院,总装与环境工程部,航天器力学试验技术工程师,力学 / 机械工程 / 航空宇航科学与技术,博士,1,北京,,2026-08-27,https://www.spacetalent.com.cn/jituan_xxx.html?id=50&positionId=132035208,2026-09-11 15:33:06
航天五院,总装与环境工程部,航天器总装技术工程师,控制科学与工程 / 机械 / 自动化,硕士,1,北京,,2026-08-27,https://www.spacetalent.com.cn/jituan_xxx.html?id=50&positionId=132035209,2026-09-11 15:33:06
航天五院,总装与环境工程部,航天机电产品可靠性试验技术工程师,动力工程及工程热物理 / 控制科学与工程 / 航空宇航科学与技术,硕士,1,北京,,2026-08-27,https://www.spacetalent.com.cn/jituan_xxx.html?id=50&positionId=132035210,2026-09-11 15:33:06
航天五院,总装与环境工程部,航天器AIT技术工程师,动力工程及工程热物理 / 电子信息 / 航空宇航科学与技术,硕士,1,北京,,2026-08-27,https://www.spacetalent.com.cn/jituan_xxx.html?id=50&positionId=132035211,2026-09-11 15:33:06
航天五院,总装与环境工程部,航天器总装技术工程师,控制科学与工程 / 机械 / 电子信息,硕士,1,北京,,2026-08-27,https://www.spacetalent.com.cn/jituan_xxx.html?id=50&positionId=132035212,2026-09-11 15:33:06
航天五院,总装与环境工程部,空间环境研究工程师,地球物理学 / 电子科学与技术 / 计算机,博士,1,北京,,2026-08-27,https://www.spacetalent.com.cn/jituan_xxx.html?id=50&positionId=132035213,2026-09-11 15:33:06
航天五院,总装与环境工程部,航天器总装检验技术工程师,机械 / 自动化 / 计算机,硕士,1,北京,,2026-08-27,https://www.spacetalent.com.cn/jituan_xxx.html?id=50&positionId=132035214,2026-09-11 15:33:06
航天五院,总装与环境工程部,空间环境模拟及装备研制技术工程师,力学 / 动力工程及工程热物理 / 机械,硕士,1,北京,,2026-08-27,https://www.spacetalent.com.cn/jituan_xxx.html?id=50&positionId=132035215,2026-09-11 15:33:06
航天五院,总装与环境工程部,航天器专业测试技术工程师,光学工程 / 动力工程及工程热物理 / 机械,硕士,1,北京,,2026-08-27,https://www.spacetalent.com.cn/jituan_xxx.html?id=50&positionId=132035216,2026-09-11 15:33:06
航天五院,总装与环境工程部,航天器专业测试技术工程师,仪器 / 力学 / 机械工程,硕士,1,北京,,2026-08-27,https://www.spacetalent.com.cn/jituan_xxx.html?id=50&positionId=132035217,2026-09-11 15:33:06
航天五院,总装与环境工程部,航天机电产品可靠性试验设备研制工程师,控制科学与工程 / 电子信息 / 计算机,硕士,1,北京,,2026-08-27,https://www.spacetalent.com.cn/jituan_xxx.html?id=50&positionId=132035218,2026-09-11 15:33:06
航天五院,总装与环境工程部,航天机电产品可靠性试验设备研制工程师,电子信息 / 能源动力 / 航空宇航科学与技术,硕士,1,北京,,2026-08-27,https://www.spacetalent.com.cn/jituan_xxx.html?id=50&positionId=132035219,2026-09-11 15:33:06
航天五院,总装与环境工程部,航天器力学试验技术工程师,力学 / 机械 / 航空宇航科学与技术,硕士,1,北京,,2026-08-27,https://www.spacetalent.com.cn/jituan_xxx.html?id=50&positionId=132035220,2026-09-11 15:33:06
航天五院,总装与环境工程部,空间环境研究工程师,控制科学与工程 / 电子信息 / 航空宇航科学与技术,硕士,1,北京,,2026-08-27,https://www.spacetalent.com.cn/jituan_xxx.html?id=50&positionId=132035221,2026-09-11 15:33:06
航天五院,总装与环境工程部,航天器总装技术工程师,机械工程 / 自动化 / 航空宇航科学与技术,博士,1,北京,,2026-08-27,https://www.spacetalent.com.cn/jituan_xxx.html?id=50&positionId=132035222,2026-09-11 15:33:06
航天五院,总装与环境工程部,航天器总装技术工程师,机械 / 自动化 / 计算机,硕士,1,北京,,2026-08-27,https://www.spacetalent.com.cn/jituan_xxx.html?id=50&positionId=132035223,2026-09-11 15:33:06
航天五院,总装与环境工程部,航天器真空热试验技术工程师,动力工程及工程热物理 / 机械 / 计算机,硕士,1,北京,,2026-08-27,https://www.spacetalent.com.cn/jituan_xxx.html?id=50&positionId=132035224,2026-09-11 15:33:06
航天五院,总装与环境工程部,航天器真空热试验技术工程师,电子信息 / 能源动力 / 航空宇航科学与技术,硕士,1,北京,,2026-08-27,https://www.spacetalent.com.cn/jituan_xxx.html?id=50&positionId=132035225,2026-09-11 15:33:06
航天五院,总装与环境工程部,航天器总装技术工程师,机械 / 电子信息 / 计算机,硕士,1,北京,,2026-08-27,https://www.spacetalent.com.cn/jituan_xxx.html?id=50&positionId=132035226,2026-09-11 15:33:06
航天五院,总装与环境工程部,航天器总装技术工程师,机械工程 / 自动化 / 航空宇航科学与技术,硕士,1,北京,,2026-08-27,https://www.spacetalent.com.cn/jituan_xxx.html?id=50&positionId=132035227,2026-09-11 15:33:06
航天五院,总装与环境工程部,航天器总装技术工程师,机械 / 自动化 / 计算机,硕士,1,北京,,2026-08-27,https://www.spacetalent.com.cn/jituan_xxx.html?id=50&positionId=132035228,2026-09-11 15:33:06
航天五院,总装与环境工程部,航天器磁试验技术工程师,机械 / 电子科学与技术 / 计算机,硕士,1,北京,,2026-08-27,https://www.spacetalent.com.cn/jituan_xxx.html?id=50&positionId=132035229,2026-09-11 15:33:06
航天五院,总装与环境工程部,航天器总装技术工程师,机械工程 / 机械 / 自动化,硕士,1,北京,,2026-08-27,https://www.spacetalent.com.cn/jituan_xxx.html?id=50&positionId=132035230,2026-09-11 15:33:06
航天五院,总装与环境工程部,航天器真空热试验技术工程师,动力工程及工程热物理 / 物理学 / 电子信息,硕士,1,北京,,2026-08-27,https://www.spacetalent.com.cn/jituan_xxx.html?id=50&positionId=132035231,2026-09-11 15:33:06
航天五院,总装与环境工程部,财务管理,财务会计,硕士,1,北京,,2026-08-27,https://www.spacetalent.com.cn/jituan_xxx.html?id=50&positionId=132035232,2026-09-11 15:33:06
航天五院,总装与环境工程部,航天器力学试验技术工程师,机械工程 / 自动化 / 航空航天,硕士,1,北京,,2026-08-27,https://www.spacetalent.com.cn/jituan_xxx.html?id=50&positionId=132035233,2026-09-11 15:33:06
航天五院,五一二所,设计师,建筑学 / 美术学 / 设计学,硕士及以上,1,北京,,2026-08-27,https://www.spacetalent.com.cn/jituan_xxx.html?id=50&positionId=132035234,2026-09-11 15:33:06
航天五院,五一二所,会计,工商管理 / 财务会计,硕士及以上,1,北京,,2026-08-27,https://www.spacetalent.com.cn/jituan_xxx.html?id=50&positionId=132035235,2026-09-11 15:33:06
航天五院,五一二所,研究师,仪器科学与技术 / 信息与通信工程 / 图书情报与档案管理,硕士及以上,1,北京,,2026-08-27,https://www.spacetalent.com.cn/jituan_xxx.html?id=50&positionId=132035236,2026-09-11 15:33:06
航天五院,五一二所,咨询师,工业工程 / 管理科学与工程 / 航空航天,硕士及以上,1,北京,,2026-08-27,https://www.spacetalent.com.cn/jituan_xxx.html?id=50&positionId=132035237,2026-09-11 15:33:06
航天五院,五一二所,研究师,公共管理 / 控制科学与工程 / 法学,硕士及以上,1,北京,,2026-08-27,https://www.spacetalent.com.cn/jituan_xxx.html?id=50&positionId=132035238,2026-09-11 15:33:06
航天五院,五一二所,研究师,图书情报与档案管理 / 材料科学与工程 / 电子科学与技术,硕士及以上,1,北京,,2026-08-27,https://www.spacetalent.com.cn/jituan_xxx.html?id=50&positionId=132035239,2026-09-11 15:33:06
航天五院,五一二所,研究师,计算机科学与技术 / 计算机 / 软件工程,硕士及以上,1,北京,,2026-08-27,https://www.spacetalent.com.cn/jituan_xxx.html?id=50&positionId=132035240,2026-09-11 15:33:06
航天五院,五一二所,研究师,信息与通信工程 / 电子信息 / 航空宇航科学与技术,硕士及以上,1,北京,,2026-08-27,https://www.spacetalent.com.cn/jituan_xxx.html?id=50&positionId=132035241,2026-09-11 15:33:06
航天五院,五一二所,设计师,中国语言文学 / 戏剧与影视学 / 设计学,硕士及以上,1,北京,,2026-08-27,https://www.spacetalent.com.cn/jituan_xxx.html?id=50&positionId=132035242,2026-09-11 15:33:06
航天五院,五一二所,研究师,图书情报与档案管理 / 文化服务 / 材料科学与工程,硕士及以上,1,北京,,2026-08-27,https://www.spacetalent.com.cn/jituan_xxx.html?id=50&positionId=132035243,2026-09-11 15:33:06
航天五院,五一三所,FPGA设计,电子信息 / 自动化,硕士,3,山东烟台,,2026-08-27,https://www.spacetalent.com.cn/jituan_xxx.html?id=50&positionId=132035244,2026-09-11 15:33:06
航天五院,五一三所,微纳卫星总体设计,电子信息 / 自动化 / 航空宇航科学与技术,硕士,1,山东烟台,,2026-08-27,https://www.spacetalent.com.cn/jituan_xxx.html?id=50&positionId=132035245,2026-09-11 15:33:06
航天五院,五一三所,综合电子系统工程师,控制科学与工程,硕士,3,山东烟台,,2026-08-27,https://www.spacetalent.com.cn/jituan_xxx.html?id=50&positionId=132035246,2026-09-11 15:33:06
航天五院,五一三所,计算机系统工程师,电子信息 / 电子科学与技术 / 计算机科学与技术,硕士,2,山东烟台,,2026-08-27,https://www.spacetalent.com.cn/jituan_xxx.html?id=50&positionId=132035247,2026-09-11 15:33:06
航天五院,五一三所,相控阵天线设计师,信息与通信工程 / 电子科学与技术,硕士及以上,1,山东烟台,,2026-08-27,https://www.spacetalent.com.cn/jituan_xxx.html?id=50&positionId=132035248,2026-09-11 15:33:06
航天五院,五一三所,信号处理设计师,信息与通信工程 / 电子科学与技术,硕士及以上,1,山东烟台,,2026-08-27,https://www.spacetalent.com.cn/jituan_xxx.html?id=50&positionId=132035249,2026-09-11 15:33:06
航天五院,五一三所,系统设计师,信息与通信工程 / 电子信息 / 电子科学与技术,硕士及以上,2,山东烟台,,2026-08-27,https://www.spacetalent.com.cn/jituan_xxx.html?id=50&positionId=132035250,2026-09-11 15:33:06
航天五院,五一三所,数字开关电源设计师,控制科学与工程 / 电气工程 / 自动化,硕士及以上,2,山东烟台,,2026-08-27,https://www.spacetalent.com.cn/jituan_xxx.html?id=50&positionId=132035251,2026-09-11 15:33:06
航天五院,五一三所,智能电子开关设计师,控制科学与工程 / 电气工程 / 自动化,硕士及以上,1,山东烟台,,2026-08-27,https://www.spacetalent.com.cn/jituan_xxx.html?id=50&positionId=132035252,2026-09-11 15:33:06
航天五院,五一三所,产品设计师,信息与通信工程 / 控制科学与工程 / 计算机科学与技术,硕士,1,山东烟台,,2026-08-27,https://www.spacetalent.com.cn/jituan_xxx.html?id=50&positionId=132035253,2026-09-11 15:33:06
航天五院,五一三所,电控项目经理,电子信息 / 电气 / 自动化,硕士,2,山东烟台,,2026-08-27,https://www.spacetalent.com.cn/jituan_xxx.html?id=50&positionId=132035254,2026-09-11 15:33:06
航天五院,五一三所,电控专业设计,电子信息 / 电气 / 自动化,硕士,1,山东烟台,,2026-08-27,https://www.spacetalent.com.cn/jituan_xxx.html?id=50&positionId=132035255,2026-09-11 15:33:06
航天五院,五一三所,嵌入式操作系统,软件工程,硕士,1,山东烟台,,2026-08-27,https://www.spacetalent.com.cn/jituan_xxx.html?id=50&positionId=132035256,2026-09-11 15:33:06
航天五院,五一三所,工业设计,设计学,硕士,1,山东烟台,,2026-08-27,https://www.spacetalent.com.cn/jituan_xxx.html?id=50&positionId=132035257,2026-09-11 15:33:06
航天五院,五一三所,产品工艺,材料科学与工程 / 材料,硕士,2,山东烟台,,2026-08-27,https://www.spacetalent.com.cn/jituan_xxx.html?id=50&positionId=132035258,2026-09-11 15:33:06
航天五院,五一三所,微波电路设计,电子科学与技术,硕士,1,山东烟台,,2026-08-27,https://www.spacetalent.com.cn/jituan_xxx.html?id=50&positionId=132035259,2026-09-11 15:33:06
航天五院,五一三所,水冷结构设计,动力工程及工程热物理,硕士,1,山东烟台,,2026-08-27,https://www.spacetalent.com.cn/jituan_xxx.html?id=50&positionId=132035260,2026-09-11 15:33:06
航天五院,五一三所,产品工艺师,机械 / 材料,硕士,2,山东烟台,,2026-08-27,https://www.spacetalent.com.cn/jituan_xxx.html?id=50&positionId=132035261,2026-09-11 15:33:06
航天五院,五一三所,5G协议栈开发工程,电子信息,硕士,1,山东烟台,,2026-08-27,https://www.spacetalent.com.cn/jituan_xxx.html?id=50&positionId=132035262,2026-09-11 15:33:06
航天五院,五一三所,系统工程,电子信息 / 电气,硕士,1,山东烟台,,2026-08-27,https://www.spacetalent.com.cn/jituan_xxx.html?id=50&positionId=132035263,2026-09-11 15:33:06
航天五院,五一三所,嵌入式软件设计,计算机,硕士,2,山东烟台,,2026-08-27,https://www.spacetalent.com.cn/jituan_xxx.html?id=50&positionId=132035264,2026-09-11 15:33:06
航天五院,五一三所,应用软件设计,计算机,硕士,1,山东烟台,,2026-08-27,https://www.spacetalent.com.cn/jituan_xxx.html?id=50&positionId=132035265,2026-09-11 15:33:06
航天五院,五一三所,传感器设计研发工程师,仪器科学与技术 / 电子科学与技术,硕士,1,山东烟台,,2026-08-27,https://www.spacetalent.com.cn/jituan_xxx.html?id=50&positionId=132035266,2026-09-11 15:33:06
航天五院,五一三所,智能处理系统工程师,控制科学与工程 / 电子信息 / 电子科学与技术,硕士,1,山东烟台,,2026-08-27,https://www.spacetalent.com.cn/jituan_xxx.html?id=50&positionId=132035267,2026-09-11 15:33:06
航天五院,五一四所,产品经理,仪器科学与技术 / 电气 / 自动化,硕士及以上,1,北京,,2026-08-27,https://www.spacetalent.com.cn/jituan_xxx.html?id=50&positionId=132035268,2026-09-11 15:33:06
航天五院,五一四所,产品科研,仪器科学与技术 / 控制科学与工程 / 电子信息,硕士及以上,1,北京,,2026-08-27,https://www.spacetalent.com.cn/jituan_xxx.html?id=50&positionId=132035269,2026-09-11 15:33:06
航天五院,五一四所,真空科研,仪器科学与技术 / 仪器,硕士及以上,1,北京,,2026-08-27,https://www.spacetalent.com.cn/jituan_xxx.html?id=50&positionId=132035270,2026-09-11 15:33:06
航天五院,五一四所,产品设计,仪器 / 控制科学与工程 / 计算机,硕士及以上,2,北京,,2026-08-27,https://www.spacetalent.com.cn/jituan_xxx.html?id=50&positionId=132035271,2026-09-11 15:33:06
航天五院,五一四所,静电技术研发,仪器科学与技术 / 物理学 / 航空航天,硕士及以上,1,北京,,2026-08-27,https://www.spacetalent.com.cn/jituan_xxx.html?id=50&positionId=132035272,2026-09-11 15:33:06
航天五院,五一四所,产品研发,电子信息 / 电子科学与技术 / 航空航天,硕士及以上,1,北京,,2026-08-27,https://www.spacetalent.com.cn/jituan_xxx.html?id=50&positionId=132035273,2026-09-11 15:33:06
航天五院,五一四所,软件研发与算法设计,仪器科学与技术 / 控制科学与工程 / 计算机科学与技术,硕士及以上,1,北京,,2026-08-27,https://www.spacetalent.com.cn/jituan_xxx.html?id=50&positionId=132035274,2026-09-11 15:33:06
航天五院,五一四所,产品设计,仪器科学与技术 / 信息与通信工程 / 电子信息,硕士及以上,1,北京,,2026-08-27,https://www.spacetalent.com.cn/jituan_xxx.html?id=50&positionId=132035275,2026-09-11 15:33:06
航天五院,五一四所,产品科研,仪器科学与技术 / 信息与通信工程 / 电子信息,硕士及以上,1,北京,,2026-08-27,https://www.spacetalent.com.cn/jituan_xxx.html?id=50&positionId=132035276,2026-09-11 15:33:06
航天五院,五一八所,装配工艺师,机械 / 材料 / 航空航天,硕士及以上,1,天津,,2026-08-27,https://www.spacetalent.com.cn/jituan_xxx.html?id=50&positionId=132035277,2026-09-11 15:33:06
航天五院,五一八所,机械设计师,力学 / 机械,硕士,1,天津,,2026-08-27,https://www.spacetalent.com.cn/jituan_xxx.html?id=50&positionId=132035278,2026-09-11 15:33:06
航天五院,五一八所,机械设计师,机械,硕士,1,天津,,2026-08-27,https://www.spacetalent.com.cn/jituan_xxx.html?id=50&positionId=132035279,2026-09-11 15:33:06
航天五院,五一八所,软件设计师,计算机,硕士,2,天津,,2026-08-27,https://www.spacetalent.com.cn/jituan_xxx.html?id=50&positionId=132035280,2026-09-11 15:33:06
航天五院,五一八所,电气设计师,控制科学与工程 / 电子信息 / 自动化,硕士,1,天津,,2026-08-27,https://www.spacetalent.com.cn/jituan_xxx.html?id=50&positionId=132035281,2026-09-11 15:33:06
航天五院,五一八所,电气设计师,控制科学与工程 / 电气工程 / 自动化,硕士,1,天津,,2026-08-27,https://www.spacetalent.com.cn/jituan_xxx.html?id=50&positionId=132035282,2026-09-11 15:33:06
航天五院,五一八所,电气设计师,控制科学与工程 / 机械 / 自动化,硕士,1,天津,,2026-08-27,https://www.spacetalent.com.cn/jituan_xxx.html?id=50&positionId=132035283,2026-09-11 15:33:06
航天五院,五一八所,机械加工工艺师,机械 / 机械设计制造,硕士,1,天津,,2026-08-27,https://www.spacetalent.com.cn/jituan_xxx.html?id=50&positionId=132035284,2026-09-11 15:33:06
航天五院,五一八所,机械加工工艺师,机械 / 机械设计制造 / 材料,硕士,1,天津,,2026-08-27,https://www.spacetalent.com.cn/jituan_xxx.html?id=50&positionId=132035285,2026-09-11 15:33:06
航天五院,五一八所,研发设计师,自动化 / 计算机,硕士及以上,1,天津,,2026-08-27,https://www.spacetalent.com.cn/jituan_xxx.html?id=50&positionId=132035286,2026-09-11 15:33:06
航天五院,五一八所,产品设计师,机械工程 / 机械 / 自动化,硕士及以上,1,天津,,2026-08-27,https://www.spacetalent.com.cn/jituan_xxx.html?id=50&positionId=132035287,2026-09-11 15:33:06
航天五院,五一八所,机械加工工艺师,机械工程 / 机械 / 自动化,硕士及以上,4,天津,,2026-08-27,https://www.spacetalent.com.cn/jituan_xxx.html?id=50&positionId=132035288,2026-09-11 15:33:06
航天五院,五二九厂,星船结构工艺,材料科学与工程 / 电气工程 / 航空航天,硕士及以上,1,北京,,2026-08-27,https://www.spacetalent.com.cn/jituan_xxx.html?id=50&positionId=132035289,2026-09-11 15:33:06
航天五院,五二九厂,人力资源管理,工商管理,硕士及以上,1,北京,,2026-08-27,https://www.spacetalent.com.cn/jituan_xxx.html?id=50&positionId=132035290,2026-09-11 15:33:06
航天五院,五二九厂,星船电子产品设计,材料科学与工程 / 电子科学与技术 / 电气工程,硕士及以上,2,北京,,2026-08-27,https://www.spacetalent.com.cn/jituan_xxx.html?id=50&positionId=132035291,2026-09-11 15:33:06
航天五院,五二九厂,软件设计,机械工程 / 电子科学与技术 / 电气工程,硕士及以上,2,北京,,2026-08-27,https://www.spacetalent.com.cn/jituan_xxx.html?id=50&positionId=132035292,2026-09-11 15:33:06
航天五院,五二九厂,星船表面处理工艺,化学工程与技术 / 机械工程 / 材料科学与工程,本科及以上,1,北京,,2026-08-27,https://www.spacetalent.com.cn/jituan_xxx.html?id=50&positionId=132035293,2026-09-11 15:33:06
航天五院,五二九厂,增材制造工艺,力学 / 控制科学与工程 / 机械工程,硕士及以上,1,北京,,2026-08-27,https://www.spacetalent.com.cn/jituan_xxx.html?id=50&positionId=132035294,2026-09-11 15:33:06
航天五院,五二九厂,星船复合材料结构工艺,力学 / 机械工程 / 材料科学与工程,硕士及以上,2,北京,,2026-08-27,https://www.spacetalent.com.cn/jituan_xxx.html?id=50&positionId=132035295,2026-09-11 15:33:06
航天五院,五二九厂,星船表面处理工艺,信息与通信工程 / 机械工程 / 材料科学与工程,硕士及以上,1,北京,,2026-08-27,https://www.spacetalent.com.cn/jituan_xxx.html?id=50&positionId=132035296,2026-09-11 15:33:06
航天五院,五二九厂,星船电子产品工艺 ,材料科学与工程 / 电子信息 / 电子科学与技术,本科及以上,10,浙江杭州,,2026-08-27,https://www.spacetalent.com.cn/jituan_xxx.html?id=50&positionId=132035297,2026-09-11 15:33:06
航天五院,五二九厂,无线电装接工艺,机械工程 / 电子科学与技术 / 电气工程,硕士及以上,1,北京,,2026-08-27,https://www.spacetalent.com.cn/jituan_xxx.html?id=50&positionId=132035298,2026-09-11 15:33:06
航天五院,五二九厂,星船电子产品设计,控制科学与工程 / 机械工程 / 电气工程,硕士及以上,3,北京,,2026-08-27,https://www.spacetalent.com.cn/jituan_xxx.html?id=50&positionId=132035299,2026-09-11 15:33:06
航天五院,五二九厂,星船电子产品设计,信息与通信工程 / 控制科学与工程 / 机械工程,硕士及以上,2,北京,,2026-08-27,https://www.spacetalent.com.cn/jituan_xxx.html?id=50&positionId=132035300,2026-09-11 15:33:06
航天五院,五二九厂,星船电子产品设计,机械工程 / 电子科学与技术 / 电气工程,硕士及以上,2,北京,,2026-08-27,https://www.spacetalent.com.cn/jituan_xxx.html?id=50&positionId=132035301,2026-09-11 15:33:06
航天五院,五二九厂,星船焊接工艺,化学 / 机械工程 / 材料科学与工程,硕士及以上,1,北京,,2026-08-27,https://www.spacetalent.com.cn/jituan_xxx.html?id=50&positionId=132035302,2026-09-11 15:33:06
航天五院,五二九厂,星船复合材料结构工艺,动力工程及工程热物理 / 机械工程 / 材料科学与工程,硕士及以上,1,北京,,2026-08-27,https://www.spacetalent.com.cn/jituan_xxx.html?id=50&positionId=132035303,2026-09-11 15:33:06
航天五院,五二九厂,星船复合材料结构工艺,仪器 / 机械工程 / 材料科学与工程,硕士及以上,3,北京,,2026-08-27,https://www.spacetalent.com.cn/jituan_xxx.html?id=50&positionId=132035304,2026-09-11 15:33:06
航天五院,五二九厂,星船电子产品工艺,控制科学与工程 / 材料科学与工程 / 电气工程,硕士及以上,2,北京,,2026-08-27,https://www.spacetalent.com.cn/jituan_xxx.html?id=50&positionId=132035305,2026-09-11 15:33:06
航天五院,五二九厂,计算机应用,机械工程 / 材料科学与工程 / 计算机,硕士及以上,2,北京,,2026-08-27,https://www.spacetalent.com.cn/jituan_xxx.html?id=50&positionId=132035306,2026-09-11 15:33:06
航天五院,五二九厂,机电产品试验测试,力学 / 材料科学与工程 / 电子科学与技术,硕士及以上,1,北京,,2026-08-27,https://www.spacetalent.com.cn/jituan_xxx.html?id=50&positionId=132035307,2026-09-11 15:33:06
航天五院,航天东方红卫星有限公司,人力资源主管,公共管理 / 工商管理,硕士及以上,1,北京,,2026-08-27,https://www.spacetalent.com.cn/jituan_xxx.html?id=50&positionId=132035308,2026-09-11 15:33:06
航天五院,航天东方红卫星有限公司,主管设计师,光学工程 / 测绘科学与技术 / 航空宇航科学与技术,硕士及以上,3,北京,,2026-08-27,https://www.spacetalent.com.cn/jituan_xxx.html?id=50&positionId=132035309,2026-09-11 15:33:06
航天五院,航天东方红卫星有限公司,主管设计师,信息与通信工程 / 电子信息 / 电子科学与技术,硕士及以上,3,北京,,2026-08-27,https://www.spacetalent.com.cn/jituan_xxx.html?id=50&positionId=132035310,2026-09-11 15:33:06
航天五院,航天东方红卫星有限公司,主管设计师,仪器 / 测绘 / 航空宇航科学与技术,硕士及以上,2,北京,,2026-08-27,https://www.spacetalent.com.cn/jituan_xxx.html?id=50&positionId=132035311,2026-09-11 15:33:06
航天五院,航天东方红卫星有限公司,卫星总体设计师,控制科学与工程 / 电子科学与技术 / 航空航天,硕士及以上,1,北京,,2026-08-27,https://www.spacetalent.com.cn/jituan_xxx.html?id=50&positionId=132035312,2026-09-11 15:33:06
航天五院,航天东方红卫星有限公司,装备数字化设计师,计算机科学与技术 / 计算机 / 软件工程,硕士及以上,1,北京,,2026-08-27,https://www.spacetalent.com.cn/jituan_xxx.html?id=50&positionId=132035313,2026-09-11 15:33:06
航天五院,航天东方红卫星有限公司,数智应用设计师,计算机科学与技术 / 计算机 / 软件工程,硕士及以上,1,北京,,2026-08-27,https://www.spacetalent.com.cn/jituan_xxx.html?id=50&positionId=132035314,2026-09-11 15:33:06
航天五院,航天东方红卫星有限公司,任务设计分析师,控制科学与工程 / 航空航天 / 计算机,硕士及以上,2,北京,,2026-08-27,https://www.spacetalent.com.cn/jituan_xxx.html?id=50&positionId=132035315,2026-09-11 15:33:06
航天五院,航天东方红卫星有限公司,任务设计师,仪器科学与技术 / 自动化 / 计算机,硕士及以上,2,北京,,2026-08-27,https://www.spacetalent.com.cn/jituan_xxx.html?id=50&positionId=132035316,2026-09-11 15:33:06
航天五院,航天东方红卫星有限公司,软件工程设计师,控制科学与工程 / 电子信息 / 自动化,硕士及以上,2,北京,,2026-08-27,https://www.spacetalent.com.cn/jituan_xxx.html?id=50&positionId=132035317,2026-09-11 15:33:06
航天五院,航天东方红卫星有限公司,机械总体设计师,机械 / 自动化 / 航空航天,硕士及以上,2,北京,,2026-08-27,https://www.spacetalent.com.cn/jituan_xxx.html?id=50&positionId=132035318,2026-09-11 15:33:06
航天五院,航天东方红卫星有限公司,环境工程设计师,力学 / 机械 / 航空航天,硕士及以上,2,北京,,2026-08-27,https://www.spacetalent.com.cn/jituan_xxx.html?id=50&positionId=132035319,2026-09-11 15:33:06
航天五院,航天东方红卫星有限公司,热控总体设计师,动力工程及工程热物理 / 能源动力 / 航空航天,硕士及以上,1,北京,,2026-08-27,https://www.spacetalent.com.cn/jituan_xxx.html?id=50&positionId=132035320,2026-09-11 15:33:06
航天五院,航天东方红卫星有限公司,在轨应用设计师,测绘科学与技术 / 计算机科学与技术 / 计算机,硕士及以上,1,北京,,2026-08-27,https://www.spacetalent.com.cn/jituan_xxx.html?id=50&positionId=132035321,2026-09-11 15:33:06
航天五院,航天东方红卫星有限公司,在轨支持设计师,控制科学与工程 / 电子信息 / 航空航天,硕士及以上,2,北京,,2026-08-27,https://www.spacetalent.com.cn/jituan_xxx.html?id=50&positionId=132035322,2026-09-11 15:33:06
航天五院,航天东方红卫星有限公司,先进与特种电源设计师,自动化 / 航空航天 / 计算机,硕士及以上,1,北京,,2026-08-27,https://www.spacetalent.com.cn/jituan_xxx.html?id=50&positionId=132035323,2026-09-11 15:33:06
航天五院,航天东方红卫星有限公司,供配电系统设计师,电子信息 / 电气 / 航空航天,硕士及以上,1,北京,,2026-08-27,https://www.spacetalent.com.cn/jituan_xxx.html?id=50&positionId=132035324,2026-09-11 15:33:06
航天五院,航天东方红卫星有限公司,供配电产品设计师,电子信息 / 自动化 / 计算机,硕士及以上,1,北京,,2026-08-27,https://www.spacetalent.com.cn/jituan_xxx.html?id=50&positionId=132035325,2026-09-11 15:33:06
航天五院,航天东方红卫星有限公司,EMC设计师,电子信息 / 电子科学与技术 / 计算机,硕士及以上,1,北京,,2026-08-27,https://www.spacetalent.com.cn/jituan_xxx.html?id=50&positionId=132035326,2026-09-11 15:33:06
航天五院,航天东方红卫星有限公司,通信设计师,信息与通信工程 / 电子信息 / 软件工程,硕士及以上,2,北京,,2026-08-27,https://www.spacetalent.com.cn/jituan_xxx.html?id=50&positionId=132035327,2026-09-11 15:33:06
航天五院,航天东方红卫星有限公司,通信设计师,信息与通信工程 / 计算机 / 软件工程,硕士及以上,1,北京,,2026-08-27,https://www.spacetalent.com.cn/jituan_xxx.html?id=50&positionId=132035328,2026-09-11 15:33:06
航天五院,航天东方红卫星有限公司,总装工艺设计师,兵器科学与技术 / 机械 / 航空宇航科学与技术,硕士及以上,3,北京,,2026-08-27,https://www.spacetalent.com.cn/jituan_xxx.html?id=50&positionId=132035329,2026-09-11 15:33:06
航天五院,航天东方红卫星有限公司,卫星综合测试,电子信息 / 电气 / 计算机,硕士及以上,1,北京,,2026-08-27,https://www.spacetalent.com.cn/jituan_xxx.html?id=50&positionId=132035330,2026-09-11 15:33:06
航天五院,航天东方红卫星有限公司,卫星综合测试,控制科学与工程 / 电子信息 / 计算机,硕士及以上,1,北京,,2026-08-27,https://www.spacetalent.com.cn/jituan_xxx.html?id=50&positionId=132035331,2026-09-11 15:33:06
航天五院,航天东方红卫星有限公司,星座网络总体设计师,信息与通信工程 / 控制科学与工程 / 计算机科学与技术,硕士及以上,2,北京,,2026-08-27,https://www.spacetalent.com.cn/jituan_xxx.html?id=50&positionId=132035332,2026-09-11 15:33:06
航天五院,航天恒星科技有限公司,政工管理,政治学 / 马克思主义理论,硕士,1,北京,,2026-08-27,https://www.spacetalent.com.cn/jituan_xxx.html?id=50&positionId=132035333,2026-09-11 15:33:06
航天五院,航天恒星科技有限公司,机构与结构设计师,力学 / 机械,硕士,1,北京,,2026-08-27,https://www.spacetalent.com.cn/jituan_xxx.html?id=50&positionId=132035334,2026-09-11 15:33:06
航天五院,航天恒星科技有限公司,应用软件开发工程师,信息与通信工程 / 计算机科学与技术,硕士,2,江苏无锡,,2026-08-27,https://www.spacetalent.com.cn/jituan_xxx.html?id=50&positionId=132035335,2026-09-11 15:33:06
航天五院,航天恒星科技有限公司,系统总体设计师,信息与通信工程 / 电子信息 / 电子科学与技术,硕士,1,北京,,2026-08-27,https://www.spacetalent.com.cn/jituan_xxx.html?id=50&positionId=132035336,2026-09-11 15:33:06
航天五院,航天恒星科技有限公司,系统总体设计师,计算机,硕士,2,北京,,2026-08-27,https://www.spacetalent.com.cn/jituan_xxx.html?id=50&positionId=132035337,2026-09-11 15:33:06
航天五院,航天恒星科技有限公司,系统总体设计师,地理科学 / 测绘科学与技术 / 测绘,硕士,2,北京,,2026-08-27,https://www.spacetalent.com.cn/jituan_xxx.html?id=50&positionId=132035338,2026-09-11 15:33:06
航天五院,航天恒星科技有限公司,应用软件开发工程师,电子信息 / 计算机科学与技术 / 软件工程,硕士,2,北京,,2026-08-27,https://www.spacetalent.com.cn/jituan_xxx.html?id=50&positionId=132035339,2026-09-11 15:33:06
航天五院,航天恒星科技有限公司,算法设计师,信息与通信工程 / 控制科学与工程 / 测绘科学与技术,硕士,1,北京,,2026-08-27,https://www.spacetalent.com.cn/jituan_xxx.html?id=50&positionId=132035340,2026-09-11 15:33:06
航天五院,航天恒星科技有限公司,FPGA设计师,信息与通信工程 / 电子科学与技术,硕士,2,北京,,2026-08-27,https://www.spacetalent.com.cn/jituan_xxx.html?id=50&positionId=132035341,2026-09-11 15:33:06
航天五院,航天恒星科技有限公司,算法设计师,信息与通信工程 / 控制科学与工程 / 测绘科学与技术,硕士,2,北京,,2026-08-27,https://www.spacetalent.com.cn/jituan_xxx.html?id=50&positionId=132035342,2026-09-11 15:33:06
航天五院,航天恒星科技有限公司,基带硬件设计师,信息与通信工程 / 电子科学与技术,硕士,1,北京,,2026-08-27,https://www.spacetalent.com.cn/jituan_xxx.html?id=50&positionId=132035343,2026-09-11 15:33:06
航天五院,航天恒星科技有限公司,嵌入式软件设计师,信息与通信工程 / 控制科学与工程 / 测绘科学与技术,硕士,1,北京,,2026-08-27,https://www.spacetalent.com.cn/jituan_xxx.html?id=50&positionId=132035344,2026-09-11 15:33:06
航天五院,航天恒星科技有限公司,嵌入式软件设计师,信息与通信工程 / 控制科学与工程 / 测绘科学与技术,硕士,1,北京,,2026-08-27,https://www.spacetalent.com.cn/jituan_xxx.html?id=50&positionId=132035345,2026-09-11 15:33:06
航天五院,航天恒星科技有限公司,应用软件开发工程师,控制科学与工程 / 电子信息 / 计算机科学与技术,硕士,2,北京,,2026-08-27,https://www.spacetalent.com.cn/jituan_xxx.html?id=50&positionId=132035346,2026-09-11 15:33:06
航天五院,航天恒星科技有限公司,FPGA设计师,信息与通信工程 / 电子信息 / 航空宇航科学与技术,硕士,1,北京,,2026-08-27,https://www.spacetalent.com.cn/jituan_xxx.html?id=50&positionId=132035347,2026-09-11 15:33:06
航天五院,航天恒星科技有限公司,应用软件开发工程师,信息与通信工程 / 电子信息 / 计算机科学与技术,硕士,1,北京,,2026-08-27,https://www.spacetalent.com.cn/jituan_xxx.html?id=50&positionId=132035348,2026-09-11 15:33:06
航天五院,航天恒星科技有限公司,员工发展管理,工商管理,硕士,1,北京,,2026-08-27,https://www.spacetalent.com.cn/jituan_xxx.html?id=50&positionId=132035349,2026-09-11 15:33:06
航天五院,航天恒星科技有限公司,应用软件开发工程师,控制科学与工程 / 电子信息 / 计算机科学与技术,硕士,3,北京,,2026-08-27,https://www.spacetalent.com.cn/jituan_xxx.html?id=50&positionId=132035350,2026-09-11 15:33:06
航天五院,航天恒星科技有限公司,应用软件开发工程师,电子信息 / 计算机科学与技术 / 软件工程,硕士,2,北京,,2026-08-27,https://www.spacetalent.com.cn/jituan_xxx.html?id=50&positionId=132035351,2026-09-11 15:33:06
航天五院,航天恒星科技有限公司,算法设计师,信息与通信工程 / 电子信息 / 计算机科学与技术,硕士,1,北京,,2026-08-27,https://www.spacetalent.com.cn/jituan_xxx.html?id=50&positionId=132035352,2026-09-11 15:33:06
航天五院,航天恒星科技有限公司,系统总体设计师,信息与通信工程 / 电子信息 / 计算机科学与技术,硕士,1,北京,,2026-08-27,https://www.spacetalent.com.cn/jituan_xxx.html?id=50&positionId=132035353,2026-09-11 15:33:06
航天五院,航天恒星科技有限公司,FPGA设计师,信息与通信工程 / 电子信息 / 航空宇航科学与技术,硕士,1,北京,,2026-08-27,https://www.spacetalent.com.cn/jituan_xxx.html?id=50&positionId=132035354,2026-09-11 15:33:06
航天五院,航天恒星科技有限公司,前沿技术研究师,测绘科学与技术 / 计算机科学与技术,博士,2,北京,,2026-08-27,https://www.spacetalent.com.cn/jituan_xxx.html?id=50&positionId=132035355,2026-09-11 15:33:06
航天五院,航天恒星科技有限公司,前沿技术研究师,信息与通信工程 / 电子科学与技术,博士,1,北京,,2026-08-27,https://www.spacetalent.com.cn/jituan_xxx.html?id=50&positionId=132035356,2026-09-11 15:33:06
航天五院,航天恒星科技有限公司,系统总体设计师,信息与通信工程 / 测绘科学与技术,博士,1,北京,,2026-08-27,https://www.spacetalent.com.cn/jituan_xxx.html?id=50&positionId=132035357,2026-09-11 15:33:06
航天五院,航天恒星科技有限公司,FPGA设计师,电子信息 / 计算机科学与技术,硕士,1,北京,,2026-08-27,https://www.spacetalent.com.cn/jituan_xxx.html?id=50&positionId=132035358,2026-09-11 15:33:06
航天五院,航天恒星科技有限公司,系统总体设计师,电子信息 / 计算机科学与技术,博士,1,北京,,2026-08-27,https://www.spacetalent.com.cn/jituan_xxx.html?id=50&positionId=132035359,2026-09-11 15:33:06
航天五院,航天恒星科技有限公司,算法设计师,电子信息 / 计算机科学与技术,硕士,1,北京,,2026-08-27,https://www.spacetalent.com.cn/jituan_xxx.html?id=50&positionId=132035360,2026-09-11 15:33:06
航天五院,航天恒星科技有限公司,嵌入式软件设计师,电子信息 / 计算机科学与技术,硕士,2,北京,,2026-08-27,https://www.spacetalent.com.cn/jituan_xxx.html?id=50&positionId=132035361,2026-09-11 15:33:06
航天五院,航天恒星科技有限公司,基带硬件设计师,电子信息 / 计算机科学与技术,硕士,1,北京,,2026-08-27,https://www.spacetalent.com.cn/jituan_xxx.html?id=50&positionId=132035362,2026-09-11 15:33:06
航天五院,航天恒星科技有限公司,算法设计师,电子信息 / 计算机科学与技术,硕士,1,北京,,2026-08-27,https://www.spacetalent.com.cn/jituan_xxx.html?id=50&positionId=132035363,2026-09-11 15:33:06
航天五院,航天恒星科技有限公司,算法工程师,信息与通信工程 / 电子信息 / 计算机,硕士,2,北京,,2026-08-27,https://www.spacetalent.com.cn/jituan_xxx.html?id=50&positionId=132035364,2026-09-11 15:33:06
航天五院,航天恒星科技有限公司,系统论证工程师,地理学 / 测绘 / 计算机,博士,2,北京,,2026-08-27,https://www.spacetalent.com.cn/jituan_xxx.html?id=50&positionId=132035365,2026-09-11 15:33:06
航天五院,航天恒星科技有限公司,基带硬件设计师,信息与通信工程 / 电子信息 / 通信,硕士,1,北京,,2026-08-27,https://www.spacetalent.com.cn/jituan_xxx.html?id=50&positionId=132035366,2026-09-11 15:33:06
航天五院,航天恒星科技有限公司,算法设计师,信息与通信工程 / 电子信息 / 通信,硕士,1,北京,,2026-08-27,https://www.spacetalent.com.cn/jituan_xxx.html?id=50&positionId=132035367,2026-09-11 15:33:06
航天五院,航天恒星科技有限公司,天线设计师,信息与通信工程 / 电子信息 / 通信,硕士,1,北京,,2026-08-27,https://www.spacetalent.com.cn/jituan_xxx.html?id=50&positionId=132035368,2026-09-11 15:33:06
航天五院,航天恒星科技有限公司,会计,工商管理 / 财务会计 / 财政税务,硕士,2,北京,,2026-08-27,https://www.spacetalent.com.cn/jituan_xxx.html?id=50&positionId=132035369,2026-09-11 15:33:06
航天五院,航天恒星科技有限公司,FPGA设计师,信息与通信工程 / 电子信息 / 通信,硕士,1,北京,,2026-08-27,https://www.spacetalent.com.cn/jituan_xxx.html?id=50&positionId=132035370,2026-09-11 15:33:06
航天五院,航天恒星科技有限公司,算法设计师,信息与通信工程 / 电子信息 / 通信,硕士,1,北京,,2026-08-27,https://www.spacetalent.com.cn/jituan_xxx.html?id=50&positionId=132035371,2026-09-11 15:33:06
航天五院,航天恒星科技有限公司,射频设计师,信息与通信工程 / 电子信息 / 通信,硕士,1,北京,,2026-08-27,https://www.spacetalent.com.cn/jituan_xxx.html?id=50&positionId=132035372,2026-09-11 15:33:06
航天五院,航天恒星科技有限公司,FPGA设计师,信息与通信工程 / 电子信息 / 通信,硕士,1,北京,,2026-08-27,https://www.spacetalent.com.cn/jituan_xxx.html?id=50&positionId=132035373,2026-09-11 15:33:06
航天五院,航天恒星科技有限公司,硬件设计师,信息与通信工程 / 计算机科学与技术 / 计算机,硕士,1,北京,,2026-08-27,https://www.spacetalent.com.cn/jituan_xxx.html?id=50&positionId=132035374,2026-09-11 15:33:06
航天五院,航天恒星科技有限公司,FPGA设计师,信息与通信工程 / 控制科学与工程 / 电子科学与技术,硕士,2,天津,,2026-08-27,https://www.spacetalent.com.cn/jituan_xxx.html?id=50&positionId=132035375,2026-09-11 15:33:06
航天五院,航天恒星科技有限公司,应用软件设计师,信息与通信工程 / 计算机科学与技术 / 计算机,硕士,2,北京,,2026-08-27,https://www.spacetalent.com.cn/jituan_xxx.html?id=50&positionId=132035376,2026-09-11 15:33:06
航天五院,航天恒星科技有限公司,算法设计师,数学 / 计算机科学与技术 / 计算机,硕士,2,北京,,2026-08-27,https://www.spacetalent.com.cn/jituan_xxx.html?id=50&positionId=132035377,2026-09-11 15:33:06
航天五院,航天恒星科技有限公司,应用软件开发工程师,信息与通信工程 / 测绘科学与技术 / 计算机科学与技术,硕士,3,黑龙江哈尔滨,,2026-08-27,https://www.spacetalent.com.cn/jituan_xxx.html?id=50&positionId=132035378,2026-09-11 15:33:06
航天五院,航天恒星科技有限公司,应用软件开发工程师,电子信息 / 计算机 / 软件工程,硕士,1,北京,,2026-08-27,https://www.spacetalent.com.cn/jituan_xxx.html?id=50&positionId=132035379,2026-09-11 15:33:06
航天五院,航天恒星科技有限公司,应用软件开发工程师,计算机科学与技术 / 计算机 / 软件工程,硕士,1,北京,,2026-08-27,https://www.spacetalent.com.cn/jituan_xxx.html?id=50&positionId=132035380,2026-09-11 15:33:06
航天五院,航天恒星科技有限公司,应用软件开发工程师,计算机科学与技术 / 计算机 / 软件工程,硕士,1,北京,,2026-08-27,https://www.spacetalent.com.cn/jituan_xxx.html?id=50&positionId=132035381,2026-09-11 15:33:06
航天五院,航天恒星科技有限公司,应用软件开发工程师,电子信息 / 计算机 / 软件工程,硕士,2,江西南昌,,2026-08-27,https://www.spacetalent.com.cn/jituan_xxx.html?id=50&positionId=132035382,2026-09-11 15:33:06
航天五院,航天恒星科技有限公司,应用软件开发工程师,电子信息 / 计算机 / 软件工程,硕士,1,北京,,2026-08-27,https://www.spacetalent.com.cn/jituan_xxx.html?id=50&positionId=132035383,2026-09-11 15:33:06
航天五院,航天恒星科技有限公司,算法设计师,信息与通信工程 / 电子信息 / 计算机科学与技术,硕士,3,北京,,2026-08-27,https://www.spacetalent.com.cn/jituan_xxx.html?id=50&positionId=132035384,2026-09-11 15:33:06
航天五院,航天恒星科技有限公司,算法设计师,信息与通信工程 / 测绘科学与技术 / 电子科学与技术,博士,2,北京,,2026-08-27,https://www.spacetalent.com.cn/jituan_xxx.html?id=50&positionId=132035385,2026-09-11 15:33:06
航天五院,航天恒星科技有限公司,算法设计师,测绘科学与技术 / 电子科学与技术 / 计算机科学与技术,博士,1,北京,,2026-08-27,https://www.spacetalent.com.cn/jituan_xxx.html?id=50&positionId=132035386,2026-09-11 15:33:06
航天五院,航天恒星科技有限公司,纪检与审计监督管理,法学,硕士,1,北京,,2026-08-27,https://www.spacetalent.com.cn/jituan_xxx.html?id=50&positionId=132035387,2026-09-11 15:33:06
航天五院,航天恒星科技有限公司,系统集成工程师,计算机,硕士,3,北京,,2026-08-27,https://www.spacetalent.com.cn/jituan_xxx.html?id=50&positionId=132035388,2026-09-11 15:33:06
航天五院,航天恒星科技有限公司,系统总体设计师,通信,博士,1,北京,,2026-08-27,https://www.spacetalent.com.cn/jituan_xxx.html?id=50&positionId=132035389,2026-09-11 15:33:06
航天五院,航天恒星科技有限公司,软件测试设计师,计算机,硕士,1,北京,,2026-08-27,https://www.spacetalent.com.cn/jituan_xxx.html?id=50&positionId=132035390,2026-09-11 15:33:06
航天五院,航天恒星科技有限公司,软件测试设计师,计算机,硕士,1,北京,,2026-08-27,https://www.spacetalent.com.cn/jituan_xxx.html?id=50&positionId=132035391,2026-09-11 15:33:06
航天五院,航天恒星科技有限公司,射频设计师,信息与通信工程 / 电子信息 / 电子科学与技术,硕士,3,四川成都,,2026-08-27,https://www.spacetalent.com.cn/jituan_xxx.html?id=50&positionId=132035392,2026-09-11 15:33:06
航天五院,航天恒星科技有限公司,基带硬件设计师,信息与通信工程 / 控制科学与工程 / 电子科学与技术,硕士,1,天津,,2026-08-27,https://www.spacetalent.com.cn/jituan_xxx.html?id=50&positionId=132035393,2026-09-11 15:33:06
航天五院,航天恒星科技有限公司,嵌入式软件设计师,控制科学与工程 / 电子科学与技术 / 计算机科学与技术,硕士,1,天津,,2026-08-27,https://www.spacetalent.com.cn/jituan_xxx.html?id=50&positionId=132035394,2026-09-11 15:33:06
航天五院,航天恒星科技有限公司,算法设计师,控制科学与工程 / 测绘地理信息 / 计算机科学与技术,硕士,1,北京,,2026-08-27,https://www.spacetalent.com.cn/jituan_xxx.html?id=50&positionId=132035395,2026-09-11 15:33:06
航天五院,航天恒星科技有限公司,应用软件开发工程师,信息与通信工程 / 测绘科学与技术 / 计算机科学与技术,硕士,1,北京,,2026-08-27,https://www.spacetalent.com.cn/jituan_xxx.html?id=50&positionId=132035396,2026-09-11 15:33:06
航天五院,航天恒星科技有限公司,应用软件开发工程师,信息与通信工程 / 测绘科学与技术 / 计算机科学与技术,硕士,1,北京,,2026-08-27,https://www.spacetalent.com.cn/jituan_xxx.html?id=50&positionId=132035397,2026-09-11 15:33:06
航天五院,航天恒星科技有限公司,应用软件开发工程师,信息与通信工程 / 电子信息 / 计算机科学与技术,硕士,1,北京,,2026-08-27,https://www.spacetalent.com.cn/jituan_xxx.html?id=50&positionId=132035398,2026-09-11 15:33:06
航天五院,航天恒星科技有限公司,工艺设计师,机械 / 材料科学与工程,硕士,1,北京,,2026-08-27,https://www.spacetalent.com.cn/jituan_xxx.html?id=50&positionId=132035399,2026-09-11 15:33:06
航天五院,航天恒星科技有限公司,软件测试设计师,计算机,硕士,1,北京,,2026-08-27,https://www.spacetalent.com.cn/jituan_xxx.html?id=50&positionId=132035400,2026-09-11 15:33:06
航天五院,航天恒星科技有限公司,嵌入式软件设计师,信息与通信工程 / 电子信息 / 计算机科学与技术,硕士,1,北京,,2026-08-27,https://www.spacetalent.com.cn/jituan_xxx.html?id=50&positionId=132035401,2026-09-11 15:33:06
航天五院,航天恒星科技有限公司,前沿技术研究师,信息与通信工程 / 电子科学与技术 / 计算机科学与技术,博士,2,北京,,2026-08-27,https://www.spacetalent.com.cn/jituan_xxx.html?id=50&positionId=132035402,2026-09-11 15:33:06
航天五院,航天恒星科技有限公司,系统总体设计师,信息与通信工程 / 电子信息 / 电子科学与技术,硕士,1,北京,,2026-08-27,https://www.spacetalent.com.cn/jituan_xxx.html?id=50&positionId=132035403,2026-09-11 15:33:06
航天五院,航天神舟投资管理有限公司,技术岗,机械工程 / 材料科学与工程,本科及以上,1,北京,,2026-08-27,https://www.spacetalent.com.cn/jituan_xxx.html?id=50&positionId=132035404,2026-09-11 15:33:06
航天五院,航天神舟投资管理有限公司,研发工程师,材料科学与工程,硕士,1,北京,,2026-08-27,https://www.spacetalent.com.cn/jituan_xxx.html?id=50&positionId=132035405,2026-09-11 15:33:06
航天五院,北京航天神舟智能装备科技股份有限公司,人力专员,工商管理 / 心理学,硕士,1,北京,,2026-08-27,https://www.spacetalent.com.cn/jituan_xxx.html?id=50&positionId=132035406,2026-09-11 15:33:06
航天五院,北京航天神舟智能装备科技股份有限公司,会计,经济学 / 财务会计 / 金融,硕士及以上,1,北京,,2026-08-27,https://www.spacetalent.com.cn/jituan_xxx.html?id=50&positionId=132035407,2026-09-11 15:33:06
航天五院,北京航天神舟智能装备科技股份有限公司,党务专员,政治学,硕士,1,北京,,2026-08-27,https://www.spacetalent.com.cn/jituan_xxx.html?id=50&positionId=132035408,2026-09-11 15:33:06
航天五院,北京航天神舟智能装备科技股份有限公司,硬件工程师,机械 / 电子科学与技术 / 自动化,硕士及以上,1,北京,,2026-08-27,https://www.spacetalent.com.cn/jituan_xxx.html?id=50&positionId=132035409,2026-09-11 15:33:06
航天五院,北京航天神舟智能装备科技股份有限公司,软件工程师,计算机科学与技术,硕士及以上,1,北京,,2026-08-27,https://www.spacetalent.com.cn/jituan_xxx.html?id=50&positionId=132035410,2026-09-11 15:33:06
航天五院,北京航天神舟智能装备科技股份有限公司,图像算法工程师,控制科学与工程,硕士及以上,1,北京,,2026-08-27,https://www.spacetalent.com.cn/jituan_xxx.html?id=50&positionId=132035411,2026-09-11 15:33:06
航天五院,北京航天神舟智能装备科技股份有限公司,嵌入式硬件工程师,仪器 / 电子信息,硕士,2,北京,,2026-08-27,https://www.spacetalent.com.cn/jituan_xxx.html?id=50&positionId=132035412,2026-09-11 15:33:06
航天五院,北京航天神舟智能装备科技股份有限公司,IC前端工程师,信息与通信工程 / 电子信息 / 电子科学与技术,硕士,2,北京,,2026-08-27,https://www.spacetalent.com.cn/jituan_xxx.html?id=50&positionId=132035413,2026-09-11 15:33:06
航天五院,北京航天神舟智能装备科技股份有限公司,嵌入式软件工程师,电子信息 / 计算机,硕士,1,北京,,2026-08-27,https://www.spacetalent.com.cn/jituan_xxx.html?id=50&positionId=132035414,2026-09-11 15:33:06
航天五院,北京航天神舟智能装备科技股份有限公司,嵌入式硬件工程师,仪器 / 电子信息,硕士,2,北京,,2026-08-27,https://www.spacetalent.com.cn/jituan_xxx.html?id=50&positionId=132035415,2026-09-11 15:33:06
航天五院,北京航天神舟智能装备科技股份有限公司,软件工程师,电子信息 / 计算机,硕士,2,北京,,2026-08-27,https://www.spacetalent.com.cn/jituan_xxx.html?id=50&positionId=132035416,2026-09-11 15:33:06
航天五院,北京航天神舟智能装备科技股份有限公司,Java开发工程师 ,电子信息 / 计算机,硕士,2,北京,,2026-08-27,https://www.spacetalent.com.cn/jituan_xxx.html?id=50&positionId=132035417,2026-09-11 15:33:06
航天五院,北京航天神舟智能装备科技股份有限公司,算法工程师,信息与通信工程 / 计算机科学与技术 / 计算机,博士,1,北京,,2026-08-27,https://www.spacetalent.com.cn/jituan_xxx.html?id=50&positionId=132035418,2026-09-11 15:33:06
航天五院,北京航天神舟智能装备科技股份有限公司,IC版图工程师,信息与通信工程 / 电子信息 / 电子科学与技术,硕士,1,北京,,2026-08-27,https://www.spacetalent.com.cn/jituan_xxx.html?id=50&positionId=132035419,2026-09-11 15:33:06
航天五院,北京航天神舟智能装备科技股份有限公司,IC后端工程师,信息与通信工程 / 电子信息 / 电子科学与技术,硕士,1,北京,,2026-08-27,https://www.spacetalent.com.cn/jituan_xxx.html?id=50&positionId=132035420,2026-09-11 15:33:06
航天五院,北京航天神舟智能装备科技股份有限公司,IC前端工程师,信息与通信工程 / 电子信息 / 电子科学与技术,博士,1,北京,,2026-08-27,https://www.spacetalent.com.cn/jituan_xxx.html?id=50&positionId=132035421,2026-09-11 15:33:06
航天五院,北京航天神舟智能装备科技股份有限公司,FPGA工程师,电子信息 / 计算机,硕士,2,北京,,2026-08-27,https://www.spacetalent.com.cn/jituan_xxx.html?id=50&positionId=132035422,2026-09-11 15:33:06
航天五院,北京航天神舟智能装备科技股份有限公司,IC验证工程师,信息与通信工程 / 电子信息 / 电子科学与技术,硕士,2,北京,,2026-08-27,https://www.spacetalent.com.cn/jituan_xxx.html?id=50&positionId=132035423,2026-09-11 15:33:06
航天五院,北京航天神舟智能装备科技股份有限公司,软件工程师,电子信息 / 计算机科学与技术 / 软件工程,硕士及以上,1,北京,,2026-08-27,https://www.spacetalent.com.cn/jituan_xxx.html?id=50&positionId=132035424,2026-09-11 15:33:06
航天五院,北京航天神舟智能装备科技股份有限公司,过程装备工程师,控制科学与工程 / 机械工程 / 核科学与技术,硕士及以上,1,北京,,2026-08-27,https://www.spacetalent.com.cn/jituan_xxx.html?id=50&positionId=132035425,2026-09-11 15:33:06
航天五院,北京航天神舟智能装备科技股份有限公司,大数据工程师,电子科学与技术 / 计算机科学与技术 / 软件工程,硕士及以上,1,北京,,2026-08-27,https://www.spacetalent.com.cn/jituan_xxx.html?id=50&positionId=132035426,2026-09-11 15:33:06
航天五院,航天神舟生物科技集团有限公司,研发岗,生物学 / 生物工程 / 生物科学,博士,1,北京,,2026-08-27,https://www.spacetalent.com.cn/jituan_xxx.html?id=50&positionId=132035427,2026-09-11 15:33:06
航天五院,杭州航天东方红激光通信有限公司,研发工程师,信息与通信工程 / 光学工程 / 电子科学与技术,硕士及以上,10,浙江杭州、陕西西安,,2026-08-27,https://www.spacetalent.com.cn/jituan_xxx.html?id=50&positionId=132035428,2026-09-11 15:33:06
航天六院,一〇一所,司机兼机要员,行政管理,本科,1,北京,,2026-05-21,https://www.spacetalent.com.cn/jituan_xxx.html?id=76&positionId=132022727,2026-09-11 15:33:06
航天六院,十一所（京）,总装设计师,机械 / 力学,硕士及以上,2,北京,,2026-06-02,https://www.spacetalent.com.cn/jituan_xxx.html?id=76&positionId=132022766,2026-09-11 15:33:06
航天六院,十一所（京）,涡轮泵设计师,流体机械及工程 / 机械 / 动力工程及工程热物理,硕士及以上,4,北京,,2026-06-02,https://www.spacetalent.com.cn/jituan_xxx.html?id=76&positionId=132022767,2026-09-11 15:33:06
航天六院,十一所,工艺员,材料科学与工程 / 材料,硕士及以上,2,陕西西安,,2026-08-27,https://www.spacetalent.com.cn/jituan_xxx.html?id=76&positionId=132035429,2026-09-11 15:33:06
航天六院,十一所,设计员,动力工程及工程热物理 / 机械工程 / 航空宇航科学与技术,硕士及以上,3,陕西西安,,2026-08-27,https://www.spacetalent.com.cn/jituan_xxx.html?id=76&positionId=132035430,2026-09-11 15:33:06
航天六院,十一所,设计员,动力工程及工程热物理 / 机械工程 / 航空宇航科学与技术,硕士及以上,2,陕西西安,,2026-08-27,https://www.spacetalent.com.cn/jituan_xxx.html?id=76&positionId=132035431,2026-09-11 15:33:06
航天六院,十一所,设计员,动力工程及工程热物理 / 机械工程 / 航空宇航科学与技术,硕士及以上,3,陕西西安,,2026-08-27,https://www.spacetalent.com.cn/jituan_xxx.html?id=76&positionId=132035432,2026-09-11 15:33:06
航天六院,十一所,助理员,财务会计,硕士及以上,2,陕西西安,,2026-08-27,https://www.spacetalent.com.cn/jituan_xxx.html?id=76&positionId=132035433,2026-09-11 15:33:06
航天六院,十一所,助理员,工商管理 / 管理科学与工程,硕士及以上,2,陕西西安,,2026-08-27,https://www.spacetalent.com.cn/jituan_xxx.html?id=76&positionId=132035434,2026-09-11 15:33:06
航天六院,十一所,技术员,信息与通信工程 / 电子信息 / 计算机科学与技术,硕士及以上,3,陕西西安,,2026-08-27,https://www.spacetalent.com.cn/jituan_xxx.html?id=76&positionId=132035435,2026-09-11 15:33:06
航天六院,十一所,助理员,法律实务 / 财务会计,硕士及以上,1,陕西西安,,2026-08-27,https://www.spacetalent.com.cn/jituan_xxx.html?id=76&positionId=132035436,2026-09-11 15:33:06
航天六院,十一所,设计员,核科学与技术 / 航空宇航科学与技术,硕士及以上,2,陕西西安,,2026-08-27,https://www.spacetalent.com.cn/jituan_xxx.html?id=76&positionId=132035437,2026-09-11 15:33:06
航天六院,十一所,设计员,光学工程 / 力学 / 机械工程,硕士及以上,2,陕西西安,,2026-08-27,https://www.spacetalent.com.cn/jituan_xxx.html?id=76&positionId=132035438,2026-09-11 15:33:06
航天六院,十一所,设计员,力学 / 动力工程及工程热物理 / 航空宇航科学与技术,硕士及以上,2,陕西西安,,2026-08-27,https://www.spacetalent.com.cn/jituan_xxx.html?id=76&positionId=132035439,2026-09-11 15:33:06
航天六院,十一所,设计员,动力工程及工程热物理 / 机械工程 / 航空宇航科学与技术,硕士及以上,6,陕西西安,,2026-08-27,https://www.spacetalent.com.cn/jituan_xxx.html?id=76&positionId=132035440,2026-09-11 15:33:06
航天六院,十一所,设计员,力学 / 动力工程及工程热物理 / 航空宇航科学与技术,硕士及以上,3,陕西西安,,2026-08-27,https://www.spacetalent.com.cn/jituan_xxx.html?id=76&positionId=132035441,2026-09-11 15:33:06
航天六院,十一所,设计员,动力工程及工程热物理 / 机械工程 / 航空宇航科学与技术,硕士及以上,8,陕西西安,,2026-08-27,https://www.spacetalent.com.cn/jituan_xxx.html?id=76&positionId=132035442,2026-09-11 15:33:06
航天六院,十一所,设计员,动力工程及工程热物理 / 航空宇航科学与技术,硕士及以上,3,陕西西安,,2026-08-27,https://www.spacetalent.com.cn/jituan_xxx.html?id=76&positionId=132035443,2026-09-11 15:33:06
航天六院,十一所,设计员,动力工程及工程热物理,硕士及以上,4,陕西西安,,2026-08-27,https://www.spacetalent.com.cn/jituan_xxx.html?id=76&positionId=132035444,2026-09-11 15:33:06
航天六院,十一所,设计员,动力工程及工程热物理 / 机械工程,硕士及以上,7,陕西西安,,2026-08-27,https://www.spacetalent.com.cn/jituan_xxx.html?id=76&positionId=132035445,2026-09-11 15:33:06
航天六院,十一所,设计员,动力工程及工程热物理 / 电子科学与技术,硕士及以上,1,陕西西安,,2026-08-27,https://www.spacetalent.com.cn/jituan_xxx.html?id=76&positionId=132035446,2026-09-11 15:33:06
航天六院,十一所,设计员,控制科学与工程 / 航空宇航科学与技术,硕士及以上,2,陕西西安,,2026-08-27,https://www.spacetalent.com.cn/jituan_xxx.html?id=76&positionId=132035447,2026-09-11 15:33:06
航天六院,十一所,技术员,动力工程及工程热物理 / 机械工程,硕士及以上,2,陕西西安,,2026-08-27,https://www.spacetalent.com.cn/jituan_xxx.html?id=76&positionId=132035448,2026-09-11 15:33:06
航天六院,十一所,技术员,动力工程及工程热物理 / 机械工程,硕士及以上,1,陕西西安,,2026-08-27,https://www.spacetalent.com.cn/jituan_xxx.html?id=76&positionId=132035449,2026-09-11 15:33:06
航天六院,十一所,设计员,动力工程及工程热物理 / 机械工程 / 航空宇航科学与技术,硕士及以上,10,陕西西安,,2026-08-27,https://www.spacetalent.com.cn/jituan_xxx.html?id=76&positionId=132035450,2026-09-11 15:33:06
航天六院,十一所,工艺员/设计员,机械工程 / 机械设计制造 / 材料科学与工程,硕士及以上,2,陕西西安,,2026-08-27,https://www.spacetalent.com.cn/jituan_xxx.html?id=76&positionId=132035451,2026-09-11 15:33:06
航天六院,十一所,工艺员,机械工程 / 材料科学与工程,硕士及以上,1,陕西西安,,2026-08-27,https://www.spacetalent.com.cn/jituan_xxx.html?id=76&positionId=132035452,2026-09-11 15:33:06
航天六院,十一所,技术研发设计,动力工程及工程热物理 / 化学工程与技术 / 机械,硕士,1,陕西西安,,2026-08-27,https://www.spacetalent.com.cn/jituan_xxx.html?id=76&positionId=132035453,2026-09-11 15:33:06
航天六院,十一所,技术研发设计,动力工程及工程热物理 / 化学工程与技术 / 机械,硕士,2,陕西西安,,2026-08-27,https://www.spacetalent.com.cn/jituan_xxx.html?id=76&positionId=132035454,2026-09-11 15:33:06
航天六院,十一所,机械设计,机械工程 / 材料科学与工程,硕士,2,陕西西安,,2026-08-27,https://www.spacetalent.com.cn/jituan_xxx.html?id=76&positionId=132035455,2026-09-11 15:33:06
航天六院,十一所,机械设计,机械工程,硕士,2,陕西西安,,2026-08-27,https://www.spacetalent.com.cn/jituan_xxx.html?id=76&positionId=132035456,2026-09-11 15:33:06
航天六院,十一所,机械设计,机械工程,硕士,1,陕西西安,,2026-08-27,https://www.spacetalent.com.cn/jituan_xxx.html?id=76&positionId=132035457,2026-09-11 15:33:06
航天六院,十一所,软件设计,计算机科学与技术 / 软件工程,硕士,1,陕西西安,,2026-08-27,https://www.spacetalent.com.cn/jituan_xxx.html?id=76&positionId=132035458,2026-09-11 15:33:06
航天六院,十一所,传感器设计,信息与通信工程 / 控制科学与工程 / 机械工程,硕士,2,陕西西安,,2026-08-27,https://www.spacetalent.com.cn/jituan_xxx.html?id=76&positionId=132035459,2026-09-11 15:33:06
航天六院,十一所,软件设计,电子信息 / 计算机科学与技术,硕士,1,陕西西安,,2026-08-27,https://www.spacetalent.com.cn/jituan_xxx.html?id=76&positionId=132035460,2026-09-11 15:33:06
航天六院,十一所,硬件设计,控制科学与工程 / 机械工程 / 电子信息,硕士,1,陕西西安,,2026-08-27,https://www.spacetalent.com.cn/jituan_xxx.html?id=76&positionId=132035461,2026-09-11 15:33:06
航天六院,十一所,财务管理,财务会计,硕士,1,陕西西安,,2026-08-27,https://www.spacetalent.com.cn/jituan_xxx.html?id=76&positionId=132035462,2026-09-11 15:33:06
航天六院,十一所（京）,涡轮泵设计,动力工程及工程热物理 / 机械工程 / 航空宇航科学与技术,硕士及以上,2,北京,,2026-08-27,https://www.spacetalent.com.cn/jituan_xxx.html?id=76&positionId=132035463,2026-09-11 15:33:06
航天六院,十一所（京）,涡轮泵设计,动力工程及工程热物理 / 航空宇航科学与技术,硕士及以上,2,北京,,2026-08-27,https://www.spacetalent.com.cn/jituan_xxx.html?id=76&positionId=132035464,2026-09-11 15:33:06
航天六院,十一所（京）,阀门设计,力学 / 机械 / 航空航天,硕士及以上,1,北京,,2026-08-27,https://www.spacetalent.com.cn/jituan_xxx.html?id=76&positionId=132035465,2026-09-11 15:33:06
航天六院,十一所（京）,总装设计,动力工程及工程热物理 / 机械 / 航空宇航科学与技术,硕士及以上,3,北京,,2026-08-27,https://www.spacetalent.com.cn/jituan_xxx.html?id=76&positionId=132035466,2026-09-11 15:33:06
航天六院,十一所（京）,推力室燃烧设计,动力工程及工程热物理 / 航空宇航科学与技术 / 航空航天,硕士及以上,2,北京,,2026-08-27,https://www.spacetalent.com.cn/jituan_xxx.html?id=76&positionId=132035467,2026-09-11 15:33:06
航天六院,十一所（京）,推力室设计,动力工程及工程热物理 / 航空宇航科学与技术,硕士及以上,2,北京,,2026-08-27,https://www.spacetalent.com.cn/jituan_xxx.html?id=76&positionId=132035468,2026-09-11 15:33:06
航天六院,十一所（京）,电控设计,控制科学与工程 / 航空宇航科学与技术 / 计算机,硕士及以上,1,北京,,2026-08-27,https://www.spacetalent.com.cn/jituan_xxx.html?id=76&positionId=132035469,2026-09-11 15:33:06
航天六院,十一所（京）,计划工程师,工商管理 / 管理科学与工程,硕士及以上,1,北京,,2026-08-27,https://www.spacetalent.com.cn/jituan_xxx.html?id=76&positionId=132035470,2026-09-11 15:33:06
航天六院,十一所（京）,工艺设计,动力工程及工程热物理 / 机械 / 航空宇航科学与技术,硕士及以上,1,北京,,2026-08-27,https://www.spacetalent.com.cn/jituan_xxx.html?id=76&positionId=132035471,2026-09-11 15:33:06
航天六院,十一所（京）,工艺设计,机械 / 材料 / 航空航天,硕士及以上,1,北京,,2026-08-27,https://www.spacetalent.com.cn/jituan_xxx.html?id=76&positionId=132035472,2026-09-11 15:33:06
航天六院,十一所（京）,阀门设计,动力工程及工程热物理 / 机械 / 航空宇航科学与技术,硕士及以上,1,北京,,2026-08-27,https://www.spacetalent.com.cn/jituan_xxx.html?id=76&positionId=132035473,2026-09-11 15:33:06
航天六院,十一所（京）,结构强度工程师,力学 / 机械 / 航空宇航科学与技术,硕士及以上,1,北京,,2026-08-27,https://www.spacetalent.com.cn/jituan_xxx.html?id=76&positionId=132035474,2026-09-11 15:33:06
航天六院,十一所（京）,数字化及AI应用工程师,计算机科学与技术 / 计算机,硕士及以上,1,北京,,2026-08-27,https://www.spacetalent.com.cn/jituan_xxx.html?id=76&positionId=132035475,2026-09-11 15:33:06
航天六院,十一所（京）,系统设计,动力工程及工程热物理 / 控制科学与工程 / 航空宇航科学与技术,硕士及以上,2,北京,,2026-08-27,https://www.spacetalent.com.cn/jituan_xxx.html?id=76&positionId=132035476,2026-09-11 15:33:06
航天六院,十一所（京）,燃烧装置智能设计,动力工程及工程热物理 / 航空宇航科学与技术 / 计算机,博士,1,北京,,2026-08-27,https://www.spacetalent.com.cn/jituan_xxx.html?id=76&positionId=132035477,2026-09-11 15:33:06
航天六院,十一所（京）,涡轮泵设计,动力工程及工程热物理 / 航空宇航科学与技术,硕士及以上,1,北京,,2026-08-27,https://www.spacetalent.com.cn/jituan_xxx.html?id=76&positionId=132035478,2026-09-11 15:33:06
航天六院,十一所（京）,系统设计,动力工程及工程热物理 / 航空宇航科学与技术 / 航空航天,硕士及以上,1,北京,,2026-08-27,https://www.spacetalent.com.cn/jituan_xxx.html?id=76&positionId=132035479,2026-09-11 15:33:06
航天六院,十一所（京）,试验工程师,仪器科学与技术 / 控制科学与工程 / 机械,硕士及以上,1,北京,,2026-08-27,https://www.spacetalent.com.cn/jituan_xxx.html?id=76&positionId=132035480,2026-09-11 15:33:06
航天六院,十一所（京）,总装设计,力学 / 机械 / 航空航天,硕士及以上,2,北京,,2026-08-27,https://www.spacetalent.com.cn/jituan_xxx.html?id=76&positionId=132035481,2026-09-11 15:33:06
航天六院,十一所（京）,涡轮泵设计,动力工程及工程热物理 / 航空宇航科学与技术 / 航空航天,硕士及以上,2,北京,,2026-08-27,https://www.spacetalent.com.cn/jituan_xxx.html?id=76&positionId=132035482,2026-09-11 15:33:06
航天六院,十一所（京）,涡轮泵设计,动力工程及工程热物理 / 能源动力 / 航空宇航科学与技术,硕士及以上,2,北京,,2026-08-27,https://www.spacetalent.com.cn/jituan_xxx.html?id=76&positionId=132035483,2026-09-11 15:33:06
航天六院,十一所（京）,试验工程师,力学 / 动力工程及工程热物理 / 机械,硕士及以上,1,北京,,2026-08-27,https://www.spacetalent.com.cn/jituan_xxx.html?id=76&positionId=132035484,2026-09-11 15:33:06
航天六院,北京航天石化技术装备工程有限公司,成本费用核算管理,工商管理 / 应用经济学 / 管理科学与工程,硕士,2,北京,,2026-08-27,https://www.spacetalent.com.cn/jituan_xxx.html?id=76&positionId=132035485,2026-09-11 15:33:06
航天六院,北京航天石化技术装备工程有限公司,结构设计,机械设计制造 / 航空宇航科学与技术 / 航空航天,硕士及以上,1,北京,,2026-08-27,https://www.spacetalent.com.cn/jituan_xxx.html?id=76&positionId=132035486,2026-09-11 15:33:06
航天六院,北京航天石化技术装备工程有限公司,阀门设计,力学 / 动力工程及工程热物理 / 机械,硕士及以上,1,北京,,2026-08-27,https://www.spacetalent.com.cn/jituan_xxx.html?id=76&positionId=132035487,2026-09-11 15:33:06
航天六院,北京航天石化技术装备工程有限公司,计划工程师,工商管理 / 管理科学与工程,硕士,1,北京,,2026-08-27,https://www.spacetalent.com.cn/jituan_xxx.html?id=76&positionId=132035488,2026-09-11 15:33:06
航天六院,北京航天石化技术装备工程有限公司,电气仪表设计,控制科学与工程 / 机械 / 电气,硕士及以上,1,北京,,2026-08-27,https://www.spacetalent.com.cn/jituan_xxx.html?id=76&positionId=132035489,2026-09-11 15:33:06
航天六院,北京航天石化技术装备工程有限公司,设备设计,动力工程及工程热物理 / 能源动力,硕士及以上,1,北京,,2026-08-27,https://www.spacetalent.com.cn/jituan_xxx.html?id=76&positionId=132035490,2026-09-11 15:33:06
航天六院,北京航天石化技术装备工程有限公司,阀门设计,动力工程及工程热物理 / 机械 / 航空宇航科学与技术,硕士及以上,2,北京,,2026-08-27,https://www.spacetalent.com.cn/jituan_xxx.html?id=76&positionId=132035491,2026-09-11 15:33:06
航天六院,北京航天石化技术装备工程有限公司,电控设计,控制科学与工程 / 电气 / 自动化,硕士及以上,1,北京,,2026-08-27,https://www.spacetalent.com.cn/jituan_xxx.html?id=76&positionId=132035492,2026-09-11 15:33:06
航天六院,北京航天石化技术装备工程有限公司,产品设计,动力工程及工程热物理 / 机械 / 能源动力,硕士及以上,2,北京,,2026-08-27,https://www.spacetalent.com.cn/jituan_xxx.html?id=76&positionId=132035493,2026-09-11 15:33:06
航天六院,北京航天石化技术装备工程有限公司,工艺设计,化学工程与技术 / 化工技术 / 环境科学与工程,硕士及以上,1,北京,,2026-08-27,https://www.spacetalent.com.cn/jituan_xxx.html?id=76&positionId=132035494,2026-09-11 15:33:06
航天六院,北京航天石化技术装备工程有限公司,自控设计,控制科学与工程 / 电气工程 / 电气,硕士及以上,1,北京,,2026-08-27,https://www.spacetalent.com.cn/jituan_xxx.html?id=76&positionId=132035495,2026-09-11 15:33:06
航天六院,西安航天弘发实业有限公司,能源AI大模型开发技术员,电气工程 / 经济学 / 计算机,硕士,1,陕西西安,,2026-08-27,https://www.spacetalent.com.cn/jituan_xxx.html?id=76&positionId=132035496,2026-09-11 15:33:06
航天六院,西安航天弘发实业有限公司,微电网调度技术员,电气工程 / 能源动力,硕士,1,陕西西安,,2026-08-27,https://www.spacetalent.com.cn/jituan_xxx.html?id=76&positionId=132035497,2026-09-11 15:33:06
航天六院,西安航天弘发实业有限公司,软件开发与工程技术员,管理科学与工程 / 计算机,硕士,3,陕西西安,,2026-08-27,https://www.spacetalent.com.cn/jituan_xxx.html?id=76&positionId=132035498,2026-09-11 15:33:06
航天六院,西安航天弘发实业有限公司,电气工程技术员,电气工程,硕士,1,陕西西安,,2026-08-27,https://www.spacetalent.com.cn/jituan_xxx.html?id=76&positionId=132035499,2026-09-11 15:33:06
航天六院,西安航天弘发实业有限公司,教师,安全科学与工程 / 安全,硕士,1,陕西西安,,2026-08-27,https://www.spacetalent.com.cn/jituan_xxx.html?id=76&positionId=132035500,2026-09-11 15:33:06
航天六院,西安航天弘发实业有限公司,教师,机械工程 / 机械 / 电气,硕士,2,陕西西安,,2026-08-27,https://www.spacetalent.com.cn/jituan_xxx.html?id=76&positionId=132035501,2026-09-11 15:33:06
航天六院,八〇一所,人才开发管理,公共管理 / 工商管理,硕士,2,上海,,2026-08-27,https://www.spacetalent.com.cn/jituan_xxx.html?id=76&positionId=132035502,2026-09-11 15:33:06
航天六院,八〇一所,仿真设计,力学 / 动力工程及工程热物理 / 航空宇航科学与技术,硕士及以上,4,上海,,2026-08-27,https://www.spacetalent.com.cn/jituan_xxx.html?id=76&positionId=132035503,2026-09-11 15:33:06
航天六院,八〇一所,预先研究——电推进,动力工程及工程热物理 / 电子科学与技术 / 航空宇航科学与技术,博士,2,上海,,2026-08-27,https://www.spacetalent.com.cn/jituan_xxx.html?id=76&positionId=132035504,2026-09-11 15:33:06
航天六院,八〇一所,技术规划论证,动力工程及工程热物理 / 能源动力 / 航空宇航科学与技术,硕士及以上,3,上海,,2026-08-27,https://www.spacetalent.com.cn/jituan_xxx.html?id=76&positionId=132035505,2026-09-11 15:33:06
航天六院,八〇一所,旋转机械设计-结构设计,机械设计制造 / 航空宇航科学与技术 / 航空航天,博士,1,上海,,2026-08-27,https://www.spacetalent.com.cn/jituan_xxx.html?id=76&positionId=132035506,2026-09-11 15:33:06
航天六院,八〇一所,旋转机械设计-材料研究,材料,博士,1,上海,,2026-08-27,https://www.spacetalent.com.cn/jituan_xxx.html?id=76&positionId=132035507,2026-09-11 15:33:06
航天六院,八〇一所,旋转机械设计-核总体,核工程,博士,1,上海,,2026-08-27,https://www.spacetalent.com.cn/jituan_xxx.html?id=76&positionId=132035508,2026-09-11 15:33:06
航天六院,八〇一所,旋转机械设计-气动设计,动力工程及工程热物理 / 机械工程 / 航空宇航科学与技术,硕士及以上,2,上海,,2026-08-27,https://www.spacetalent.com.cn/jituan_xxx.html?id=76&positionId=132035509,2026-09-11 15:33:06
航天六院,八〇一所,旋转机械设计-电动泵方向,动力工程及工程热物理 / 航空宇航科学与技术,硕士及以上,3,上海,,2026-08-27,https://www.spacetalent.com.cn/jituan_xxx.html?id=76&positionId=132035510,2026-09-11 15:33:06
航天六院,八〇一所,旋转机械设计-电机设计,机械设计制造 / 电气工程,硕士及以上,2,上海,,2026-08-27,https://www.spacetalent.com.cn/jituan_xxx.html?id=76&positionId=132035511,2026-09-11 15:33:06
航天六院,八〇一所,旋转机械设计-系统设计,动力工程及工程热物理 / 航空宇航科学与技术,博士,1,上海,,2026-08-27,https://www.spacetalent.com.cn/jituan_xxx.html?id=76&positionId=132035512,2026-09-11 15:33:06
航天六院,八〇一所,推进系统设计,力学 / 动力工程及工程热物理 / 航空宇航科学与技术,硕士,1,上海,,2026-08-27,https://www.spacetalent.com.cn/jituan_xxx.html?id=76&positionId=132035513,2026-09-11 15:33:06
航天六院,八〇一所,预先研究——电推进,动力工程及工程热物理 / 电子科学与技术,硕士,2,上海,,2026-08-27,https://www.spacetalent.com.cn/jituan_xxx.html?id=76&positionId=132035514,2026-09-11 15:33:06
航天六院,八〇一所,旋转机械设计-核级阀门,动力工程及工程热物理 / 电子科学与技术 / 航空宇航科学与技术,硕士及以上,1,上海,,2026-08-27,https://www.spacetalent.com.cn/jituan_xxx.html?id=76&positionId=132035515,2026-09-11 15:33:06
航天六院,八〇一所,发动机设计,化学工程与技术 / 化学,硕士及以上,1,上海,,2026-08-27,https://www.spacetalent.com.cn/jituan_xxx.html?id=76&positionId=132035516,2026-09-11 15:33:06
航天六院,八〇一所,发动机设计,动力工程及工程热物理 / 航空宇航科学与技术 / 计算机,硕士,4,上海,,2026-08-27,https://www.spacetalent.com.cn/jituan_xxx.html?id=76&positionId=132035517,2026-09-11 15:33:06
航天六院,八〇一所,阀门设计及工艺,力学 / 机械 / 计算机,博士,2,上海,,2026-08-27,https://www.spacetalent.com.cn/jituan_xxx.html?id=76&positionId=132035518,2026-09-11 15:33:06
航天六院,八〇一所,阀门设计及工艺,力学 / 机械 / 计算机,硕士,3,上海,,2026-08-27,https://www.spacetalent.com.cn/jituan_xxx.html?id=76&positionId=132035519,2026-09-11 15:33:06
航天六院,八〇一所,压力容器设计,动力工程及工程热物理,硕士,2,上海,,2026-08-27,https://www.spacetalent.com.cn/jituan_xxx.html?id=76&positionId=132035520,2026-09-11 15:33:06
航天六院,八〇一所,推进系统电系统设计,电气工程 / 电气,硕士及以上,3,上海,,2026-08-27,https://www.spacetalent.com.cn/jituan_xxx.html?id=76&positionId=132035521,2026-09-11 15:33:06
航天六院,八〇一所,电性能测试工程师,信息与通信工程 / 电子信息 / 通信,硕士,1,上海,,2026-08-27,https://www.spacetalent.com.cn/jituan_xxx.html?id=76&positionId=132035522,2026-09-11 15:33:06
航天六院,八〇一所,增材制造工艺,材料科学与工程 / 材料,硕士,1,上海,,2026-08-27,https://www.spacetalent.com.cn/jituan_xxx.html?id=76&positionId=132035523,2026-09-11 15:33:06
航天六院,八〇一所,无损检验技术,机械设计制造,硕士,1,上海,,2026-08-27,https://www.spacetalent.com.cn/jituan_xxx.html?id=76&positionId=132035524,2026-09-11 15:33:06
航天六院,八〇一所,装测工艺,机械工程 / 机械,硕士,1,上海,,2026-08-27,https://www.spacetalent.com.cn/jituan_xxx.html?id=76&positionId=132035525,2026-09-11 15:33:06
航天六院,八〇一所,焊接工艺,机械设计制造 / 材料,硕士,1,上海,,2026-08-27,https://www.spacetalent.com.cn/jituan_xxx.html?id=76&positionId=132035526,2026-09-11 15:33:06
航天六院,八〇一所,数据应用,管理科学与工程 / 计算机,硕士,1,上海,,2026-08-27,https://www.spacetalent.com.cn/jituan_xxx.html?id=76&positionId=132035527,2026-09-11 15:33:06
航天六院,八〇一所,档案管理,图书情报与档案管理,硕士,1,上海,,2026-08-27,https://www.spacetalent.com.cn/jituan_xxx.html?id=76&positionId=132035528,2026-09-11 15:33:06
航天六院,八〇一所,项目计划管理,力学 / 动力工程及工程热物理 / 航空宇航科学与技术,硕士,1,上海,,2026-08-27,https://www.spacetalent.com.cn/jituan_xxx.html?id=76&positionId=132035529,2026-09-11 15:33:06
航天六院,八〇一所,旋转机械设计-悬浮轴承,动力工程及工程热物理 / 电气工程 / 航空宇航科学与技术,硕士及以上,2,上海,,2026-08-27,https://www.spacetalent.com.cn/jituan_xxx.html?id=76&positionId=132035530,2026-09-11 15:33:06
航天六院,八〇一所,会计核算,工商管理,本科,1,上海,,2026-08-27,https://www.spacetalent.com.cn/jituan_xxx.html?id=76&positionId=132035531,2026-09-11 15:33:06
航天六院,八〇一所,财务管理,工商管理,本科,1,上海,,2026-08-27,https://www.spacetalent.com.cn/jituan_xxx.html?id=76&positionId=132035532,2026-09-11 15:33:06
航天六院,八〇一所,产学研平台管理（全国重点实验室）,力学 / 动力工程及工程热物理 / 航空宇航科学与技术,硕士,1,上海,,2026-08-27,https://www.spacetalent.com.cn/jituan_xxx.html?id=76&positionId=132035533,2026-09-11 15:33:06
航天六院,西安航天发动机有限公司,工艺员,机械 / 材料 / 计算机,硕士,8,陕西西安,,2026-08-27,https://www.spacetalent.com.cn/jituan_xxx.html?id=76&positionId=132035534,2026-09-11 15:33:06
航天六院,西安航天发动机有限公司,人力资源干事,公共管理 / 工商管理,硕士,1,陕西西安,,2026-08-27,https://www.spacetalent.com.cn/jituan_xxx.html?id=76&positionId=132035535,2026-09-11 15:33:06
航天六院,西安航天发动机有限公司,软件开发工程师,计算机科学与技术 / 计算机 / 软件工程,硕士及以上,3,陕西西安,,2026-08-27,https://www.spacetalent.com.cn/jituan_xxx.html?id=76&positionId=132035536,2026-09-11 15:33:06
航天六院,西安航天发动机有限公司,会计员,工商管理 / 财务会计,硕士,2,陕西西安,,2026-08-27,https://www.spacetalent.com.cn/jituan_xxx.html?id=76&positionId=132035537,2026-09-11 15:33:06
航天六院,西安航天发动机有限公司,采购员,工业工程 / 工商管理 / 管理科学与工程,硕士,2,陕西西安,,2026-08-27,https://www.spacetalent.com.cn/jituan_xxx.html?id=76&positionId=132035538,2026-09-11 15:33:06
航天六院,西安航天发动机有限公司,研究师,机械 / 材料 / 航空宇航科学与技术,硕士及以上,1,陕西西安,,2026-08-27,https://www.spacetalent.com.cn/jituan_xxx.html?id=76&positionId=132035539,2026-09-11 15:33:06
航天六院,西安航天发动机有限公司,工艺员,机械 / 材料科学与工程 / 材料,硕士及以上,1,陕西西安,,2026-08-27,https://www.spacetalent.com.cn/jituan_xxx.html?id=76&positionId=132035540,2026-09-11 15:33:06
航天六院,西安航天发动机有限公司,工艺员,机械 / 材料科学与工程 / 材料,硕士,2,陕西西安,,2026-08-27,https://www.spacetalent.com.cn/jituan_xxx.html?id=76&positionId=132035541,2026-09-11 15:33:06
航天六院,西安航天发动机有限公司,工艺员,机械设计制造 / 材料科学与工程 / 材料,硕士,1,陕西西安,,2026-08-27,https://www.spacetalent.com.cn/jituan_xxx.html?id=76&positionId=132035542,2026-09-11 15:33:06
航天六院,西安航天发动机有限公司,工艺员,机械 / 材料科学与工程 / 材料,硕士及以上,16,陕西西安,,2026-08-27,https://www.spacetalent.com.cn/jituan_xxx.html?id=76&positionId=132035543,2026-09-11 15:33:06
航天六院,西安航天发动机有限公司,工艺员,机械设计制造 / 材料科学与工程 / 材料,硕士,2,陕西西安,,2026-08-27,https://www.spacetalent.com.cn/jituan_xxx.html?id=76&positionId=132035544,2026-09-11 15:33:06
航天六院,西安航天发动机有限公司,计划员,工业工程 / 工商管理 / 管理科学与工程,硕士,3,陕西西安,,2026-08-27,https://www.spacetalent.com.cn/jituan_xxx.html?id=76&positionId=132035545,2026-09-11 15:33:06
航天六院,西安航天发动机有限公司,纪检干事,工商管理 / 法学 / 管理科学与工程,硕士,1,陕西西安,,2026-08-27,https://www.spacetalent.com.cn/jituan_xxx.html?id=76&positionId=132035546,2026-09-11 15:33:06
航天六院,西安航天发动机有限公司,计划员,工业工程 / 工商管理 / 管理科学与工程,硕士,1,陕西西安,,2026-08-27,https://www.spacetalent.com.cn/jituan_xxx.html?id=76&positionId=132035547,2026-09-11 15:33:06
航天六院,西安航天发动机有限公司,工艺员,机械 / 材料科学与工程 / 材料,硕士,1,陕西西安,,2026-08-27,https://www.spacetalent.com.cn/jituan_xxx.html?id=76&positionId=132035548,2026-09-11 15:33:06
航天六院,西安航天发动机有限公司,工艺员,机械设计制造 / 材料科学与工程 / 材料,硕士,4,陕西西安,,2026-08-27,https://www.spacetalent.com.cn/jituan_xxx.html?id=76&positionId=132035549,2026-09-11 15:33:06
航天六院,西安航天发动机有限公司,工艺员,机械 / 航空宇航科学与技术 / 计算机,硕士,6,陕西西安,,2026-08-27,https://www.spacetalent.com.cn/jituan_xxx.html?id=76&positionId=132035550,2026-09-11 15:33:06
航天六院,西安航天发动机有限公司,工艺员,机械 / 材料科学与工程 / 材料,硕士,2,陕西西安,,2026-08-27,https://www.spacetalent.com.cn/jituan_xxx.html?id=76&positionId=132035551,2026-09-11 15:33:06
航天六院,西安航天发动机有限公司,计划员,工业工程 / 工商管理 / 管理科学与工程,硕士,2,陕西西安,,2026-08-27,https://www.spacetalent.com.cn/jituan_xxx.html?id=76&positionId=132035552,2026-09-11 15:33:06
航天六院,西安航天发动机有限公司,计划员,工业工程 / 工商管理 / 管理科学与工程,硕士,1,陕西西安,,2026-08-27,https://www.spacetalent.com.cn/jituan_xxx.html?id=76&positionId=132035553,2026-09-11 15:33:06
航天六院,西安航天发动机有限公司,工艺员,机械设计制造 / 材料科学与工程 / 材料,硕士,3,陕西西安,,2026-08-27,https://www.spacetalent.com.cn/jituan_xxx.html?id=76&positionId=132035554,2026-09-11 15:33:06
航天六院,西安航天发动机有限公司,计划员,工业工程 / 工商管理 / 管理科学与工程,硕士,2,陕西西安,,2026-08-27,https://www.spacetalent.com.cn/jituan_xxx.html?id=76&positionId=132035555,2026-09-11 15:33:06
航天六院,西安航天发动机有限公司,计划员,工业工程 / 机械 / 管理科学与工程,硕士,1,陕西西安,,2026-08-27,https://www.spacetalent.com.cn/jituan_xxx.html?id=76&positionId=132035556,2026-09-11 15:33:06
航天六院,西安航天发动机有限公司,工艺员,机械 / 航空宇航科学与技术 / 计算机,硕士,12,陕西西安,,2026-08-27,https://www.spacetalent.com.cn/jituan_xxx.html?id=76&positionId=132035557,2026-09-11 15:33:06
航天六院,西安航天发动机有限公司,无损探伤技术员,仪器 / 机械 / 材料,硕士,2,陕西西安,,2026-08-27,https://www.spacetalent.com.cn/jituan_xxx.html?id=76&positionId=132035558,2026-09-11 15:33:06
航天六院,西安航天发动机有限公司,工艺,机械工程 / 机械 / 机械设计制造,硕士,1,陕西西安,,2026-08-27,https://www.spacetalent.com.cn/jituan_xxx.html?id=76&positionId=132035559,2026-09-11 15:33:06
航天六院,西安航天发动机有限公司,电气设计,电气工程 / 电气 / 自动化,硕士,4,陕西西安,,2026-08-27,https://www.spacetalent.com.cn/jituan_xxx.html?id=76&positionId=132035560,2026-09-11 15:33:06
航天六院,西安航天发动机有限公司,机械设计,机械工程 / 机械 / 机械设计制造,硕士及以上,9,陕西西安,,2026-08-27,https://www.spacetalent.com.cn/jituan_xxx.html?id=76&positionId=132035561,2026-09-11 15:33:06
航天六院,西安航天发动机有限公司,会计,工商管理 / 财务会计,硕士,1,陕西西安,,2026-08-27,https://www.spacetalent.com.cn/jituan_xxx.html?id=76&positionId=132035562,2026-09-11 15:33:06
航天六院,西安航天发动机有限公司,工艺,机械工程 / 机械 / 机械设计制造,硕士,2,陕西西安,,2026-08-27,https://www.spacetalent.com.cn/jituan_xxx.html?id=76&positionId=132035563,2026-09-11 15:33:06
航天六院,西安航天发动机有限公司,机械设计,机械工程 / 机械 / 机械设计制造,硕士,5,陕西西安,,2026-08-27,https://www.spacetalent.com.cn/jituan_xxx.html?id=76&positionId=132035564,2026-09-11 15:33:06
航天六院,西安航天发动机有限公司,安装技术员,土木工程 / 土木 / 电气工程,本科及以上,1,陕西西安,,2026-08-27,https://www.spacetalent.com.cn/jituan_xxx.html?id=76&positionId=132035565,2026-09-11 15:33:06
航天六院,西安航天发动机有限公司,技术员,土建施工 / 土木工程 / 土木,硕士,1,陕西西安,,2026-08-27,https://www.spacetalent.com.cn/jituan_xxx.html?id=76&positionId=132035566,2026-09-11 15:33:06
航天六院,一〇一所,财务管理岗,工商管理 / 经济学 / 金融学,硕士,1,北京,,2026-08-27,https://www.spacetalent.com.cn/jituan_xxx.html?id=76&positionId=132035567,2026-09-11 15:33:06
航天六院,一〇一所,研发技术岗,仪器科学与技术 / 动力工程及工程热物理 / 机械工程,硕士,1,北京,,2026-08-27,https://www.spacetalent.com.cn/jituan_xxx.html?id=76&positionId=132035568,2026-09-11 15:33:06
航天六院,一〇一所,试验技术岗,动力工程及工程热物理 / 机械工程 / 航空宇航科学与技术,硕士,2,北京,,2026-08-27,https://www.spacetalent.com.cn/jituan_xxx.html?id=76&positionId=132035569,2026-09-11 15:33:06
航天六院,一〇一所,工程技术岗,仪器 / 控制科学与工程 / 电子信息,硕士,3,北京,,2026-08-27,https://www.spacetalent.com.cn/jituan_xxx.html?id=76&positionId=132035570,2026-09-11 15:33:06
航天六院,一〇一所,电控仪表工程师,仪器科学与技术 / 仪器 / 控制科学与工程,硕士,1,北京,,2026-08-27,https://www.spacetalent.com.cn/jituan_xxx.html?id=76&positionId=132035571,2026-09-11 15:33:06
航天六院,一〇一所,系统工艺工程师,动力工程及工程热物理 / 机械 / 电气工程,硕士,2,北京,,2026-08-27,https://www.spacetalent.com.cn/jituan_xxx.html?id=76&positionId=132035572,2026-09-11 15:33:06
航天六院,一〇一所,市场销售,外国语言文学 / 工商管理 / 经济与贸易,硕士,1,北京,,2026-08-27,https://www.spacetalent.com.cn/jituan_xxx.html?id=76&positionId=132035573,2026-09-11 15:33:06
航天六院,一〇一所,工程技术岗,动力工程及工程热物理 / 机械工程 / 机械,硕士,1,北京,,2026-08-27,https://www.spacetalent.com.cn/jituan_xxx.html?id=76&positionId=132035574,2026-09-11 15:33:06
航天六院,一〇一所,新型液体推进剂研发,化学工程与技术 / 化学 / 材料,硕士及以上,1,北京,,2026-08-27,https://www.spacetalent.com.cn/jituan_xxx.html?id=76&positionId=132035575,2026-09-11 15:33:06
航天六院,一〇一所,项目研发岗,动力工程及工程热物理 / 机械 / 能源动力,硕士,1,北京,,2026-08-27,https://www.spacetalent.com.cn/jituan_xxx.html?id=76&positionId=132035576,2026-09-11 15:33:06
航天六院,一〇一所,测试技术岗,控制科学与工程 / 电子信息 / 航空航天,硕士,1,北京,,2026-08-27,https://www.spacetalent.com.cn/jituan_xxx.html?id=76&positionId=132035577,2026-09-11 15:33:06
航天六院,一〇一所,推进剂安全岗,化学工程与技术 / 化工技术 / 安全科学与工程,硕士及以上,1,北京,,2026-08-27,https://www.spacetalent.com.cn/jituan_xxx.html?id=76&positionId=132035578,2026-09-11 15:33:06
航天六院,一〇一所,管理信息系统开发岗,计算机科学与技术 / 计算机 / 软件工程,硕士,1,北京,,2026-08-27,https://www.spacetalent.com.cn/jituan_xxx.html?id=76&positionId=132035579,2026-09-11 15:33:06
航天六院,一〇一所,工程技术岗,动力工程及工程热物理 / 机械 / 能源动力,硕士,2,北京,,2026-08-27,https://www.spacetalent.com.cn/jituan_xxx.html?id=76&positionId=132035580,2026-09-11 15:33:06
航天六院,一〇一所,项目研发岗,动力工程及工程热物理 / 能源动力,博士,2,北京,,2026-08-27,https://www.spacetalent.com.cn/jituan_xxx.html?id=76&positionId=132035581,2026-09-11 15:33:06
航天六院,一〇一所,设计岗,光学工程 / 动力工程及工程热物理 / 机械工程,硕士,4,北京,,2026-08-27,https://www.spacetalent.com.cn/jituan_xxx.html?id=76&positionId=132035582,2026-09-11 15:33:06
航天六院,一六五所,试验工艺技术,兵器科学与技术 / 动力工程及工程热物理 / 机械,硕士,1,陕西西安,,2026-08-27,https://www.spacetalent.com.cn/jituan_xxx.html?id=76&positionId=132035583,2026-09-11 15:33:06
航天六院,一六五所,试验工艺技术,力学 / 动力工程及工程热物理 / 机械,硕士,1,陕西西安,,2026-08-27,https://www.spacetalent.com.cn/jituan_xxx.html?id=76&positionId=132035584,2026-09-11 15:33:06
航天六院,一六五所,试验工艺技术,机械 / 材料科学与工程 / 航空宇航科学与技术,硕士,1,陕西西安,,2026-08-27,https://www.spacetalent.com.cn/jituan_xxx.html?id=76&positionId=132035585,2026-09-11 15:33:06
航天六院,一六五所,试验测控技术,信息与通信工程 / 控制科学与工程 / 电子科学与技术,硕士,1,陕西西安,,2026-08-27,https://www.spacetalent.com.cn/jituan_xxx.html?id=76&positionId=132035586,2026-09-11 15:33:06
航天六院,一六五所,技术研发,信息与通信工程 / 控制科学与工程 / 电子科学与技术,博士,1,陕西西安,,2026-08-27,https://www.spacetalent.com.cn/jituan_xxx.html?id=76&positionId=132035587,2026-09-11 15:33:06
航天六院,一六五所,试验测控技术,信息与通信工程 / 机械工程 / 计算机,硕士,7,陕西西安,,2026-08-27,https://www.spacetalent.com.cn/jituan_xxx.html?id=76&positionId=132035588,2026-09-11 15:33:06
航天六院,一六五所,试验工艺技术,动力工程及工程热物理 / 机械 / 海洋工程,硕士,10,陕西西安,,2026-08-27,https://www.spacetalent.com.cn/jituan_xxx.html?id=76&positionId=132035589,2026-09-11 15:33:06
航天六院,一六五所,信息化建设,计算机科学与技术 / 计算机 / 软件工程,硕士,1,陕西西安,,2026-08-27,https://www.spacetalent.com.cn/jituan_xxx.html?id=76&positionId=132035590,2026-09-11 15:33:06
航天六院,一六五所,计划采购,机械 / 电子信息 / 电子科学与技术,硕士,1,陕西西安,,2026-08-27,https://www.spacetalent.com.cn/jituan_xxx.html?id=76&positionId=132035591,2026-09-11 15:33:06
航天六院,一六五所,试验工艺技术,动力工程及工程热物理 / 机械工程 / 航空宇航科学与技术,硕士,1,陕西西安,,2026-08-27,https://www.spacetalent.com.cn/jituan_xxx.html?id=76&positionId=132035592,2026-09-11 15:33:06
航天六院,一六五所,推进剂工艺技术,动力工程及工程热物理 / 化工技术 / 机械,硕士,1,陕西西安,,2026-08-27,https://www.spacetalent.com.cn/jituan_xxx.html?id=76&positionId=132035593,2026-09-11 15:33:06
航天六院,一六五所,动力供配电技术,动力工程及工程热物理 / 热能与发电工程 / 电力技术,硕士,1,陕西西安,,2026-08-27,https://www.spacetalent.com.cn/jituan_xxx.html?id=76&positionId=132035594,2026-09-11 15:33:06
航天六院,一六五所,档案管理,图书情报与档案管理,硕士,1,陕西西安,,2026-08-27,https://www.spacetalent.com.cn/jituan_xxx.html?id=76&positionId=132035595,2026-09-11 15:33:06
航天六院,一六五所,工艺设计,机械工程 / 机械,硕士,2,陕西西安,,2026-08-27,https://www.spacetalent.com.cn/jituan_xxx.html?id=76&positionId=132035596,2026-09-11 15:33:06
航天六院,一六五所,会计,财务会计,硕士,1,陕西西安,,2026-08-27,https://www.spacetalent.com.cn/jituan_xxx.html?id=76&positionId=132035597,2026-09-11 15:33:06
航天六院,一六五所,工艺设计,材料,硕士,1,陕西西安,,2026-08-27,https://www.spacetalent.com.cn/jituan_xxx.html?id=76&positionId=132035598,2026-09-11 15:33:06
航天六院,一六五所,工艺技术,化学工程与技术 / 化学 / 化工技术,硕士,1,陕西西安,,2026-08-27,https://www.spacetalent.com.cn/jituan_xxx.html?id=76&positionId=132035599,2026-09-11 15:33:06
航天六院,一六五所,安全管理,安全,硕士,1,陕西西安,,2026-08-27,https://www.spacetalent.com.cn/jituan_xxx.html?id=76&positionId=132035600,2026-09-11 15:33:06
航天六院,陕西航天动力高科技股份有限公司,设计员,机械工程,硕士,1,陕西西安、宝鸡,,2026-08-27,https://www.spacetalent.com.cn/jituan_xxx.html?id=76&positionId=132035601,2026-09-11 15:33:06
航天六院,陕西航天动力高科技股份有限公司,技术员,动力工程及工程热物理,本科及以上,1,江苏高邮,,2026-08-27,https://www.spacetalent.com.cn/jituan_xxx.html?id=76&positionId=132035602,2026-09-11 15:33:06
航天六院,西安航天发动机有限公司,设计员,动力工程及工程热物理 / 化学工程与技术,硕士,2,陕西西安,,2026-08-27,https://www.spacetalent.com.cn/jituan_xxx.html?id=76&positionId=132035603,2026-09-11 15:33:06
航天六院,西安航天发动机有限公司,设计员,机械 / 电气 / 自动化,硕士,2,陕西西安,,2026-08-27,https://www.spacetalent.com.cn/jituan_xxx.html?id=76&positionId=132035604,2026-09-11 15:33:06
航天六院,西安航天发动机有限公司,设计员,动力工程及工程热物理 / 机械,本科及以上,2,陕西西安,,2026-08-27,https://www.spacetalent.com.cn/jituan_xxx.html?id=76&positionId=132035605,2026-09-11 15:33:06
航天六院,西安航天发动机有限公司,工艺员,机械 / 机械设计制造 / 材料,本科及以上,2,陕西西安,,2026-08-27,https://www.spacetalent.com.cn/jituan_xxx.html?id=76&positionId=132035606,2026-09-11 15:33:06
航天六院,西安航天发动机有限公司,设计员,动力工程及工程热物理 / 化学工程与技术 / 化工与制药,本科及以上,1,陕西西安,,2026-08-27,https://www.spacetalent.com.cn/jituan_xxx.html?id=76&positionId=132035607,2026-09-11 15:33:06
航天六院,陕西航天动力高科技股份有限公司,设计员,动力工程及工程热物理 / 机械设计制造,硕士,1,陕西西安,,2026-08-27,https://www.spacetalent.com.cn/jituan_xxx.html?id=76&positionId=132035608,2026-09-11 15:33:06
航天六院,中国长江动力集团有限公司,技术开发工程师,机械工程 / 电气工程,本科及以上,3,湖北武汉,,2026-08-27,https://www.spacetalent.com.cn/jituan_xxx.html?id=76&positionId=132035609,2026-09-11 15:33:06
航天六院,中国长江动力集团有限公司,技术开发工程师,机械工程 / 电气工程 / 能源动力,本科及以上,3,湖北武汉,,2026-08-27,https://www.spacetalent.com.cn/jituan_xxx.html?id=76&positionId=132035610,2026-09-11 15:33:06
航天六院,中国长江动力集团有限公司,工艺工程师,控制科学与工程 / 机械工程 / 材料科学与工程,本科及以上,1,湖北武汉,,2026-08-27,https://www.spacetalent.com.cn/jituan_xxx.html?id=76&positionId=132035611,2026-09-11 15:33:06
航天六院,中国长江动力集团有限公司,工艺工程师,机械工程,本科及以上,1,湖北武汉,,2026-08-27,https://www.spacetalent.com.cn/jituan_xxx.html?id=76&positionId=132035612,2026-09-11 15:33:06
航天六院,陕西航天商业发动机有限公司,质量管理,工业工程 / 机械 / 管理科学与工程,本科及以上,1,陕西西安,,2026-08-27,https://www.spacetalent.com.cn/jituan_xxx.html?id=76&positionId=132035613,2026-09-11 15:33:06
航天六院,陕西航天商业发动机有限公司,IT与信息化管理,管理科学与工程 / 计算机,硕士,1,陕西西安,,2026-08-27,https://www.spacetalent.com.cn/jituan_xxx.html?id=76&positionId=132035614,2026-09-11 15:33:06
航天六院,陕西航天商业发动机有限公司,发动机总装设计,机械工程 / 航空宇航科学与技术,硕士,4,陕西西安,,2026-08-27,https://www.spacetalent.com.cn/jituan_xxx.html?id=76&positionId=132035615,2026-09-11 15:33:06
航天六院,陕西航天商业发动机有限公司,安全管理,安全,硕士,1,陕西西安,,2026-08-27,https://www.spacetalent.com.cn/jituan_xxx.html?id=76&positionId=132035616,2026-09-11 15:33:06
航天六院,陕西航天商业发动机有限公司,发动机总装工艺,机械工程 / 航空宇航科学与技术,硕士,1,陕西宝鸡,,2026-08-27,https://www.spacetalent.com.cn/jituan_xxx.html?id=76&positionId=132035617,2026-09-11 15:33:06
航天六院,西安航天发动机有限公司,研发工程师,动力工程及工程热物理 / 机械 / 材料科学与工程,硕士,2,陕西西安,,2026-08-27,https://www.spacetalent.com.cn/jituan_xxx.html?id=76&positionId=132035618,2026-09-11 15:33:06
航天六院,西安航天发动机有限公司,审计法务干事,工商管理 / 财政学 / 金融学,硕士,1,陕西西安,,2026-08-27,https://www.spacetalent.com.cn/jituan_xxx.html?id=76&positionId=132035619,2026-09-11 15:33:06
航天六院,西安航天发动机有限公司,工艺员,机械 / 材料科学与工程 / 材料,硕士,2,陕西西安,,2026-08-27,https://www.spacetalent.com.cn/jituan_xxx.html?id=76&positionId=132035620,2026-09-11 15:33:06
航天七院,四川航天世源科技有限公司,信息中心主任,机械,硕士及以上,1,四川成都,否,2023-12-18,https://www.spacetalent.com.cn/jituan_xxx.html?id=89&positionId=1315962,2026-09-11 15:33:06
航天七院,航天智造科技股份有限公司,工艺质量工程师,机械,本科及以上,8,四川成都,,2026-08-27,https://www.spacetalent.com.cn/jituan_xxx.html?id=89&positionId=132035621,2026-09-11 15:33:06
航天七院,航天智造科技股份有限公司,工艺质量工程师,自动化,本科及以上,1,四川成都,,2026-08-27,https://www.spacetalent.com.cn/jituan_xxx.html?id=89&positionId=132035622,2026-09-11 15:33:06
航天七院,航天智造科技股份有限公司,工艺质量工程师,电子信息,本科及以上,1,四川成都,,2026-08-27,https://www.spacetalent.com.cn/jituan_xxx.html?id=89&positionId=132035623,2026-09-11 15:33:06
航天七院,航天智造科技股份有限公司,工艺质量工程师,材料,本科及以上,5,四川成都,,2026-08-27,https://www.spacetalent.com.cn/jituan_xxx.html?id=89&positionId=132035624,2026-09-11 15:33:06
航天七院,四川航天世源科技有限公司,研发工程师,控制科学与工程,硕士及以上,1,四川成都,,2026-08-27,https://www.spacetalent.com.cn/jituan_xxx.html?id=89&positionId=132035625,2026-09-11 15:33:06
航天七院,四川航天世源科技有限公司,研发工程师,控制科学与工程 / 机械工程 / 材料科学与工程,硕士,2,重庆,,2026-08-27,https://www.spacetalent.com.cn/jituan_xxx.html?id=89&positionId=132035626,2026-09-11 15:33:06
航天七院,四川航天天盛科技有限公司,运维岗,电子信息 / 电子科学与技术 / 计算机,本科,2,四川成都,,2026-08-27,https://www.spacetalent.com.cn/jituan_xxx.html?id=89&positionId=132035627,2026-09-11 15:33:06
航天七院,四川航天天盛科技有限公司,综合管理岗,中国语言文学 / 新闻传播学 / 马克思主义理论,本科,1,四川成都,,2026-08-27,https://www.spacetalent.com.cn/jituan_xxx.html?id=89&positionId=132035628,2026-09-11 15:33:06
航天七院,四川航天天盛科技有限公司,经营管理岗,工商管理 / 经济学 / 财务会计,本科,1,四川成都,,2026-08-27,https://www.spacetalent.com.cn/jituan_xxx.html?id=89&positionId=132035629,2026-09-11 15:33:06
航天七院,四川航天天盛科技有限公司,经营管理岗,工商管理 / 经济学 / 财务会计,本科,1,四川成都,,2026-08-27,https://www.spacetalent.com.cn/jituan_xxx.html?id=89&positionId=132035630,2026-09-11 15:33:06
航天七院,四川航天建筑工程有限公司,工程技术岗,土木,本科及以上,1,四川成都,,2026-08-27,https://www.spacetalent.com.cn/jituan_xxx.html?id=89&positionId=132035631,2026-09-11 15:33:06
航天七院,四川航天建筑工程有限公司,质量管理岗,土木 / 管理科学与工程,本科及以上,1,四川成都,,2026-08-27,https://www.spacetalent.com.cn/jituan_xxx.html?id=89&positionId=132035632,2026-09-11 15:33:06
航天七院,四川航天建筑工程有限公司,信息化管理岗,计算机,硕士及以上,1,四川成都,,2026-08-27,https://www.spacetalent.com.cn/jituan_xxx.html?id=89&positionId=132035633,2026-09-11 15:33:06
航天七院,四川航天建筑工程有限公司,法务专员,法学,本科及以上,1,四川成都,,2026-08-27,https://www.spacetalent.com.cn/jituan_xxx.html?id=89&positionId=132035634,2026-09-11 15:33:06
航天七院,四川航天职业技术学院（四川航天高级技工学校）,组织干事,中国语言文学 / 法学 / 马克思主义理论,硕士,1,四川广汉,,2026-08-27,https://www.spacetalent.com.cn/jituan_xxx.html?id=89&positionId=132035635,2026-09-11 15:33:06
航天七院,四川航天职业技术学院（四川航天高级技工学校）,专任教师,马克思主义理论,硕士,2,四川广汉,,2026-08-27,https://www.spacetalent.com.cn/jituan_xxx.html?id=89&positionId=132035636,2026-09-11 15:33:06
航天七院,四川航天职业技术学院（四川航天高级技工学校）,专任教师,机械工程 / 材料科学与工程 / 航空宇航科学与技术,硕士及以上,4,四川广汉,,2026-08-27,https://www.spacetalent.com.cn/jituan_xxx.html?id=89&positionId=132035637,2026-09-11 15:33:06
航天七院,四川航天职业技术学院（四川航天高级技工学校）,专任教师,机械工程 / 航空宇航科学与技术,博士,1,四川广汉,,2026-08-27,https://www.spacetalent.com.cn/jituan_xxx.html?id=89&positionId=132035638,2026-09-11 15:33:06
航天七院,四川航天职业技术学院（四川航天高级技工学校）,专职辅导员,心理学 / 马克思主义理论,硕士,2,四川广汉,,2026-08-27,https://www.spacetalent.com.cn/jituan_xxx.html?id=89&positionId=132035639,2026-09-11 15:33:06
航天七院,四川航天职业技术学院（四川航天高级技工学校）,专任教师,信息与通信工程 / 机械工程 / 电气工程,硕士及以上,2,四川广汉,,2026-08-27,https://www.spacetalent.com.cn/jituan_xxx.html?id=89&positionId=132035640,2026-09-11 15:33:06
航天七院,四川航天职业技术学院（四川航天高级技工学校）,专任教师,机械工程 / 计算机科学与技术,硕士,1,四川广汉,,2026-08-27,https://www.spacetalent.com.cn/jituan_xxx.html?id=89&positionId=132035641,2026-09-11 15:33:06
航天七院,四川航天职业技术学院（四川航天高级技工学校）,专任教师,戏剧与影视学 / 艺术设计 / 计算机科学与技术,硕士及以上,1,四川广汉,,2026-08-27,https://www.spacetalent.com.cn/jituan_xxx.html?id=89&positionId=132035642,2026-09-11 15:33:06
航天七院,重庆航天职业技术学院,专任教师,自动化 / 计算机科学与技术 / 计算机,硕士及以上,2,重庆,,2026-08-27,https://www.spacetalent.com.cn/jituan_xxx.html?id=89&positionId=132035643,2026-09-11 15:33:06
航天七院,重庆航天职业技术学院,专任教师,自动化 / 计算机科学与技术 / 计算机,硕士及以上,2,重庆,,2026-08-27,https://www.spacetalent.com.cn/jituan_xxx.html?id=89&positionId=132035644,2026-09-11 15:33:06
航天七院,重庆航天职业技术学院,专任教师,信息与通信工程 / 控制科学与工程 / 电子信息,硕士及以上,3,重庆,,2026-08-27,https://www.spacetalent.com.cn/jituan_xxx.html?id=89&positionId=132035645,2026-09-11 15:33:06
航天七院,重庆航天职业技术学院,专任教师,信息与通信工程 / 控制科学与工程 / 电子信息,硕士及以上,3,重庆,,2026-08-27,https://www.spacetalent.com.cn/jituan_xxx.html?id=89&positionId=132035646,2026-09-11 15:33:06
航天七院,重庆航天职业技术学院,专任教师,电子信息 / 航空宇航科学与技术 / 航空运输,硕士及以上,2,重庆,,2026-08-27,https://www.spacetalent.com.cn/jituan_xxx.html?id=89&positionId=132035647,2026-09-11 15:33:06
航天七院,重庆航天职业技术学院,专任教师,电子信息 / 航空宇航科学与技术 / 航空运输,硕士及以上,2,重庆,,2026-08-27,https://www.spacetalent.com.cn/jituan_xxx.html?id=89&positionId=132035648,2026-09-11 15:33:06
航天七院,重庆航天职业技术学院,专任教师,机械工程 / 机械 / 自动化,硕士及以上,2,重庆,,2026-08-27,https://www.spacetalent.com.cn/jituan_xxx.html?id=89&positionId=132035649,2026-09-11 15:33:06
航天七院,重庆航天职业技术学院,专任教师,机械工程 / 机械 / 自动化,硕士及以上,2,重庆,,2026-08-27,https://www.spacetalent.com.cn/jituan_xxx.html?id=89&positionId=132035650,2026-09-11 15:33:06
航天七院,重庆航天职业技术学院,专任教师,自动化 / 计算机科学与技术 / 计算机,硕士及以上,2,重庆,,2026-08-27,https://www.spacetalent.com.cn/jituan_xxx.html?id=89&positionId=132035651,2026-09-11 15:33:06
航天七院,第七设计部,财务管理岗,经济学 / 财政学,硕士,1,四川成都,,2026-08-27,https://www.spacetalent.com.cn/jituan_xxx.html?id=89&positionId=132035652,2026-09-11 15:33:06
航天七院,第七设计部,保障性设计,控制科学与工程 / 航空宇航科学与技术,硕士及以上,1,四川成都,,2026-08-27,https://www.spacetalent.com.cn/jituan_xxx.html?id=89&positionId=132035653,2026-09-11 15:33:06
航天七院,第七设计部,进气道设计技术,力学 / 航空宇航科学与技术,硕士及以上,1,四川成都,,2026-08-27,https://www.spacetalent.com.cn/jituan_xxx.html?id=89&positionId=132035654,2026-09-11 15:33:06
航天七院,第七设计部,可靠性设计,控制科学与工程 / 航空宇航科学与技术,硕士及以上,1,四川成都,,2026-08-27,https://www.spacetalent.com.cn/jituan_xxx.html?id=89&positionId=132035655,2026-09-11 15:33:06
航天七院,第七设计部,指挥控制设计,兵器科学与技术 / 控制科学与工程 / 航空宇航科学与技术,硕士及以上,1,四川成都,,2026-08-27,https://www.spacetalent.com.cn/jituan_xxx.html?id=89&positionId=132035656,2026-09-11 15:33:06
航天七院,第七设计部,装备体系总体设计,兵器科学与技术 / 控制科学与工程 / 航空宇航科学与技术,硕士及以上,1,四川成都,,2026-08-27,https://www.spacetalent.com.cn/jituan_xxx.html?id=89&positionId=132035657,2026-09-11 15:33:06
航天七院,第七设计部,宇航结构设计,力学 / 机械 / 材料,硕士及以上,2,四川成都,,2026-08-27,https://www.spacetalent.com.cn/jituan_xxx.html?id=89&positionId=132035658,2026-09-11 15:33:06
航天七院,第七设计部,宇航电子及信息设计,电子科学与技术 / 电气 / 计算机,硕士及以上,2,四川成都,,2026-08-27,https://www.spacetalent.com.cn/jituan_xxx.html?id=89&positionId=132035659,2026-09-11 15:33:06
航天七院,第七设计部,航天器总体设计,航空宇航科学与技术 / 航空航天,硕士及以上,1,四川成都,,2026-08-27,https://www.spacetalent.com.cn/jituan_xxx.html?id=89&positionId=132035660,2026-09-11 15:33:06
航天七院,第七设计部,电子载荷总体,信息与通信工程 / 控制科学与工程 / 计算机,硕士及以上,2,四川成都,,2026-08-27,https://www.spacetalent.com.cn/jituan_xxx.html?id=89&positionId=132035661,2026-09-11 15:33:06
航天七院,第七设计部,引信总体,兵器科学与技术 / 兵器 / 航空航天,硕士及以上,2,四川成都,,2026-08-27,https://www.spacetalent.com.cn/jituan_xxx.html?id=89&positionId=132035662,2026-09-11 15:33:06
航天七院,第七设计部,智能操作系统设计,计算机科学与技术,博士,1,四川成都,,2026-08-27,https://www.spacetalent.com.cn/jituan_xxx.html?id=89&positionId=132035663,2026-09-11 15:33:06
航天七院,第七设计部,智能嵌入式设计,电子信息 / 自动化 / 计算机科学与技术,博士,1,四川成都,,2026-08-27,https://www.spacetalent.com.cn/jituan_xxx.html?id=89&positionId=132035664,2026-09-11 15:33:06
航天七院,第七设计部,结构设计（电磁兼容）,电子科学与技术,硕士及以上,1,四川成都,,2026-08-27,https://www.spacetalent.com.cn/jituan_xxx.html?id=89&positionId=132035665,2026-09-11 15:33:06
航天七院,第七设计部,结构设计,机械 / 机械设计制造 / 航空航天,硕士及以上,1,四川成都,,2026-08-27,https://www.spacetalent.com.cn/jituan_xxx.html?id=89&positionId=132035666,2026-09-11 15:33:06
航天七院,第七设计部,双（多）脉冲固体发动机设计,兵器科学与技术 / 航空宇航科学与技术 / 航空航天,博士,1,四川成都,,2026-08-27,https://www.spacetalent.com.cn/jituan_xxx.html?id=89&positionId=132035667,2026-09-11 15:33:06
航天七院,第七设计部,推力可调发动机设计,兵器科学与技术 / 航空宇航科学与技术 / 航空航天,博士,1,四川成都,,2026-08-27,https://www.spacetalent.com.cn/jituan_xxx.html?id=89&positionId=132035668,2026-09-11 15:33:06
航天七院,第七设计部,火工品设计,兵器科学与技术 / 兵器,硕士及以上,1,四川成都,,2026-08-27,https://www.spacetalent.com.cn/jituan_xxx.html?id=89&positionId=132035669,2026-09-11 15:33:06
航天七院,第七设计部,电控固体推进剂发动机设计,兵器科学与技术 / 航空宇航科学与技术 / 航空航天,硕士及以上,1,四川成都,,2026-08-27,https://www.spacetalent.com.cn/jituan_xxx.html?id=89&positionId=132035670,2026-09-11 15:33:06
航天七院,第七设计部,飞发一体化设计,动力工程及工程热物理 / 航空宇航科学与技术 / 航空航天,硕士及以上,1,四川成都,,2026-08-27,https://www.spacetalent.com.cn/jituan_xxx.html?id=89&positionId=132035671,2026-09-11 15:33:06
航天七院,第七设计部,数字化总体,计算机,硕士及以上,5,四川成都,,2026-08-27,https://www.spacetalent.com.cn/jituan_xxx.html?id=89&positionId=132035672,2026-09-11 15:33:06
航天七院,第七设计部,仿真设计,控制科学与工程 / 航空宇航科学与技术,硕士及以上,1,四川成都,,2026-08-27,https://www.spacetalent.com.cn/jituan_xxx.html?id=89&positionId=132035673,2026-09-11 15:33:06
航天七院,第七设计部,电气综合设计,电气,硕士及以上,1,四川成都,,2026-08-27,https://www.spacetalent.com.cn/jituan_xxx.html?id=89&positionId=132035674,2026-09-11 15:33:06
航天七院,第七设计部,制导系统设计,控制科学与工程,博士,1,四川成都,,2026-08-27,https://www.spacetalent.com.cn/jituan_xxx.html?id=89&positionId=132035675,2026-09-11 15:33:06
航天七院,第七设计部,姿控系统设计,控制科学与工程 / 自动化,博士,1,四川成都,,2026-08-27,https://www.spacetalent.com.cn/jituan_xxx.html?id=89&positionId=132035676,2026-09-11 15:33:06
航天七院,第七设计部,导航系统设计,控制科学与工程 / 测绘地理信息,博士,1,四川成都,,2026-08-27,https://www.spacetalent.com.cn/jituan_xxx.html?id=89&positionId=132035677,2026-09-11 15:33:06
航天七院,第七设计部,通信网络岗,信息与通信工程 / 电子信息,博士,1,四川成都,,2026-08-27,https://www.spacetalent.com.cn/jituan_xxx.html?id=89&positionId=132035678,2026-09-11 15:33:06
航天七院,第七设计部,装备总体岗,兵器科学与技术 / 兵器,博士,1,四川成都,,2026-08-27,https://www.spacetalent.com.cn/jituan_xxx.html?id=89&positionId=132035679,2026-09-11 15:33:06
航天七院,第七设计部,发射箱设计岗,力学 / 机械,博士,1,四川成都,,2026-08-27,https://www.spacetalent.com.cn/jituan_xxx.html?id=89&positionId=132035680,2026-09-11 15:33:06
航天七院,第七设计部,装备电气岗,电气 / 自动化,硕士及以上,1,四川成都,,2026-08-27,https://www.spacetalent.com.cn/jituan_xxx.html?id=89&positionId=132035681,2026-09-11 15:33:06
航天七院,第七设计部,审计,工商管理 / 管理科学与工程 / 财务会计,硕士,1,四川成都,,2026-08-27,https://www.spacetalent.com.cn/jituan_xxx.html?id=89&positionId=132035682,2026-09-11 15:33:06
航天七院,第七设计部,数学建模与智能算法研究,信息与通信工程 / 控制科学与工程 / 数学,博士,1,四川成都,,2026-08-27,https://www.spacetalent.com.cn/jituan_xxx.html?id=89&positionId=132035683,2026-09-11 15:33:06
航天七院,第七设计部,数学建模与智能算法研究,信息与通信工程 / 控制科学与工程 / 数学,硕士及以上,2,四川成都,,2026-08-27,https://www.spacetalent.com.cn/jituan_xxx.html?id=89&positionId=132035684,2026-09-11 15:33:06
航天七院,第七设计部,原型集成与仿真研究,兵器 / 电子信息 / 计算机,硕士及以上,2,四川成都,,2026-08-27,https://www.spacetalent.com.cn/jituan_xxx.html?id=89&positionId=132035685,2026-09-11 15:33:06
航天七院,第七设计部,体系架构研究,兵器科学与技术 / 兵器 / 系统科学,硕士及以上,1,四川成都,,2026-08-27,https://www.spacetalent.com.cn/jituan_xxx.html?id=89&positionId=132035686,2026-09-11 15:33:06
航天七院,第七设计部,体系架构研究,兵器科学与技术 / 兵器 / 系统科学,博士,1,四川成都,,2026-08-27,https://www.spacetalent.com.cn/jituan_xxx.html?id=89&positionId=132035687,2026-09-11 15:33:06
航天七院,四川航天长征装备制造有限公司,工艺员,力学 / 机械,硕士及以上,2,四川成都,,2026-08-27,https://www.spacetalent.com.cn/jituan_xxx.html?id=89&positionId=132035688,2026-09-11 15:33:06
航天七院,四川航天长征装备制造有限公司,工程测量技术员,仪器科学与技术,本科及以上,2,四川成都,,2026-08-27,https://www.spacetalent.com.cn/jituan_xxx.html?id=89&positionId=132035689,2026-09-11 15:33:06
航天七院,四川航天长征装备制造有限公司,数字化仿真工程师,机械 / 材料 / 航空航天,硕士及以上,1,四川成都,,2026-08-27,https://www.spacetalent.com.cn/jituan_xxx.html?id=89&positionId=132035690,2026-09-11 15:33:06
航天七院,四川航天长征装备制造有限公司,科技创新战略规划工程师,机械 / 材料 / 航空航天,硕士及以上,1,四川成都,,2026-08-27,https://www.spacetalent.com.cn/jituan_xxx.html?id=89&positionId=132035691,2026-09-11 15:33:06
航天七院,四川航天长征装备制造有限公司,测试技术员,机械 / 电气工程,硕士,1,四川成都,,2026-08-27,https://www.spacetalent.com.cn/jituan_xxx.html?id=89&positionId=132035692,2026-09-11 15:33:06
航天七院,四川航天长征装备制造有限公司,产线维护技术员,机械,本科及以上,1,四川成都,,2026-08-27,https://www.spacetalent.com.cn/jituan_xxx.html?id=89&positionId=132035693,2026-09-11 15:33:06
航天七院,四川航天长征装备制造有限公司,工艺员,材料,硕士,1,四川成都,,2026-08-27,https://www.spacetalent.com.cn/jituan_xxx.html?id=89&positionId=132035694,2026-09-11 15:33:06
航天七院,四川航天长征装备制造有限公司,工艺员,化学 / 材料,本科及以上,2,四川万源,,2026-08-27,https://www.spacetalent.com.cn/jituan_xxx.html?id=89&positionId=132035695,2026-09-11 15:33:06
航天七院,四川航天长征装备制造有限公司,发展战略管理员,战略学 / 管理科学与工程 / 经济学,硕士及以上,1,四川成都,,2026-08-27,https://www.spacetalent.com.cn/jituan_xxx.html?id=89&positionId=132035696,2026-09-11 15:33:06
航天七院,四川航天长征装备制造有限公司,工艺员,机械 / 材料 / 电气,本科及以上,1,四川成都,,2026-08-27,https://www.spacetalent.com.cn/jituan_xxx.html?id=89&positionId=132035697,2026-09-11 15:33:06
航天七院,四川航天长征装备制造有限公司,工艺员,机械,硕士,2,四川成都,,2026-08-27,https://www.spacetalent.com.cn/jituan_xxx.html?id=89&positionId=132035698,2026-09-11 15:33:06
航天七院,四川航天长征装备制造有限公司,工艺员,化学 / 材料,硕士,3,四川成都,,2026-08-27,https://www.spacetalent.com.cn/jituan_xxx.html?id=89&positionId=132035699,2026-09-11 15:33:06
航天七院,四川航天长征装备制造有限公司,工艺员,材料,本科及以上,2,四川成都,,2026-08-27,https://www.spacetalent.com.cn/jituan_xxx.html?id=89&positionId=132035700,2026-09-11 15:33:06
航天七院,四川航天长征装备制造有限公司,工艺员,机械 / 材料,硕士,1,四川成都,,2026-08-27,https://www.spacetalent.com.cn/jituan_xxx.html?id=89&positionId=132035701,2026-09-11 15:33:06
航天七院,四川航天长征装备制造有限公司,基建技术员,土木 / 机械 / 机电设备,本科及以上,1,四川万源,,2026-08-27,https://www.spacetalent.com.cn/jituan_xxx.html?id=89&positionId=132035702,2026-09-11 15:33:06
航天七院,四川航天长征装备制造有限公司,型号主管兼主管工艺员,机械,本科及以上,3,四川万源,,2026-08-27,https://www.spacetalent.com.cn/jituan_xxx.html?id=89&positionId=132035703,2026-09-11 15:33:06
航天七院,四川航天长征装备制造有限公司,消防技术员,公安技术,本科及以上,1,四川成都,,2026-08-27,https://www.spacetalent.com.cn/jituan_xxx.html?id=89&positionId=132035704,2026-09-11 15:33:06
航天七院,四川航天长征装备制造有限公司,网络技术员,计算机,本科及以上,1,四川成都,,2026-08-27,https://www.spacetalent.com.cn/jituan_xxx.html?id=89&positionId=132035705,2026-09-11 15:33:06
航天七院,四川航天长征装备制造有限公司,档案现代化管理员,图书情报与档案管理,硕士,1,四川成都,,2026-08-27,https://www.spacetalent.com.cn/jituan_xxx.html?id=89&positionId=132035706,2026-09-11 15:33:06
航天七院,四川航天长征装备制造有限公司,无损探伤技术员,材料,本科及以上,2,四川成都,,2026-08-27,https://www.spacetalent.com.cn/jituan_xxx.html?id=89&positionId=132035707,2026-09-11 15:33:06
航天七院,四川航天长征装备制造有限公司,工艺员,机械 / 材料 / 航空航天,本科及以上,2,四川成都,,2026-08-27,https://www.spacetalent.com.cn/jituan_xxx.html?id=89&positionId=132035708,2026-09-11 15:33:06
航天七院,四川航天长征装备制造有限公司,电气技术员,电气工程 / 自动化,本科及以上,1,四川成都,,2026-08-27,https://www.spacetalent.com.cn/jituan_xxx.html?id=89&positionId=132035709,2026-09-11 15:33:06
航天七院,四川航天长征装备制造有限公司,机械技术员,机械,本科及以上,2,四川成都,,2026-08-27,https://www.spacetalent.com.cn/jituan_xxx.html?id=89&positionId=132035710,2026-09-11 15:33:06
航天七院,四川航天长征装备制造有限公司,价格员,经济学 / 统计学,硕士,1,四川成都,,2026-08-27,https://www.spacetalent.com.cn/jituan_xxx.html?id=89&positionId=132035711,2026-09-11 15:33:06
航天七院,四川航天长征装备制造有限公司,数字技术开发工程师,计算机 / 软件工程,硕士及以上,4,四川成都,,2026-08-27,https://www.spacetalent.com.cn/jituan_xxx.html?id=89&positionId=132035712,2026-09-11 15:33:06
航天七院,四川航天长征装备制造有限公司,信息系统运维工程师,计算机 / 软件工程,本科及以上,1,四川成都,,2026-08-27,https://www.spacetalent.com.cn/jituan_xxx.html?id=89&positionId=132035713,2026-09-11 15:33:06
航天七院,四川航天长征装备制造有限公司,数字化业务运营工程师,计算机 / 软件工程,本科及以上,1,四川成都,,2026-08-27,https://www.spacetalent.com.cn/jituan_xxx.html?id=89&positionId=132035714,2026-09-11 15:33:06
航天七院,四川航天长征装备制造有限公司,数字化规划与企业架构师,计算机 / 软件工程,硕士及以上,1,四川成都,,2026-08-27,https://www.spacetalent.com.cn/jituan_xxx.html?id=89&positionId=132035715,2026-09-11 15:33:06
航天七院,四川航天长征装备制造有限公司,数据与智能工程师,计算机 / 软件工程,硕士及以上,2,四川成都,,2026-08-27,https://www.spacetalent.com.cn/jituan_xxx.html?id=89&positionId=132035716,2026-09-11 15:33:06
航天七院,四川航天长征装备制造有限公司,网络安全工程师,网络空间安全 / 计算机,硕士及以上,1,四川成都,,2026-08-27,https://www.spacetalent.com.cn/jituan_xxx.html?id=89&positionId=132035717,2026-09-11 15:33:06
航天七院,四川航天长征装备制造有限公司,测试技术员,仪器科学与技术 / 机械,本科及以上,2,四川万源,,2026-08-27,https://www.spacetalent.com.cn/jituan_xxx.html?id=89&positionId=132035718,2026-09-11 15:33:06
航天七院,四川航天长征装备制造有限公司,数据管理岗位,工商管理 / 统计 / 财务会计,硕士,1,四川成都,,2026-08-27,https://www.spacetalent.com.cn/jituan_xxx.html?id=89&positionId=132035719,2026-09-11 15:33:06
航天七院,四川航天长征装备制造有限公司,软件研发工程师,计算机 / 软件工程,硕士及以上,2,四川成都,,2026-08-27,https://www.spacetalent.com.cn/jituan_xxx.html?id=89&positionId=132035720,2026-09-11 15:33:06
航天七院,四川航天长征装备制造有限公司,工艺研发工程师,机械 / 材料 / 航空航天,本科及以上,2,四川成都,,2026-08-27,https://www.spacetalent.com.cn/jituan_xxx.html?id=89&positionId=132035721,2026-09-11 15:33:06
航天七院,四川航天长征装备制造有限公司,人工智能研发工程师,计算机 / 软件工程,硕士及以上,2,四川成都,,2026-08-27,https://www.spacetalent.com.cn/jituan_xxx.html?id=89&positionId=132035722,2026-09-11 15:33:06
航天七院,四川航天长征装备制造有限公司,机械设计工程师,机械,硕士及以上,4,四川成都,,2026-08-27,https://www.spacetalent.com.cn/jituan_xxx.html?id=89&positionId=132035723,2026-09-11 15:33:06
航天七院,四川航天长征装备制造有限公司,综合计划员,管理科学与工程 / 经济学,硕士及以上,1,四川成都,,2026-08-27,https://www.spacetalent.com.cn/jituan_xxx.html?id=89&positionId=132035724,2026-09-11 15:33:06
航天七院,四川航天长征装备制造有限公司,工艺员,工业工程 / 机械 / 航空航天,本科及以上,3,四川万源,,2026-08-27,https://www.spacetalent.com.cn/jituan_xxx.html?id=89&positionId=132035725,2026-09-11 15:33:06
航天七院,四川航天长征装备制造有限公司,工艺员,工业工程 / 机械 / 航空航天,硕士,1,四川成都,,2026-08-27,https://www.spacetalent.com.cn/jituan_xxx.html?id=89&positionId=132035726,2026-09-11 15:33:06
航天七院,四川航天长征装备制造有限公司,内部审计岗位,经济学 / 统计 / 财务会计,硕士,1,四川成都,,2026-08-27,https://www.spacetalent.com.cn/jituan_xxx.html?id=89&positionId=132035727,2026-09-11 15:33:06
航天七院,四川航天长征装备制造有限公司,保密干事,管理科学与工程,本科及以上,1,四川成都,,2026-08-27,https://www.spacetalent.com.cn/jituan_xxx.html?id=89&positionId=132035728,2026-09-11 15:33:06
航天七院,四川航天长征装备制造有限公司,机加工艺员,机械 / 机械设计制造 / 材料,硕士,1,四川成都,,2026-08-27,https://www.spacetalent.com.cn/jituan_xxx.html?id=89&positionId=132035729,2026-09-11 15:33:06
航天七院,四川航天长征装备制造有限公司,电气设计员,机械工程 / 电气工程,硕士,1,四川成都,,2026-08-27,https://www.spacetalent.com.cn/jituan_xxx.html?id=89&positionId=132035730,2026-09-11 15:33:06
航天七院,四川航天长征装备制造有限公司,价格管理员,机械工程 / 机械 / 材料科学与工程,硕士,1,四川成都,,2026-08-27,https://www.spacetalent.com.cn/jituan_xxx.html?id=89&positionId=132035731,2026-09-11 15:33:06
航天七院,四川航天电子设备研究所,天线阵列综合 (卫通终端阵面综合),电子信息 / 电子科学与技术,硕士及以上,2,四川成都,,2026-08-27,https://www.spacetalent.com.cn/jituan_xxx.html?id=89&positionId=132035732,2026-09-11 15:33:06
航天七院,四川航天电子设备研究所,仿真测试系统设计师,仪器科学与技术 / 电子信息 / 计算机,硕士及以上,1,四川成都,,2026-08-27,https://www.spacetalent.com.cn/jituan_xxx.html?id=89&positionId=132035733,2026-09-11 15:33:06
航天七院,四川航天电子设备研究所,价格管理,工商管理 / 财务会计,硕士及以上,1,四川成都,,2026-08-27,https://www.spacetalent.com.cn/jituan_xxx.html?id=89&positionId=132035734,2026-09-11 15:33:06
航天七院,四川航天电子设备研究所,卫导/惯导系统设计师,控制科学与工程 / 机械 / 电子信息,硕士及以上,1,四川成都,,2026-08-27,https://www.spacetalent.com.cn/jituan_xxx.html?id=89&positionId=132035735,2026-09-11 15:33:06
航天七院,四川航天电子设备研究所,红外图像处理算法设计师,信息与通信工程 / 电子信息 / 计算机,硕士及以上,1,四川成都,,2026-08-27,https://www.spacetalent.com.cn/jituan_xxx.html?id=89&positionId=132035736,2026-09-11 15:33:06
航天七院,四川航天电子设备研究所,多模信息融合技术研究及算法设计师,信息与通信工程 / 电子信息 / 计算机,硕士及以上,1,四川成都,,2026-08-27,https://www.spacetalent.com.cn/jituan_xxx.html?id=89&positionId=132035737,2026-09-11 15:33:06
航天七院,四川航天电子设备研究所,力热电结构耦合设计及仿真设计师,力学 / 动力工程及工程热物理 / 机械,硕士及以上,1,四川成都,,2026-08-27,https://www.spacetalent.com.cn/jituan_xxx.html?id=89&positionId=132035738,2026-09-11 15:33:06
航天七院,四川航天电子设备研究所,财务管理,经济学 / 财务会计,硕士及以上,2,四川成都,,2026-08-27,https://www.spacetalent.com.cn/jituan_xxx.html?id=89&positionId=132035739,2026-09-11 15:33:06
航天七院,四川航天电子设备研究所,无线通信系统设计师,信息与通信工程 / 电子信息,硕士及以上,1,四川成都,,2026-08-27,https://www.spacetalent.com.cn/jituan_xxx.html?id=89&positionId=132035740,2026-09-11 15:33:06
航天七院,四川航天电子设备研究所,导航制导控制算法设计师,控制科学与工程 / 机械 / 自动化,硕士及以上,1,四川成都,,2026-08-27,https://www.spacetalent.com.cn/jituan_xxx.html?id=89&positionId=132035741,2026-09-11 15:33:06
航天七院,四川航天电子设备研究所,工艺,材料 / 电子信息,硕士及以上,1,四川成都,,2026-08-27,https://www.spacetalent.com.cn/jituan_xxx.html?id=89&positionId=132035742,2026-09-11 15:33:06
航天七院,四川航天电子设备研究所,总承测试系统设计师,仪器 / 电子信息 / 自动化,硕士及以上,1,四川成都,,2026-08-27,https://www.spacetalent.com.cn/jituan_xxx.html?id=89&positionId=132035743,2026-09-11 15:33:06
航天七院,四川航天电子设备研究所,大数据应用设计师,电子信息 / 计算机,硕士及以上,1,四川成都,,2026-08-27,https://www.spacetalent.com.cn/jituan_xxx.html?id=89&positionId=132035744,2026-09-11 15:33:06
航天七院,四川航天电子设备研究所,智能目标检测识别算法设计师,控制科学与工程 / 电子信息 / 计算机,硕士及以上,1,四川成都,,2026-08-27,https://www.spacetalent.com.cn/jituan_xxx.html?id=89&positionId=132035745,2026-09-11 15:33:06
航天七院,四川航天电子设备研究所,射频电路设计,电子信息 / 电子科学与技术,硕士及以上,1,四川成都,,2026-08-27,https://www.spacetalent.com.cn/jituan_xxx.html?id=89&positionId=132035746,2026-09-11 15:33:06
航天七院,四川航天电子设备研究所,相控阵总体,电子信息 / 电子科学与技术,硕士及以上,1,四川成都,,2026-08-27,https://www.spacetalent.com.cn/jituan_xxx.html?id=89&positionId=132035747,2026-09-11 15:33:06
航天七院,四川航天电子设备研究所,开放式架构电气系统设计师,信息与通信工程 / 电子信息 / 自动化,硕士及以上,1,四川成都,,2026-08-27,https://www.spacetalent.com.cn/jituan_xxx.html?id=89&positionId=132035748,2026-09-11 15:33:06
航天七院,四川航天电子设备研究所,通用质量特性设计师,控制科学与工程 / 材料 / 航空宇航科学与技术,硕士及以上,1,四川成都,,2026-08-27,https://www.spacetalent.com.cn/jituan_xxx.html?id=89&positionId=132035749,2026-09-11 15:33:06
航天七院,四川航天电子设备研究所,规划及计划管理,工商管理 / 电子信息 / 经济学,硕士,1,四川成都,,2026-08-27,https://www.spacetalent.com.cn/jituan_xxx.html?id=89&positionId=132035750,2026-09-11 15:33:06
航天七院,四川航天电子设备研究所,高速数字电路设计及仿真设计师,信息与通信工程 / 电子信息 / 电子科学与技术,硕士及以上,1,四川成都,,2026-08-27,https://www.spacetalent.com.cn/jituan_xxx.html?id=89&positionId=132035751,2026-09-11 15:33:06
航天七院,四川航天电子设备研究所,被动信号处理算法设计师,信息与通信工程 / 电子信息 / 计算机,硕士及以上,1,四川成都,,2026-08-27,https://www.spacetalent.com.cn/jituan_xxx.html?id=89&positionId=132035752,2026-09-11 15:33:06
航天七院,四川航天电子设备研究所,工艺,材料 / 电子信息,硕士及以上,1,四川成都,,2026-08-27,https://www.spacetalent.com.cn/jituan_xxx.html?id=89&positionId=132035753,2026-09-11 15:33:06
航天七院,四川航天电子设备研究所,试验技术员,力学 / 计算机,本科及以上,1,四川成都,,2026-08-27,https://www.spacetalent.com.cn/jituan_xxx.html?id=89&positionId=132035754,2026-09-11 15:33:06
航天七院,四川航天电子设备研究所,工艺,机电设备 / 电气工程 / 电气,本科及以上,1,四川成都,,2026-08-27,https://www.spacetalent.com.cn/jituan_xxx.html?id=89&positionId=132035755,2026-09-11 15:33:06
航天七院,四川航天电子设备研究所,检测技术员（元器件可靠性分析技术）,电子信息 / 计算机,本科及以上,1,四川成都,,2026-08-27,https://www.spacetalent.com.cn/jituan_xxx.html?id=89&positionId=132035756,2026-09-11 15:33:06
航天七院,四川航天电子设备研究所,机加工艺,机械设计制造,本科及以上,1,四川成都,,2026-08-27,https://www.spacetalent.com.cn/jituan_xxx.html?id=89&positionId=132035757,2026-09-11 15:33:06
航天七院,四川航天电子设备研究所,工艺,机电设备 / 电子信息,本科及以上,1,四川成都,,2026-08-27,https://www.spacetalent.com.cn/jituan_xxx.html?id=89&positionId=132035758,2026-09-11 15:33:06
航天七院,四川航天电子设备研究所,微波射频设计师,信息与通信工程 / 电子科学与技术 / 电气工程,硕士,3,四川成都,,2026-08-27,https://www.spacetalent.com.cn/jituan_xxx.html?id=89&positionId=132035759,2026-09-11 15:33:06
航天七院,四川航天电子设备研究所,电源及滤波器设计师,信息与通信工程 / 电子科学与技术 / 电气工程,硕士,2,四川成都,,2026-08-27,https://www.spacetalent.com.cn/jituan_xxx.html?id=89&positionId=132035760,2026-09-11 15:33:06
航天七院,四川航天烽火伺服控制技术有限公司,产品工程师,工业工程 / 机械工程 / 机械,硕士,2,四川成都,,2026-08-27,https://www.spacetalent.com.cn/jituan_xxx.html?id=89&positionId=132035761,2026-09-11 15:33:06
航天七院,四川航天烽火伺服控制技术有限公司,产品工程师,化学 / 机械工程 / 材料,硕士,3,四川成都,,2026-08-27,https://www.spacetalent.com.cn/jituan_xxx.html?id=89&positionId=132035762,2026-09-11 15:33:06
航天七院,四川航天烽火伺服控制技术有限公司,产品工程师,化学 / 机械 / 物理学,硕士,2,四川成都,,2026-08-27,https://www.spacetalent.com.cn/jituan_xxx.html?id=89&positionId=132035763,2026-09-11 15:33:06
航天七院,四川航天烽火伺服控制技术有限公司,产品工程师,机械工程 / 机械,硕士,2,四川成都,,2026-08-27,https://www.spacetalent.com.cn/jituan_xxx.html?id=89&positionId=132035764,2026-09-11 15:33:06
航天七院,四川航天烽火伺服控制技术有限公司,电气工程师,控制科学与工程 / 电子科学与技术 / 电气工程,硕士,5,四川成都,,2026-08-27,https://www.spacetalent.com.cn/jituan_xxx.html?id=89&positionId=132035765,2026-09-11 15:33:06
航天七院,四川航天烽火伺服控制技术有限公司,财务管理,工商管理 / 经济学 / 财务会计,硕士,1,四川成都,,2026-08-27,https://www.spacetalent.com.cn/jituan_xxx.html?id=89&positionId=132035766,2026-09-11 15:33:06
航天七院,四川航天烽火伺服控制技术有限公司,伺服系统设计师,仪器科学与技术 / 机械 / 航空宇航科学与技术,硕士及以上,5,四川成都,,2026-08-27,https://www.spacetalent.com.cn/jituan_xxx.html?id=89&positionId=132035767,2026-09-11 15:33:06
航天七院,四川航天烽火伺服控制技术有限公司,宣传干事,中国语言文学 / 马克思主义理论,硕士,1,四川成都,,2026-08-27,https://www.spacetalent.com.cn/jituan_xxx.html?id=89&positionId=132035768,2026-09-11 15:33:06
航天七院,四川航天烽火伺服控制技术有限公司,产品设计师,兵器科学与技术 / 机械 / 航空宇航科学与技术,硕士,5,四川成都,,2026-08-27,https://www.spacetalent.com.cn/jituan_xxx.html?id=89&positionId=132035769,2026-09-11 15:33:06
航天七院,四川航天烽火伺服控制技术有限公司,动力工程师,力学 / 控制科学与工程 / 机械工程,硕士,5,四川成都,,2026-08-27,https://www.spacetalent.com.cn/jituan_xxx.html?id=89&positionId=132035770,2026-09-11 15:33:06
航天七院,四川航天烽火伺服控制技术有限公司,产品工程师,机械工程 / 机械,硕士,2,四川成都,,2026-08-27,https://www.spacetalent.com.cn/jituan_xxx.html?id=89&positionId=132035771,2026-09-11 15:33:06
航天七院,四川航天烽火伺服控制技术有限公司,工艺工程师,仪器科学与技术 / 机械工程 / 航空航天,硕士,2,四川成都,,2026-08-27,https://www.spacetalent.com.cn/jituan_xxx.html?id=89&positionId=132035772,2026-09-11 15:33:06
航天七院,四川航天烽火伺服控制技术有限公司,人才开发,公共管理 / 工商管理,硕士,1,四川成都,,2026-08-27,https://www.spacetalent.com.cn/jituan_xxx.html?id=89&positionId=132035773,2026-09-11 15:33:06
航天七院,四川航天烽火伺服控制技术有限公司,液压工程师,动力工程及工程热物理 / 机械 / 自动化,硕士,4,四川成都,,2026-08-27,https://www.spacetalent.com.cn/jituan_xxx.html?id=89&positionId=132035774,2026-09-11 15:33:06
航天七院,四川航天烽火伺服控制技术有限公司,产品工程师,工业工程 / 机械工程 / 机械,硕士,2,四川成都,,2026-08-27,https://www.spacetalent.com.cn/jituan_xxx.html?id=89&positionId=132035775,2026-09-11 15:33:06
航天七院,四川航天川南火工技术有限公司,人才管理,公共管理 / 工商管理 / 法学,硕士,1,四川泸州,,2026-08-27,https://www.spacetalent.com.cn/jituan_xxx.html?id=89&positionId=132035776,2026-09-11 15:33:06
航天七院,四川航天川南火工技术有限公司,宣传干事,中国语言文学 / 新闻传播学,硕士,1,四川泸州,,2026-08-27,https://www.spacetalent.com.cn/jituan_xxx.html?id=89&positionId=132035777,2026-09-11 15:33:06
航天七院,四川航天川南火工技术有限公司,客户经理（技术服务）,兵器科学与技术 / 机械工程 / 航空宇航科学与技术,硕士,2,四川泸州,,2026-08-27,https://www.spacetalent.com.cn/jituan_xxx.html?id=89&positionId=132035778,2026-09-11 15:33:06
航天七院,四川航天川南火工技术有限公司,火工品设计,化学工程与技术 / 数学 / 航空宇航科学与技术,硕士,3,四川泸州,,2026-08-27,https://www.spacetalent.com.cn/jituan_xxx.html?id=89&positionId=132035779,2026-09-11 15:33:06
航天七院,四川航天川南火工技术有限公司,工艺技术,信息与通信工程 / 兵器科学与技术 / 电子科学与技术,硕士,1,四川泸州,,2026-08-27,https://www.spacetalent.com.cn/jituan_xxx.html?id=89&positionId=132035780,2026-09-11 15:33:06
航天七院,四川航天川南火工技术有限公司,火工品工艺,机械工程 / 电气工程 / 软件工程,硕士,1,四川泸州,,2026-08-27,https://www.spacetalent.com.cn/jituan_xxx.html?id=89&positionId=132035781,2026-09-11 15:33:06
航天七院,四川航天川南火工技术有限公司,机加工艺,机械工程 / 材料科学与工程 / 物理学,硕士,1,四川泸州,,2026-08-27,https://www.spacetalent.com.cn/jituan_xxx.html?id=89&positionId=132035782,2026-09-11 15:33:06
航天七院,四川航天川南火工技术有限公司,火工品工艺,动力工程及工程热物理 / 控制科学与工程 / 电气工程,硕士,1,四川泸州,,2026-08-27,https://www.spacetalent.com.cn/jituan_xxx.html?id=89&positionId=132035783,2026-09-11 15:33:06
航天七院,四川航天川南火工技术有限公司,火工品测试技术,力学 / 核科学与技术 / 电子信息,硕士,1,四川泸州,,2026-08-27,https://www.spacetalent.com.cn/jituan_xxx.html?id=89&positionId=132035784,2026-09-11 15:33:06
航天七院,四川航天川南火工技术有限公司,检验工艺,光学工程 / 化学 / 机械工程,硕士,1,四川泸州,,2026-08-27,https://www.spacetalent.com.cn/jituan_xxx.html?id=89&positionId=132035785,2026-09-11 15:33:06
航天七院,四川航天川南火工技术有限公司,计算机技术,电子信息 / 计算机科学与技术 / 软件工程,硕士,1,四川泸州,,2026-08-27,https://www.spacetalent.com.cn/jituan_xxx.html?id=89&positionId=132035786,2026-09-11 15:33:06
航天七院,四川航天川南火工技术有限公司,电气技术,仪器科学与技术 / 电气工程 / 能源动力,硕士,1,四川泸州,,2026-08-27,https://www.spacetalent.com.cn/jituan_xxx.html?id=89&positionId=132035787,2026-09-11 15:33:06
航天七院,四川航天川南火工技术有限公司,火工品设计,电子信息 / 电气工程 / 计算机科学与技术,博士,1,四川泸州,,2026-08-27,https://www.spacetalent.com.cn/jituan_xxx.html?id=89&positionId=132035788,2026-09-11 15:33:06
航天七院,四川航天川南火工技术有限公司,火工品工艺,兵器科学与技术 / 化学工程与技术 / 机械工程,硕士,1,四川泸州,,2026-08-27,https://www.spacetalent.com.cn/jituan_xxx.html?id=89&positionId=132035789,2026-09-11 15:33:06
航天七院,航天智造科技股份有限公司,设计,化学工程与技术,硕士及以上,1,四川泸州,,2026-08-27,https://www.spacetalent.com.cn/jituan_xxx.html?id=89&positionId=132035790,2026-09-11 15:33:06
航天七院,航天智造科技股份有限公司,设计,兵器科学与技术,硕士及以上,1,四川泸州,,2026-08-27,https://www.spacetalent.com.cn/jituan_xxx.html?id=89&positionId=132035791,2026-09-11 15:33:06
航天七院,航天智造科技股份有限公司,设计,机械,本科及以上,1,四川泸州,,2026-08-27,https://www.spacetalent.com.cn/jituan_xxx.html?id=89&positionId=132035792,2026-09-11 15:33:06
航天七院,航天智造科技股份有限公司,会计,工商管理,硕士,1,四川泸州,,2026-08-27,https://www.spacetalent.com.cn/jituan_xxx.html?id=89&positionId=132035793,2026-09-11 15:33:06
航天七院,航天智造科技股份有限公司,信息化管理,计算机,硕士及以上,1,四川泸州,,2026-08-27,https://www.spacetalent.com.cn/jituan_xxx.html?id=89&positionId=132035794,2026-09-11 15:33:06
航天七院,航天智造科技股份有限公司,设计,仪器科学与技术,硕士及以上,1,四川泸州,,2026-08-27,https://www.spacetalent.com.cn/jituan_xxx.html?id=89&positionId=132035795,2026-09-11 15:33:06
航天七院,四川航天中天动力装备有限责任公司,燃烧设计师,动力工程及工程热物理 / 能源动力,硕士及以上,1,四川成都,,2026-08-27,https://www.spacetalent.com.cn/jituan_xxx.html?id=89&positionId=132035796,2026-09-11 15:33:06
航天七院,四川航天中天动力装备有限责任公司,发动机气动设计师,动力工程及工程热物理 / 能源动力,硕士及以上,3,四川成都,,2026-08-27,https://www.spacetalent.com.cn/jituan_xxx.html?id=89&positionId=132035797,2026-09-11 15:33:06
航天七院,四川航天中天动力装备有限责任公司,发动机总体设计师,动力工程及工程热物理 / 能源动力,硕士及以上,1,四川成都,,2026-08-27,https://www.spacetalent.com.cn/jituan_xxx.html?id=89&positionId=132035798,2026-09-11 15:33:06
航天七院,四川航天中天动力装备有限责任公司,电气系统设计师,电气工程,硕士及以上,1,四川成都,,2026-08-27,https://www.spacetalent.com.cn/jituan_xxx.html?id=89&positionId=132035799,2026-09-11 15:33:06
航天七院,四川航天中天动力装备有限责任公司,无人机测控系统设计师(地面测控方向),信息与通信工程 / 控制科学与工程 / 计算机科学与技术,硕士及以上,1,四川成都,,2026-08-27,https://www.spacetalent.com.cn/jituan_xxx.html?id=89&positionId=132035800,2026-09-11 15:33:06
航天七院,四川航天中天动力装备有限责任公司,无人机测控系统设计师(集群遥测方向),控制科学与工程 / 航空宇航科学与技术,硕士及以上,1,四川成都,,2026-08-27,https://www.spacetalent.com.cn/jituan_xxx.html?id=89&positionId=132035801,2026-09-11 15:33:06
航天七院,四川航天中天动力装备有限责任公司,控制系统设计师(控制方向),控制科学与工程,硕士及以上,1,四川成都,,2026-08-27,https://www.spacetalent.com.cn/jituan_xxx.html?id=89&positionId=132035802,2026-09-11 15:33:06
航天七院,四川航天中天动力装备有限责任公司,控制系统设计师(系统方向),控制科学与工程,硕士及以上,1,四川成都,,2026-08-27,https://www.spacetalent.com.cn/jituan_xxx.html?id=89&positionId=132035803,2026-09-11 15:33:06
航天七院,四川航天中天动力装备有限责任公司,航空发动机燃油系统设计师,动力工程及工程热物理 / 机械工程,硕士及以上,1,四川成都,,2026-08-27,https://www.spacetalent.com.cn/jituan_xxx.html?id=89&positionId=132035804,2026-09-11 15:33:06
航天七院,四川航天中天动力装备有限责任公司,结构/材料设计师,力学 / 机械工程 / 航空航天,硕士及以上,3,四川成都,,2026-08-27,https://www.spacetalent.com.cn/jituan_xxx.html?id=89&positionId=132035805,2026-09-11 15:33:06
航天七院,四川航天中天动力装备有限责任公司,数据管理,计算机,本科及以上,1,四川成都,,2026-08-27,https://www.spacetalent.com.cn/jituan_xxx.html?id=89&positionId=132035806,2026-09-11 15:33:06
航天七院,四川航天中天动力装备有限责任公司,架构设计师,计算机,本科及以上,1,四川成都,,2026-08-27,https://www.spacetalent.com.cn/jituan_xxx.html?id=89&positionId=132035807,2026-09-11 15:33:06
航天七院,四川航天中天动力装备有限责任公司,人工智能应用设计,航空宇航科学与技术,硕士及以上,1,四川成都,,2026-08-27,https://www.spacetalent.com.cn/jituan_xxx.html?id=89&positionId=132035808,2026-09-11 15:33:06
航天七院,四川航天中天动力装备有限责任公司,飞行器总体设计师,航空宇航科学与技术,硕士及以上,2,四川成都,,2026-08-27,https://www.spacetalent.com.cn/jituan_xxx.html?id=89&positionId=132035809,2026-09-11 15:33:06
航天七院,四川航天中天动力装备有限责任公司,任务载荷总体,仪器 / 信息与通信工程,硕士及以上,1,四川成都,,2026-08-27,https://www.spacetalent.com.cn/jituan_xxx.html?id=89&positionId=132035810,2026-09-11 15:33:06
航天七院,四川航天中天动力装备有限责任公司,档案管理员,图书情报与档案管理,本科及以上,1,四川成都,,2026-08-27,https://www.spacetalent.com.cn/jituan_xxx.html?id=89&positionId=132035811,2026-09-11 15:33:06
航天七院,四川航天中天动力装备有限责任公司,安全管理员,安全科学与工程,本科及以上,1,四川成都,,2026-08-27,https://www.spacetalent.com.cn/jituan_xxx.html?id=89&positionId=132035812,2026-09-11 15:33:06
航天七院,四川航天中天动力装备有限责任公司,设备技术员,机械工程,本科及以上,1,四川成都,,2026-08-27,https://www.spacetalent.com.cn/jituan_xxx.html?id=89&positionId=132035813,2026-09-11 15:33:06
航天七院,四川航天中天动力装备有限责任公司,保密管理,管理科学与工程 / 网络空间安全 / 计算机,本科及以上,1,四川成都,,2026-08-27,https://www.spacetalent.com.cn/jituan_xxx.html?id=89&positionId=132035814,2026-09-11 15:33:06
航天七院,四川航天中天动力装备有限责任公司,工艺师,机械工程 / 机械 / 材料,硕士及以上,3,四川成都,,2026-08-27,https://www.spacetalent.com.cn/jituan_xxx.html?id=89&positionId=132035815,2026-09-11 15:33:06
航天七院,四川航天中天动力装备有限责任公司,科研项目管理岗,管理科学与工程 / 航空航天,硕士,2,四川成都,,2026-08-27,https://www.spacetalent.com.cn/jituan_xxx.html?id=89&positionId=132035816,2026-09-11 15:33:06
航天七院,四川航天中天动力装备有限责任公司,控制总体,自动化 / 计算机,硕士及以上,1,四川成都,,2026-08-27,https://www.spacetalent.com.cn/jituan_xxx.html?id=89&positionId=132035817,2026-09-11 15:33:06
航天七院,四川航天中天动力装备有限责任公司,无人飞行器燃油系统设计师,动力工程及工程热物理 / 机械工程,硕士及以上,1,四川成都,,2026-08-27,https://www.spacetalent.com.cn/jituan_xxx.html?id=89&positionId=132035818,2026-09-11 15:33:06
航天七院,四川航天中天动力装备有限责任公司,科研生产综合管理,机械 / 管理科学与工程,本科及以上,2,四川成都,,2026-08-27,https://www.spacetalent.com.cn/jituan_xxx.html?id=89&positionId=132035819,2026-09-11 15:33:06
航天七院,四川航天中天动力装备有限责任公司,物资计划员,机械 / 物流管理与工程,本科及以上,2,四川成都,,2026-08-27,https://www.spacetalent.com.cn/jituan_xxx.html?id=89&positionId=132035820,2026-09-11 15:33:06
航天七院,重庆航天机电设计院,工艺师,机械 / 电子信息,硕士,1,重庆,,2026-08-27,https://www.spacetalent.com.cn/jituan_xxx.html?id=89&positionId=132035821,2026-09-11 15:33:06
航天七院,重庆航天机电设计院,硬件设计师,信息与通信工程 / 机械 / 电子信息,硕士,4,重庆,,2026-08-27,https://www.spacetalent.com.cn/jituan_xxx.html?id=89&positionId=132035822,2026-09-11 15:33:06
航天七院,重庆航天机电设计院,电气设计师,电气,本科及以上,1,重庆,,2026-08-27,https://www.spacetalent.com.cn/jituan_xxx.html?id=89&positionId=132035823,2026-09-11 15:33:06
航天七院,重庆航天机电设计院,非标结构设计师,机械 / 机电设备,本科及以上,1,重庆,,2026-08-27,https://www.spacetalent.com.cn/jituan_xxx.html?id=89&positionId=132035824,2026-09-11 15:33:06
航天七院,重庆航天机电设计院,市场开发,工商管理 / 市场营销,硕士,1,重庆,,2026-08-27,https://www.spacetalent.com.cn/jituan_xxx.html?id=89&positionId=132035825,2026-09-11 15:33:06
航天七院,四川航天计量测试研究所,硬件工程师,仪器科学与技术 / 电子信息 / 电子科学与技术,硕士,1,四川成都,,2026-08-27,https://www.spacetalent.com.cn/jituan_xxx.html?id=89&positionId=132035826,2026-09-11 15:33:06
航天七院,四川航天计量测试研究所,软件工程师,电子信息 / 计算机,硕士,2,四川成都,,2026-08-27,https://www.spacetalent.com.cn/jituan_xxx.html?id=89&positionId=132035827,2026-09-11 15:33:06
航天七院,四川航天计量测试研究所,软件工程师,计算机,硕士,1,四川成都,,2026-08-27,https://www.spacetalent.com.cn/jituan_xxx.html?id=89&positionId=132035828,2026-09-11 15:33:06
航天七院,四川航天计量测试研究所,计量工程师（电学）,仪器 / 电子信息 / 自动化,本科及以上,2,四川成都,,2026-08-27,https://www.spacetalent.com.cn/jituan_xxx.html?id=89&positionId=132035829,2026-09-11 15:33:06
航天七院,四川航天计量测试研究所,计量工程师（力学）,仪器 / 力学 / 电子信息,本科及以上,2,四川成都,,2026-08-27,https://www.spacetalent.com.cn/jituan_xxx.html?id=89&positionId=132035830,2026-09-11 15:33:06
航天七院,四川航天计量测试研究所,计量工程师（化学及无损）,仪器 / 化学,本科及以上,1,四川成都,,2026-08-27,https://www.spacetalent.com.cn/jituan_xxx.html?id=89&positionId=132035831,2026-09-11 15:33:06
航天七院,航天智造科技股份有限公司,研发工程师,化学工程与技术 / 化学,硕士及以上,1,河北保定,,2026-08-27,https://www.spacetalent.com.cn/jituan_xxx.html?id=89&positionId=132035832,2026-09-11 15:33:06
航天七院,航天智造科技股份有限公司,设备技术员,仪器科学与技术,硕士及以上,1,河北保定,,2026-08-27,https://www.spacetalent.com.cn/jituan_xxx.html?id=89&positionId=132035833,2026-09-11 15:33:06
航天七院,航天智造科技股份有限公司,工艺技术员,化学 / 材料,本科及以上,1,四川眉山,,2026-08-27,https://www.spacetalent.com.cn/jituan_xxx.html?id=89&positionId=132036934,2026-09-11 15:33:06
航天七院,航天智造科技股份有限公司,质量管理,化学 / 材料,本科及以上,1,四川眉山,,2026-08-27,https://www.spacetalent.com.cn/jituan_xxx.html?id=89&positionId=132036935,2026-09-11 15:33:06
航天七院,航天智造科技股份有限公司,人力资源管理,工商管理,本科及以上,1,四川眉山,,2026-08-27,https://www.spacetalent.com.cn/jituan_xxx.html?id=89&positionId=132036936,2026-09-11 15:33:06
航天七院,航天智造科技股份有限公司,有机合成研究员,化学,本科及以上,2,河北沧州,,2026-08-27,https://www.spacetalent.com.cn/jituan_xxx.html?id=89&positionId=132036937,2026-09-11 15:33:06
航天八院,八〇八所,软件开发工程师,计算机 / 软件工程,硕士,1,上海,,2026-08-27,https://www.spacetalent.com.cn/jituan_xxx.html?id=105&positionId=132035834,2026-09-11 15:33:06
航天八院,八〇八所,情报咨询师,图书情报与档案管理,硕士及以上,1,上海,,2026-08-27,https://www.spacetalent.com.cn/jituan_xxx.html?id=105&positionId=132035835,2026-09-11 15:33:06
航天八院,八〇八所,元器件保证工程师,电子科学与技术,硕士及以上,1,上海,,2026-08-27,https://www.spacetalent.com.cn/jituan_xxx.html?id=105&positionId=132035836,2026-09-11 15:33:06
航天八院,八〇八所,元器件验收工艺工程师,电子科学与技术,硕士及以上,1,上海,,2026-08-27,https://www.spacetalent.com.cn/jituan_xxx.html?id=105&positionId=132035837,2026-09-11 15:33:06
航天八院,八〇八所,元器件评价验证工程师,电子科学与技术,硕士及以上,1,上海,,2026-08-27,https://www.spacetalent.com.cn/jituan_xxx.html?id=105&positionId=132035838,2026-09-11 15:33:06
航天八院,八〇八所,算法工程师,计算机科学与技术 / 计算机,硕士及以上,2,上海,,2026-08-27,https://www.spacetalent.com.cn/jituan_xxx.html?id=105&positionId=132035839,2026-09-11 15:33:06
航天八院,八〇八所,元器件AI应用工程师,电子科学与技术 / 计算机,硕士,1,上海,,2026-08-27,https://www.spacetalent.com.cn/jituan_xxx.html?id=105&positionId=132035840,2026-09-11 15:33:06
航天八院,八〇八所,计量技术研发工程师,信息与通信工程,博士,1,上海,,2026-08-27,https://www.spacetalent.com.cn/jituan_xxx.html?id=105&positionId=132035841,2026-09-11 15:33:06
航天八院,八〇八所,信息安全工程师,计算机科学与技术 / 计算机,硕士,1,上海,,2026-08-27,https://www.spacetalent.com.cn/jituan_xxx.html?id=105&positionId=132035842,2026-09-11 15:33:06
航天八院,八〇八所,软件开发工程师,计算机科学与技术 / 计算机,硕士,3,上海,,2026-08-27,https://www.spacetalent.com.cn/jituan_xxx.html?id=105&positionId=132035843,2026-09-11 15:33:06
航天八院,八〇八所,高级咨询师,哲学 / 工商管理,博士,1,上海,,2026-08-27,https://www.spacetalent.com.cn/jituan_xxx.html?id=105&positionId=132035844,2026-09-11 15:33:06
航天八院,八〇八所,元器件测试开发工程师,信息与通信工程 / 电子科学与技术,硕士及以上,1,上海,,2026-08-27,https://www.spacetalent.com.cn/jituan_xxx.html?id=105&positionId=132035845,2026-09-11 15:33:06
航天八院,八〇八所,人力资源管理专员,工商管理,硕士,1,上海,,2026-08-27,https://www.spacetalent.com.cn/jituan_xxx.html?id=105&positionId=132035846,2026-09-11 15:33:06
航天八院,八〇八所,会计核算,工商管理,硕士,1,上海,,2026-08-27,https://www.spacetalent.com.cn/jituan_xxx.html?id=105&positionId=132035847,2026-09-11 15:33:06
航天八院,八〇八所,数据产品研发工程师,计算机科学与技术 / 计算机,硕士及以上,1,上海,,2026-08-27,https://www.spacetalent.com.cn/jituan_xxx.html?id=105&positionId=132035848,2026-09-11 15:33:06
航天八院,第八设计部,ZZ系统总体设计,控制科学与工程 / 计算机,博士,2,上海,,2026-08-27,https://www.spacetalent.com.cn/jituan_xxx.html?id=105&positionId=132035849,2026-09-11 15:33:06
航天八院,第八设计部,体系综合评估,控制科学与工程 / 系统科学,硕士,1,上海,,2026-08-27,https://www.spacetalent.com.cn/jituan_xxx.html?id=105&positionId=132035850,2026-09-11 15:33:06
航天八院,第八设计部,党委综合,哲学 / 马克思主义理论,硕士,1,上海,,2026-08-27,https://www.spacetalent.com.cn/jituan_xxx.html?id=105&positionId=132035851,2026-09-11 15:33:06
航天八院,第八设计部,飞行器总体设计,机械工程 / 航空宇航科学与技术,硕士,1,上海,,2026-08-27,https://www.spacetalent.com.cn/jituan_xxx.html?id=105&positionId=132035852,2026-09-11 15:33:06
航天八院,第八设计部,发射车设计,机械,博士,1,上海,,2026-08-27,https://www.spacetalent.com.cn/jituan_xxx.html?id=105&positionId=132035853,2026-09-11 15:33:06
航天八院,第八设计部,仿真系统总体,信息与通信工程,硕士,1,上海,,2026-08-27,https://www.spacetalent.com.cn/jituan_xxx.html?id=105&positionId=132035854,2026-09-11 15:33:06
航天八院,第八设计部,控制系统设计,控制科学与工程,硕士,1,上海,,2026-08-27,https://www.spacetalent.com.cn/jituan_xxx.html?id=105&positionId=132035855,2026-09-11 15:33:06
航天八院,第八设计部,控制系统设计,控制科学与工程,硕士,1,上海,,2026-08-27,https://www.spacetalent.com.cn/jituan_xxx.html?id=105&positionId=132035856,2026-09-11 15:33:06
航天八院,第八设计部,信息系统开发,计算机科学与技术 / 计算机,硕士,1,上海,,2026-08-27,https://www.spacetalent.com.cn/jituan_xxx.html?id=105&positionId=132035857,2026-09-11 15:33:06
航天八院,第八设计部,电气系统设计,电子科学与技术 / 电气工程,博士,1,上海,,2026-08-27,https://www.spacetalent.com.cn/jituan_xxx.html?id=105&positionId=132035858,2026-09-11 15:33:06
航天八院,第八设计部,气动设计与仿真,力学,硕士,1,上海,,2026-08-27,https://www.spacetalent.com.cn/jituan_xxx.html?id=105&positionId=132035859,2026-09-11 15:33:06
航天八院,第八设计部,YZ系统设计,信息与通信工程,硕士,1,上海,,2026-08-27,https://www.spacetalent.com.cn/jituan_xxx.html?id=105&positionId=132035860,2026-09-11 15:33:06
航天八院,第八设计部,软件设计开发,控制科学与工程 / 计算机科学与技术,硕士,2,上海,,2026-08-27,https://www.spacetalent.com.cn/jituan_xxx.html?id=105&positionId=132035861,2026-09-11 15:33:06
航天八院,第八设计部,探测系统设计,信息与通信工程 / 电子科学与技术,博士,1,上海,,2026-08-27,https://www.spacetalent.com.cn/jituan_xxx.html?id=105&positionId=132035862,2026-09-11 15:33:06
航天八院,第八设计部,系统总体设计,控制科学与工程 / 计算机,硕士,1,上海,,2026-08-27,https://www.spacetalent.com.cn/jituan_xxx.html?id=105&positionId=132035863,2026-09-11 15:33:06
航天八院,第八设计部,电子与光学信息对抗,信息与通信工程 / 电子科学与技术,博士,1,上海,,2026-08-27,https://www.spacetalent.com.cn/jituan_xxx.html?id=105&positionId=132035864,2026-09-11 15:33:06
航天八院,第八设计部,飞行器总体设计,电子科学与技术,硕士,1,上海,,2026-08-27,https://www.spacetalent.com.cn/jituan_xxx.html?id=105&positionId=132035865,2026-09-11 15:33:06
航天八院,第八设计部,体系总体设计,电子科学与技术 / 计算机,硕士,1,上海,,2026-08-27,https://www.spacetalent.com.cn/jituan_xxx.html?id=105&positionId=132035866,2026-09-11 15:33:06
航天八院,第八设计部,体系总体设计,控制科学与工程 / 电子科学与技术,博士,1,上海,,2026-08-27,https://www.spacetalent.com.cn/jituan_xxx.html?id=105&positionId=132035867,2026-09-11 15:33:06
航天八院,第八设计部,体系总体设计,控制科学与工程 / 计算机,硕士,1,上海,,2026-08-27,https://www.spacetalent.com.cn/jituan_xxx.html?id=105&positionId=132035868,2026-09-11 15:33:06
航天八院,第八设计部,控制系统设计,控制科学与工程,博士,1,上海,,2026-08-27,https://www.spacetalent.com.cn/jituan_xxx.html?id=105&positionId=132035869,2026-09-11 15:33:06
航天八院,第八设计部,ZZ系统总体设计,控制科学与工程 / 计算机,硕士,3,上海,,2026-08-27,https://www.spacetalent.com.cn/jituan_xxx.html?id=105&positionId=132035870,2026-09-11 15:33:06
航天八院,八〇五所,操控系统总体,航空宇航科学与技术,博士,1,上海,,2026-08-27,https://www.spacetalent.com.cn/jituan_xxx.html?id=105&positionId=132035871,2026-09-11 15:33:06
航天八院,八〇五所,机构设计,兵器科学与技术,博士,2,上海,,2026-08-27,https://www.spacetalent.com.cn/jituan_xxx.html?id=105&positionId=132035872,2026-09-11 15:33:06
航天八院,八〇五所,机构设计,自动化,硕士,5,上海,,2026-08-27,https://www.spacetalent.com.cn/jituan_xxx.html?id=105&positionId=132035873,2026-09-11 15:33:06
航天八院,八〇五所,可展结构系统设计,机械,硕士及以上,5,上海,,2026-08-27,https://www.spacetalent.com.cn/jituan_xxx.html?id=105&positionId=132035874,2026-09-11 15:33:06
航天八院,八〇五所,可展结构系统设计,机械,博士,3,上海,,2026-08-27,https://www.spacetalent.com.cn/jituan_xxx.html?id=105&positionId=132035875,2026-09-11 15:33:06
航天八院,八〇五所,驱动指向机构单机设计,机械,硕士及以上,4,上海,,2026-08-27,https://www.spacetalent.com.cn/jituan_xxx.html?id=105&positionId=132035876,2026-09-11 15:33:06
航天八院,八〇五所,驱动指向机构单机设计,机械,博士,2,上海,,2026-08-27,https://www.spacetalent.com.cn/jituan_xxx.html?id=105&positionId=132035877,2026-09-11 15:33:06
航天八院,八〇五所,运动控制电子单机设计,电子信息,硕士及以上,4,上海,,2026-08-27,https://www.spacetalent.com.cn/jituan_xxx.html?id=105&positionId=132035878,2026-09-11 15:33:06
航天八院,八〇五所,机械总体设计,机械工程,博士,1,上海,,2026-08-27,https://www.spacetalent.com.cn/jituan_xxx.html?id=105&positionId=132035879,2026-09-11 15:33:06
航天八院,八〇五所,机械总体设计,机械工程,硕士及以上,2,上海,,2026-08-27,https://www.spacetalent.com.cn/jituan_xxx.html?id=105&positionId=132035880,2026-09-11 15:33:06
航天八院,八〇五所,战略研究与体系设计,控制科学与工程,博士,1,上海,,2026-08-27,https://www.spacetalent.com.cn/jituan_xxx.html?id=105&positionId=132035881,2026-09-11 15:33:06
航天八院,八〇五所,战略研究与体系设计,控制科学与工程,硕士,1,上海,,2026-08-27,https://www.spacetalent.com.cn/jituan_xxx.html?id=105&positionId=132035882,2026-09-11 15:33:06
航天八院,八〇五所,综测设计,仪器科学与技术,硕士,3,上海,,2026-08-27,https://www.spacetalent.com.cn/jituan_xxx.html?id=105&positionId=132035883,2026-09-11 15:33:06
航天八院,八〇五所,电总体设计,电子信息,硕士,1,上海,,2026-08-27,https://www.spacetalent.com.cn/jituan_xxx.html?id=105&positionId=132035884,2026-09-11 15:33:06
航天八院,八〇五所,电总体设计,电子信息,博士,1,上海,,2026-08-27,https://www.spacetalent.com.cn/jituan_xxx.html?id=105&positionId=132035885,2026-09-11 15:33:06
航天八院,八〇五所,体系建设与审核监督,计算机,硕士,1,上海,,2026-08-27,https://www.spacetalent.com.cn/jituan_xxx.html?id=105&positionId=132035886,2026-09-11 15:33:06
航天八院,八〇五所,飞行器载荷总体设计,电子科学与技术,博士,2,上海,,2026-08-27,https://www.spacetalent.com.cn/jituan_xxx.html?id=105&positionId=132035887,2026-09-11 15:33:06
航天八院,八〇五所,飞行器总体设计,航空航天,硕士,2,上海,,2026-08-27,https://www.spacetalent.com.cn/jituan_xxx.html?id=105&positionId=132035888,2026-09-11 15:33:06
航天八院,八〇五所,航天器总体设计,航空宇航科学与技术,硕士,1,上海,,2026-08-27,https://www.spacetalent.com.cn/jituan_xxx.html?id=105&positionId=132035889,2026-09-11 15:33:06
航天八院,八〇五所,月面活动体系论证,航空宇航科学与技术,硕士,1,上海,,2026-08-27,https://www.spacetalent.com.cn/jituan_xxx.html?id=105&positionId=132035890,2026-09-11 15:33:06
航天八院,八〇五所,操控系统总体,航空宇航科学与技术,硕士,1,上海,,2026-08-27,https://www.spacetalent.com.cn/jituan_xxx.html?id=105&positionId=132035891,2026-09-11 15:33:06
航天八院,八〇五所,体系仿真总体,控制科学与工程,硕士,4,上海,,2026-08-27,https://www.spacetalent.com.cn/jituan_xxx.html?id=105&positionId=132035892,2026-09-11 15:33:06
航天八院,八〇五所,体系推演评估,航空宇航科学与技术,硕士,4,上海,,2026-08-27,https://www.spacetalent.com.cn/jituan_xxx.html?id=105&positionId=132035893,2026-09-11 15:33:06
航天八院,八〇五所,体系仿真总体,航空宇航科学与技术,博士,5,上海,,2026-08-27,https://www.spacetalent.com.cn/jituan_xxx.html?id=105&positionId=132035894,2026-09-11 15:33:06
航天八院,八〇五所,轨道设计与任务规划,航空宇航科学与技术,博士,1,上海,,2026-08-27,https://www.spacetalent.com.cn/jituan_xxx.html?id=105&positionId=132035895,2026-09-11 15:33:06
航天八院,八〇五所,控推总体,航空宇航科学与技术,硕士,2,上海,,2026-08-27,https://www.spacetalent.com.cn/jituan_xxx.html?id=105&positionId=132035896,2026-09-11 15:33:06
航天八院,八〇五所,控推总体,航空宇航科学与技术,博士,1,上海,,2026-08-27,https://www.spacetalent.com.cn/jituan_xxx.html?id=105&positionId=132035897,2026-09-11 15:33:06
航天八院,八〇五所,嵌入式软件设计,计算机,硕士,2,上海,,2026-08-27,https://www.spacetalent.com.cn/jituan_xxx.html?id=105&positionId=132035898,2026-09-11 15:33:06
航天八院,八〇五所,结构动力学,动力工程及工程热物理,硕士及以上,1,上海,,2026-08-27,https://www.spacetalent.com.cn/jituan_xxx.html?id=105&positionId=132035899,2026-09-11 15:33:06
航天八院,八〇五所,结构系统设计,航空宇航科学与技术,硕士及以上,2,上海,,2026-08-27,https://www.spacetalent.com.cn/jituan_xxx.html?id=105&positionId=132035900,2026-09-11 15:33:06
航天八院,八〇五所,结构系统设计,航空宇航科学与技术,博士,2,上海,,2026-08-27,https://www.spacetalent.com.cn/jituan_xxx.html?id=105&positionId=132035901,2026-09-11 15:33:06
航天八院,五〇九所,测控导航总体设计师,信息与通信工程 / 控制科学与工程,硕士,1,上海,,2026-08-27,https://www.spacetalent.com.cn/jituan_xxx.html?id=105&positionId=132035902,2026-09-11 15:33:06
航天八院,五〇九所,载荷总体设计师,仪器科学与技术 / 光学工程,博士,1,上海,,2026-08-27,https://www.spacetalent.com.cn/jituan_xxx.html?id=105&positionId=132035903,2026-09-11 15:33:06
航天八院,五〇九所,结构与机构技术研究师,力学 / 机械工程 / 材料科学与工程,博士,1,上海,,2026-08-27,https://www.spacetalent.com.cn/jituan_xxx.html?id=105&positionId=132035904,2026-09-11 15:33:06
航天八院,五〇九所,载荷总体设计师,仪器科学与技术 / 物理学,博士,1,上海,,2026-08-27,https://www.spacetalent.com.cn/jituan_xxx.html?id=105&positionId=132035905,2026-09-11 15:33:06
航天八院,五〇九所,数字类产品设计师,计算机科学与技术 / 软件工程,硕士及以上,1,上海,,2026-08-27,https://www.spacetalent.com.cn/jituan_xxx.html?id=105&positionId=132035906,2026-09-11 15:33:06
航天八院,五〇九所,系统架构技术研究师,电子信息 / 计算机科学与技术,博士,1,上海,,2026-08-27,https://www.spacetalent.com.cn/jituan_xxx.html?id=105&positionId=132035907,2026-09-11 15:33:06
航天八院,五〇九所,智能管控技术研究师,兵器 / 航空宇航科学与技术,博士,1,上海,,2026-08-27,https://www.spacetalent.com.cn/jituan_xxx.html?id=105&positionId=132035908,2026-09-11 15:33:06
航天八院,五〇九所,智能网联技术研究师,信息与通信工程 / 电子科学与技术,硕士及以上,3,上海,,2026-08-27,https://www.spacetalent.com.cn/jituan_xxx.html?id=105&positionId=132035909,2026-09-11 15:33:06
航天八院,五〇九所,智能处理技术研究师,测绘 / 计算机科学与技术,博士,2,上海,,2026-08-27,https://www.spacetalent.com.cn/jituan_xxx.html?id=105&positionId=132035910,2026-09-11 15:33:06
航天八院,五〇九所,控制总体设计师,控制科学与工程 / 航空宇航科学与技术,硕士及以上,2,上海,,2026-08-27,https://www.spacetalent.com.cn/jituan_xxx.html?id=105&positionId=132035911,2026-09-11 15:33:06
航天八院,五〇九所,综合电子分系统设计师,电子信息 / 计算机科学与技术,硕士及以上,1,上海,,2026-08-27,https://www.spacetalent.com.cn/jituan_xxx.html?id=105&positionId=132035912,2026-09-11 15:33:06
航天八院,五〇九所,建模与仿真研究师,控制科学与工程,博士,1,上海,,2026-08-27,https://www.spacetalent.com.cn/jituan_xxx.html?id=105&positionId=132035913,2026-09-11 15:33:06
航天八院,五〇九所,信息与通信总体设计师,信息与通信工程 / 电子信息,硕士及以上,2,上海,,2026-08-27,https://www.spacetalent.com.cn/jituan_xxx.html?id=105&positionId=132035914,2026-09-11 15:33:06
航天八院,五〇九所,控制总体设计师,控制科学与工程 / 航空宇航科学与技术,博士,1,上海,,2026-08-27,https://www.spacetalent.com.cn/jituan_xxx.html?id=105&positionId=132035915,2026-09-11 15:33:06
航天八院,五〇九所,应用产品设计师,测绘地理信息 / 测绘 / 航空宇航科学与技术,硕士,1,上海,,2026-08-27,https://www.spacetalent.com.cn/jituan_xxx.html?id=105&positionId=132035916,2026-09-11 15:33:06
航天八院,五〇九所,星上处理分系统设计师,信息与通信工程 / 计算机科学与技术,硕士及以上,1,上海,,2026-08-27,https://www.spacetalent.com.cn/jituan_xxx.html?id=105&positionId=132035917,2026-09-11 15:33:06
航天八院,五〇九所,综合电子总体设计师,信息与通信工程,硕士,2,上海,,2026-08-27,https://www.spacetalent.com.cn/jituan_xxx.html?id=105&positionId=132035918,2026-09-11 15:33:06
航天八院,五〇九所,综电分系统设计师,信息与通信工程 / 计算机科学与技术,博士,1,上海,,2026-08-27,https://www.spacetalent.com.cn/jituan_xxx.html?id=105&positionId=132035919,2026-09-11 15:33:06
航天八院,五〇九所,体系总体设计师,数学 / 计算机科学与技术,博士,1,上海,,2026-08-27,https://www.spacetalent.com.cn/jituan_xxx.html?id=105&positionId=132035920,2026-09-11 15:33:06
航天八院,五〇九所,体系研究师,信息与通信工程,硕士及以上,1,上海,,2026-08-27,https://www.spacetalent.com.cn/jituan_xxx.html?id=105&positionId=132035921,2026-09-11 15:33:06
航天八院,五〇九所,体系研究师,数学 / 计算机科学与技术,博士,1,上海,,2026-08-27,https://www.spacetalent.com.cn/jituan_xxx.html?id=105&positionId=132035922,2026-09-11 15:33:06
航天八院,五〇九所,新平台领域研究师,航空宇航科学与技术,博士,1,上海,,2026-08-27,https://www.spacetalent.com.cn/jituan_xxx.html?id=105&positionId=132035923,2026-09-11 15:33:06
航天八院,五〇九所,新概念技术研究师,测绘科学与技术 / 测绘,博士,1,上海,,2026-08-27,https://www.spacetalent.com.cn/jituan_xxx.html?id=105&positionId=132035924,2026-09-11 15:33:06
航天八院,五〇九所,机构产品设计师,力学 / 机械工程 / 航空宇航科学与技术,博士,1,上海,,2026-08-27,https://www.spacetalent.com.cn/jituan_xxx.html?id=105&positionId=132035925,2026-09-11 15:33:06
航天八院,五〇九所,数字卫星设计师,光学工程 / 电子科学与技术,博士,2,上海,,2026-08-27,https://www.spacetalent.com.cn/jituan_xxx.html?id=105&positionId=132035926,2026-09-11 15:33:06
航天八院,五〇九所,主动热控产品设计师,动力工程及工程热物理,博士,1,上海,,2026-08-27,https://www.spacetalent.com.cn/jituan_xxx.html?id=105&positionId=132035927,2026-09-11 15:33:06
航天八院,五〇九所,配电单机设计师,电子科学与技术 / 自动化,硕士及以上,1,上海,,2026-08-27,https://www.spacetalent.com.cn/jituan_xxx.html?id=105&positionId=132035928,2026-09-11 15:33:06
航天八院,五〇九所,数字化师,计算机科学与技术,硕士及以上,1,上海,,2026-08-27,https://www.spacetalent.com.cn/jituan_xxx.html?id=105&positionId=132035929,2026-09-11 15:33:06
航天八院,五〇九所,信息化师,计算机科学与技术,硕士及以上,1,上海,,2026-08-27,https://www.spacetalent.com.cn/jituan_xxx.html?id=105&positionId=132035930,2026-09-11 15:33:06
航天八院,五〇九所,型号会计师,财务会计,硕士,1,上海,,2026-08-27,https://www.spacetalent.com.cn/jituan_xxx.html?id=105&positionId=132035931,2026-09-11 15:33:06
航天八院,五〇九所,EMC专业研究师,电子科学与技术,硕士及以上,1,上海,,2026-08-27,https://www.spacetalent.com.cn/jituan_xxx.html?id=105&positionId=132035932,2026-09-11 15:33:06
航天八院,五〇九所,供配电技术研究师,电子信息 / 电子科学与技术 / 电气工程,博士,1,上海,,2026-08-27,https://www.spacetalent.com.cn/jituan_xxx.html?id=105&positionId=132035933,2026-09-11 15:33:06
航天八院,五〇九所,供配电总体设计师,电力技术 / 电气工程 / 电气,硕士及以上,1,上海,,2026-08-27,https://www.spacetalent.com.cn/jituan_xxx.html?id=105&positionId=132035934,2026-09-11 15:33:06
航天八院,五〇九所,热控分系统设计师,动力工程及工程热物理,博士,2,上海,,2026-08-27,https://www.spacetalent.com.cn/jituan_xxx.html?id=105&positionId=132035935,2026-09-11 15:33:06
航天八院,五〇九所,机械总体设计师,机械工程 / 电气工程 / 航空宇航科学与技术,硕士,2,上海,,2026-08-27,https://www.spacetalent.com.cn/jituan_xxx.html?id=105&positionId=132035936,2026-09-11 15:33:06
航天八院,五〇九所,控制总体设计师,控制科学与工程 / 航空宇航科学与技术,硕士,2,上海,,2026-08-27,https://www.spacetalent.com.cn/jituan_xxx.html?id=105&positionId=132035937,2026-09-11 15:33:06
航天八院,五〇九所,综合电子分系统设计师,电子信息 / 计算机科学与技术,硕士及以上,2,上海,,2026-08-27,https://www.spacetalent.com.cn/jituan_xxx.html?id=105&positionId=132035938,2026-09-11 15:33:06
航天八院,五〇九所,综合电子分系统设计师,电子信息 / 计算机科学与技术,硕士及以上,2,上海,,2026-08-27,https://www.spacetalent.com.cn/jituan_xxx.html?id=105&positionId=132035939,2026-09-11 15:33:06
航天八院,五〇九所,载荷总体设计师,信息与通信工程 / 光学工程,硕士及以上,2,上海,,2026-08-27,https://www.spacetalent.com.cn/jituan_xxx.html?id=105&positionId=132035940,2026-09-11 15:33:06
航天八院,五〇九所,测试设计师,控制科学与工程 / 物理学,硕士及以上,1,上海,,2026-08-27,https://www.spacetalent.com.cn/jituan_xxx.html?id=105&positionId=132035941,2026-09-11 15:33:06
航天八院,五〇九所,空间段总体设计师,信息与通信工程 / 控制科学与工程,硕士,1,上海,,2026-08-27,https://www.spacetalent.com.cn/jituan_xxx.html?id=105&positionId=132035942,2026-09-11 15:33:06
航天八院,五〇九所,体系总体设计师,信息与通信工程 / 数学,硕士及以上,1,上海,,2026-08-27,https://www.spacetalent.com.cn/jituan_xxx.html?id=105&positionId=132035943,2026-09-11 15:33:06
航天八院,五〇九所,综合电子分系统设计师,信息与通信工程,硕士及以上,1,上海,,2026-08-27,https://www.spacetalent.com.cn/jituan_xxx.html?id=105&positionId=132035944,2026-09-11 15:33:06
航天八院,五〇九所,综合电子分系统设计师,仪器科学与技术 / 计算机科学与技术,硕士及以上,1,上海,,2026-08-27,https://www.spacetalent.com.cn/jituan_xxx.html?id=105&positionId=132035945,2026-09-11 15:33:06
航天八院,五〇九所,智能网联技术研究师,仪器科学与技术 / 信息与通信工程 / 电子信息,博士,1,上海,,2026-08-27,https://www.spacetalent.com.cn/jituan_xxx.html?id=105&positionId=132035946,2026-09-11 15:33:06
航天八院,五〇九所,机构产品设计师,力学 / 机械工程 / 航空宇航科学与技术,硕士及以上,1,上海,,2026-08-27,https://www.spacetalent.com.cn/jituan_xxx.html?id=105&positionId=132035947,2026-09-11 15:33:06
航天八院,五〇九所,数字卫星设计师,信息与通信工程 / 控制科学与工程,博士,1,上海,,2026-08-27,https://www.spacetalent.com.cn/jituan_xxx.html?id=105&positionId=132035948,2026-09-11 15:33:06
航天八院,五〇九所,招聘与配置专员,工商管理 / 经济学,硕士,1,上海,,2026-08-27,https://www.spacetalent.com.cn/jituan_xxx.html?id=105&positionId=132035949,2026-09-11 15:33:06
航天八院,八一二所,热试验专业师,动力工程及工程热物理 / 能源动力,硕士,1,上海,,2026-08-27,https://www.spacetalent.com.cn/jituan_xxx.html?id=105&positionId=132035950,2026-09-11 15:33:06
航天八院,八一二所,智能制造工艺师,机械工程 / 机械 / 自动化,硕士,2,上海,,2026-08-27,https://www.spacetalent.com.cn/jituan_xxx.html?id=105&positionId=132035951,2026-09-11 15:33:06
航天八院,八一二所,软件开发专业师,计算机科学与技术 / 计算机,本科,2,上海,,2026-08-27,https://www.spacetalent.com.cn/jituan_xxx.html?id=105&positionId=132035952,2026-09-11 15:33:06
航天八院,八〇〇所,强度环境试验研究师,力学,博士,2,上海,,2026-08-27,https://www.spacetalent.com.cn/jituan_xxx.html?id=105&positionId=132035953,2026-09-11 15:33:06
航天八院,八〇〇所,增材制造研究师,材料科学与工程,硕士,4,上海,,2026-08-27,https://www.spacetalent.com.cn/jituan_xxx.html?id=105&positionId=132035954,2026-09-11 15:33:06
航天八院,八〇〇所,非金属材料研究师,材料科学与工程,硕士,2,上海,,2026-08-27,https://www.spacetalent.com.cn/jituan_xxx.html?id=105&positionId=132035955,2026-09-11 15:33:06
航天八院,八〇〇所,轻合金材料研究师,材料科学与工程,硕士,2,上海,,2026-08-27,https://www.spacetalent.com.cn/jituan_xxx.html?id=105&positionId=132035956,2026-09-11 15:33:06
航天八院,八〇〇所,智能制造研究师,机械工程 / 计算机科学与技术,硕士,1,上海,,2026-08-27,https://www.spacetalent.com.cn/jituan_xxx.html?id=105&positionId=132035957,2026-09-11 15:33:06
航天八院,八〇〇所,总装工艺师,航空宇航科学与技术,硕士,9,上海,,2026-08-27,https://www.spacetalent.com.cn/jituan_xxx.html?id=105&positionId=132035958,2026-09-11 15:33:06
航天八院,八〇〇所,机加工工艺师,航空宇航科学与技术,硕士,3,上海,,2026-08-27,https://www.spacetalent.com.cn/jituan_xxx.html?id=105&positionId=132035959,2026-09-11 15:33:06
航天八院,八〇〇所,无损检测检验师,仪器科学与技术,硕士,1,上海,,2026-08-27,https://www.spacetalent.com.cn/jituan_xxx.html?id=105&positionId=132035960,2026-09-11 15:33:06
航天八院,八〇〇所,强度环境试验检验师,力学,硕士,2,上海,,2026-08-27,https://www.spacetalent.com.cn/jituan_xxx.html?id=105&positionId=132035961,2026-09-11 15:33:06
航天八院,八〇〇所,电气设计师,信息与通信工程,硕士,7,上海,,2026-08-27,https://www.spacetalent.com.cn/jituan_xxx.html?id=105&positionId=132035962,2026-09-11 15:33:06
航天八院,八〇〇所,结构设计师,航空宇航科学与技术,硕士,4,上海,,2026-08-27,https://www.spacetalent.com.cn/jituan_xxx.html?id=105&positionId=132035963,2026-09-11 15:33:06
航天八院,八〇〇所,数据智能研究师,计算机科学与技术,硕士,5,上海,,2026-08-27,https://www.spacetalent.com.cn/jituan_xxx.html?id=105&positionId=132035964,2026-09-11 15:33:06
航天八院,八〇〇所,电装工艺师,航空宇航科学与技术,硕士,7,上海,,2026-08-27,https://www.spacetalent.com.cn/jituan_xxx.html?id=105&positionId=132035965,2026-09-11 15:33:06
航天八院,八〇〇所,结构设计师,航空宇航科学与技术,硕士,1,上海,,2026-08-27,https://www.spacetalent.com.cn/jituan_xxx.html?id=105&positionId=132035966,2026-09-11 15:33:06
航天八院,八〇〇所,激光焊接工艺师,材料科学与工程,硕士,1,上海,,2026-08-27,https://www.spacetalent.com.cn/jituan_xxx.html?id=105&positionId=132035967,2026-09-11 15:33:06
航天八院,八〇〇所,产品工艺师,航空宇航科学与技术,硕士,1,上海,,2026-08-27,https://www.spacetalent.com.cn/jituan_xxx.html?id=105&positionId=132035968,2026-09-11 15:33:06
航天八院,一四九厂,首席工艺专家,控制科学与工程 / 机械工程,博士,1,上海,,2026-08-27,https://www.spacetalent.com.cn/jituan_xxx.html?id=105&positionId=132035969,2026-09-11 15:33:06
航天八院,一四九厂,装配工艺工程师,机械工程 / 材料科学与工程,硕士,4,上海,,2026-08-27,https://www.spacetalent.com.cn/jituan_xxx.html?id=105&positionId=132035970,2026-09-11 15:33:06
航天八院,一四九厂,装配工艺工程师,动力工程及工程热物理 / 机械工程,硕士,5,上海,,2026-08-27,https://www.spacetalent.com.cn/jituan_xxx.html?id=105&positionId=132035971,2026-09-11 15:33:06
航天八院,一四九厂,钣铆焊工艺工程师,机械工程 / 材料科学与工程 / 航空宇航科学与技术,硕士,5,上海,,2026-08-27,https://www.spacetalent.com.cn/jituan_xxx.html?id=105&positionId=132035972,2026-09-11 15:33:06
航天八院,一四九厂,钣铆焊工艺工程师,机械工程 / 材料科学与工程 / 航空宇航科学与技术,硕士,2,上海,,2026-08-27,https://www.spacetalent.com.cn/jituan_xxx.html?id=105&positionId=132035973,2026-09-11 15:33:06
航天八院,一四九厂,研发工艺师,机械工程 / 材料科学与工程 / 电气工程,硕士,10,江苏苏州,,2026-08-27,https://www.spacetalent.com.cn/jituan_xxx.html?id=105&positionId=132035974,2026-09-11 15:33:06
航天八院,一四九厂,机电总体设计师,控制科学与工程 / 机械工程 / 电子信息,博士,1,上海,,2026-08-27,https://www.spacetalent.com.cn/jituan_xxx.html?id=105&positionId=132035975,2026-09-11 15:33:06
航天八院,一四九厂,电源电机设计师,控制科学与工程 / 机械工程 / 电气工程,硕士,2,上海,,2026-08-27,https://www.spacetalent.com.cn/jituan_xxx.html?id=105&positionId=132035976,2026-09-11 15:33:06
航天八院,一四九厂,总装工艺工程师,机械工程 / 材料科学与工程 / 航空宇航科学与技术,硕士,2,上海,,2026-08-27,https://www.spacetalent.com.cn/jituan_xxx.html?id=105&positionId=132035977,2026-09-11 15:33:06
航天八院,一四九厂,总装工艺工程师,机械工程 / 航空宇航科学与技术,硕士,7,上海,,2026-08-27,https://www.spacetalent.com.cn/jituan_xxx.html?id=105&positionId=132035978,2026-09-11 15:33:06
航天八院,一四九厂,测发设计师,信息与通信工程 / 控制科学与工程 / 机械工程,硕士,5,上海,,2026-08-27,https://www.spacetalent.com.cn/jituan_xxx.html?id=105&positionId=132035979,2026-09-11 15:33:06
航天八院,一四九厂,机械结构设计师,动力工程及工程热物理 / 机械工程 / 航空宇航科学与技术,硕士,6,上海,,2026-08-27,https://www.spacetalent.com.cn/jituan_xxx.html?id=105&positionId=132035980,2026-09-11 15:33:06
航天八院,一四九厂,总装工艺工程师,机械工程 / 材料科学与工程 / 航空宇航科学与技术,硕士,2,上海,,2026-08-27,https://www.spacetalent.com.cn/jituan_xxx.html?id=105&positionId=132035981,2026-09-11 15:33:06
航天八院,一四九厂,软件架构师,控制科学与工程 / 计算机科学与技术 / 软件工程,硕士,1,上海,,2026-08-27,https://www.spacetalent.com.cn/jituan_xxx.html?id=105&positionId=132035982,2026-09-11 15:33:06
航天八院,一四九厂,机电设计师,机械工程 / 材料科学与工程 / 电气工程,硕士,1,上海,,2026-08-27,https://www.spacetalent.com.cn/jituan_xxx.html?id=105&positionId=132035983,2026-09-11 15:33:06
航天八院,一四九厂,电子装联工艺工程师,仪器科学与技术 / 机械工程 / 材料科学与工程,硕士,2,上海,,2026-08-27,https://www.spacetalent.com.cn/jituan_xxx.html?id=105&positionId=132035984,2026-09-11 15:33:06
航天八院,一四九厂,钣铆焊工艺工程师,机械工程 / 材料科学与工程 / 航空宇航科学与技术,硕士,5,上海,,2026-08-27,https://www.spacetalent.com.cn/jituan_xxx.html?id=105&positionId=132035985,2026-09-11 15:33:06
航天八院,一四九厂,软件设计师,控制科学与工程 / 计算机科学与技术 / 软件工程,硕士,2,上海,,2026-08-27,https://www.spacetalent.com.cn/jituan_xxx.html?id=105&positionId=132035986,2026-09-11 15:33:06
航天八院,一四九厂,机加工工艺工程师,机械工程 / 航空宇航科学与技术,硕士,2,上海,,2026-08-27,https://www.spacetalent.com.cn/jituan_xxx.html?id=105&positionId=132035987,2026-09-11 15:33:06
航天八院,一四九厂,首席工艺专家,机械工程 / 材料科学与工程,博士,1,上海,,2026-08-27,https://www.spacetalent.com.cn/jituan_xxx.html?id=105&positionId=132035988,2026-09-11 15:33:06
航天八院,一四九厂,热表工艺工程师,化学工程与技术 / 材料科学与工程,硕士,2,上海,,2026-08-27,https://www.spacetalent.com.cn/jituan_xxx.html?id=105&positionId=132035989,2026-09-11 15:33:06
航天八院,一四九厂,结构设计员,力学 / 航空航天,硕士,2,上海,,2026-08-27,https://www.spacetalent.com.cn/jituan_xxx.html?id=105&positionId=132035990,2026-09-11 15:33:06
航天八院,一四九厂,会计,工商管理,硕士,1,上海,,2026-08-27,https://www.spacetalent.com.cn/jituan_xxx.html?id=105&positionId=132035991,2026-09-11 15:33:06
航天八院,一四九厂,材料配方预研员,材料科学与工程 / 非金属材料,博士,1,上海,,2026-08-27,https://www.spacetalent.com.cn/jituan_xxx.html?id=105&positionId=132035992,2026-09-11 15:33:06
航天八院,一四九厂,系统设计员,机械 / 计算机科学与技术 / 计算机,硕士,2,上海,,2026-08-27,https://www.spacetalent.com.cn/jituan_xxx.html?id=105&positionId=132035993,2026-09-11 15:33:06
航天八院,一四九厂,复合材料成型工艺员,机械 / 材料,硕士,7,上海,,2026-08-27,https://www.spacetalent.com.cn/jituan_xxx.html?id=105&positionId=132035994,2026-09-11 15:33:06
航天八院,一四九厂,法律顾问,法学,硕士,1,上海,,2026-08-27,https://www.spacetalent.com.cn/jituan_xxx.html?id=105&positionId=132035995,2026-09-11 15:33:06
航天八院,八一二所,电热产品师,材料 / 电气 / 航空宇航科学与技术,硕士,2,上海,,2026-08-27,https://www.spacetalent.com.cn/jituan_xxx.html?id=105&positionId=132035996,2026-09-11 15:33:06
航天八院,八一二所,电热集成专业师,机械工程 / 航空航天,硕士,1,上海,,2026-08-27,https://www.spacetalent.com.cn/jituan_xxx.html?id=105&positionId=132035997,2026-09-11 15:33:06
航天八院,八一二所,热试验专业师,动力工程及工程热物理 / 能源动力 / 计算机,硕士,2,上海,,2026-08-27,https://www.spacetalent.com.cn/jituan_xxx.html?id=105&positionId=132035998,2026-09-11 15:33:06
航天八院,八一二所,综合测试研究师,控制科学与工程 / 电子信息 / 电子科学与技术,硕士,2,上海,,2026-08-27,https://www.spacetalent.com.cn/jituan_xxx.html?id=105&positionId=132035999,2026-09-11 15:33:06
航天八院,八一二所,测试系统产品师,仪器科学与技术 / 机械 / 计算机,硕士,1,上海,,2026-08-27,https://www.spacetalent.com.cn/jituan_xxx.html?id=105&positionId=132036000,2026-09-11 15:33:06
航天八院,八一二所,力学专业师,力学 / 物理学,硕士,1,上海,,2026-08-27,https://www.spacetalent.com.cn/jituan_xxx.html?id=105&positionId=132036001,2026-09-11 15:33:06
航天八院,八一二所,装备产品师,电气 / 自动化 / 航空宇航科学与技术,硕士,1,上海,,2026-08-27,https://www.spacetalent.com.cn/jituan_xxx.html?id=105&positionId=132036002,2026-09-11 15:33:06
航天八院,八一二所,专业检验师,控制科学与工程 / 机械设计制造 / 电子信息,硕士,1,上海,,2026-08-27,https://www.spacetalent.com.cn/jituan_xxx.html?id=105&positionId=132036003,2026-09-11 15:33:06
航天八院,八一二所,会计核算,财务会计 / 财政税务,硕士,1,上海,,2026-08-27,https://www.spacetalent.com.cn/jituan_xxx.html?id=105&positionId=132036004,2026-09-11 15:33:06
航天八院,八一二所,结构产品师,机械 / 自动化,硕士,2,上海,,2026-08-27,https://www.spacetalent.com.cn/jituan_xxx.html?id=105&positionId=132036005,2026-09-11 15:33:06
航天八院,八一二所,复合材料研究师,材料科学与工程 / 材料,硕士,1,上海,,2026-08-27,https://www.spacetalent.com.cn/jituan_xxx.html?id=105&positionId=132036006,2026-09-11 15:33:06
航天八院,八一二所,热控产品师,材料科学与工程 / 材料,硕士,1,上海,,2026-08-27,https://www.spacetalent.com.cn/jituan_xxx.html?id=105&positionId=132036007,2026-09-11 15:33:06
航天八院,八一二所,热控产品师,力学 / 动力工程及工程热物理 / 能源动力,硕士,2,上海,,2026-08-27,https://www.spacetalent.com.cn/jituan_xxx.html?id=105&positionId=132036008,2026-09-11 15:33:06
航天八院,八一二所,研究师,仪器科学与技术 / 核科学与技术 / 航空宇航科学与技术,硕士,1,上海,,2026-08-27,https://www.spacetalent.com.cn/jituan_xxx.html?id=105&positionId=132036009,2026-09-11 15:33:06
航天八院,八一二所,研究师,动力工程及工程热物理 / 电子信息 / 电子科学与技术,硕士,1,上海,,2026-08-27,https://www.spacetalent.com.cn/jituan_xxx.html?id=105&positionId=132036010,2026-09-11 15:33:06
航天八院,八一二所,研究师,光学工程 / 机械工程 / 电气,博士,1,上海,,2026-08-27,https://www.spacetalent.com.cn/jituan_xxx.html?id=105&positionId=132036011,2026-09-11 15:33:06
航天八院,八一二所,总装专业师,力学 / 自动化 / 航空宇航科学与技术,硕士,1,上海,,2026-08-27,https://www.spacetalent.com.cn/jituan_xxx.html?id=105&positionId=132036012,2026-09-11 15:33:06
航天八院,八一二所,智能制造专业师,控制科学与工程 / 电气 / 自动化,硕士,2,上海,,2026-08-27,https://www.spacetalent.com.cn/jituan_xxx.html?id=105&positionId=132036013,2026-09-11 15:33:06
航天八院,八一二所,现场工程师,机械 / 自动化 / 航空宇航科学与技术,本科及以上,2,上海,,2026-08-27,https://www.spacetalent.com.cn/jituan_xxx.html?id=105&positionId=132036014,2026-09-11 15:33:06
航天八院,八一二所,AIT专业师,工业工程 / 机械 / 计算机,硕士,1,上海,,2026-08-27,https://www.spacetalent.com.cn/jituan_xxx.html?id=105&positionId=132036015,2026-09-11 15:33:06
航天八院,八一二所,AIT专业师,机械工程 / 机械 / 自动化,硕士,2,上海,,2026-08-27,https://www.spacetalent.com.cn/jituan_xxx.html?id=105&positionId=132036016,2026-09-11 15:33:06
航天八院,八一二所,装备产品工程师,控制科学与工程 / 机械工程 / 机械,硕士,1,上海,,2026-08-27,https://www.spacetalent.com.cn/jituan_xxx.html?id=105&positionId=132036017,2026-09-11 15:33:06
航天八院,八一二所,研究师,力学 / 动力工程及工程热物理,博士,1,上海,,2026-08-27,https://www.spacetalent.com.cn/jituan_xxx.html?id=105&positionId=132036018,2026-09-11 15:33:06
航天八院,八一二所,数字化专业师,机械 / 自动化 / 计算机科学与技术,硕士,1,上海,,2026-08-27,https://www.spacetalent.com.cn/jituan_xxx.html?id=105&positionId=132036019,2026-09-11 15:33:06
航天八院,八一二所,机构装调专业师,仪器科学与技术 / 机械工程 / 航空航天,硕士,1,上海,,2026-08-27,https://www.spacetalent.com.cn/jituan_xxx.html?id=105&positionId=132036020,2026-09-11 15:33:06
航天八院,八一二所,试验鉴定专业师,信息与通信工程 / 机械工程 / 电子科学与技术,硕士,2,上海,,2026-08-27,https://www.spacetalent.com.cn/jituan_xxx.html?id=105&positionId=132036021,2026-09-11 15:33:06
航天八院,八一二所,项目管理岗,工商管理 / 管理科学与工程 / 财务会计,硕士,1,上海,,2026-08-27,https://www.spacetalent.com.cn/jituan_xxx.html?id=105&positionId=132036022,2026-09-11 15:33:06
航天八院,八一二所,真空装备专业师,动力工程及工程热物理 / 机械工程,硕士,2,上海,,2026-08-27,https://www.spacetalent.com.cn/jituan_xxx.html?id=105&positionId=132036023,2026-09-11 15:33:06
航天八院,八一二所,真空装备结构专业师,机械工程 / 机械 / 机械设计制造,本科及以上,1,上海,,2026-08-27,https://www.spacetalent.com.cn/jituan_xxx.html?id=105&positionId=132036024,2026-09-11 15:33:06
航天八院,八一二所,质谱仪产品师,仪器科学与技术 / 机械 / 材料,硕士,2,上海,,2026-08-27,https://www.spacetalent.com.cn/jituan_xxx.html?id=105&positionId=132036025,2026-09-11 15:33:06
航天八院,八一二所,镀膜研发工艺师,动力工程及工程热物理 / 材料科学与工程 / 材料,硕士,2,上海,,2026-08-27,https://www.spacetalent.com.cn/jituan_xxx.html?id=105&positionId=132036026,2026-09-11 15:33:06
航天八院,八一二所,数字化专业师,计算机科学与技术 / 计算机,本科,2,上海,,2026-08-27,https://www.spacetalent.com.cn/jituan_xxx.html?id=105&positionId=132036027,2026-09-11 15:33:06
航天八院,八〇二所,目标与环境特性研究师,信息与通信工程 / 光学工程 / 电子科学与技术,硕士及以上,4,上海,,2026-08-27,https://www.spacetalent.com.cn/jituan_xxx.html?id=105&positionId=132036028,2026-09-11 15:33:06
航天八院,八〇二所,结构设计师,力学 / 机械工程 / 材料科学与工程,硕士及以上,3,上海,,2026-08-27,https://www.spacetalent.com.cn/jituan_xxx.html?id=105&positionId=132036029,2026-09-11 15:33:06
航天八院,八〇二所,天线天线罩设计师,信息与通信工程 / 电子信息 / 电子科学与技术,硕士及以上,2,上海,,2026-08-27,https://www.spacetalent.com.cn/jituan_xxx.html?id=105&positionId=132036030,2026-09-11 15:33:06
航天八院,八〇二所,测高雷达设计师,信息与通信工程 / 兵器科学与技术 / 电子信息,硕士及以上,9,上海,,2026-08-27,https://www.spacetalent.com.cn/jituan_xxx.html?id=105&positionId=132036031,2026-09-11 15:33:06
航天八院,八〇二所,信号处理软件设计师,信息与通信工程 / 控制科学与工程 / 电子信息,硕士,4,上海,,2026-08-27,https://www.spacetalent.com.cn/jituan_xxx.html?id=105&positionId=132036032,2026-09-11 15:33:06
航天八院,八〇二所,射频制导设计师,信息与通信工程 / 控制科学与工程 / 电子信息,博士,3,上海,,2026-08-27,https://www.spacetalent.com.cn/jituan_xxx.html?id=105&positionId=132036033,2026-09-11 15:33:06
航天八院,八〇二所,微波电路设计师,电子信息 / 电子科学与技术,硕士及以上,5,上海,,2026-08-27,https://www.spacetalent.com.cn/jituan_xxx.html?id=105&positionId=132036034,2026-09-11 15:33:06
航天八院,八〇二所,微波探测设计师,信息与通信工程 / 控制科学与工程 / 电子科学与技术,硕士及以上,4,上海,,2026-08-27,https://www.spacetalent.com.cn/jituan_xxx.html?id=105&positionId=132036035,2026-09-11 15:33:06
航天八院,八〇二所,工艺设计师,机械工程 / 材料科学与工程 / 电子科学与技术,硕士及以上,3,上海,,2026-08-27,https://www.spacetalent.com.cn/jituan_xxx.html?id=105&positionId=132036036,2026-09-11 15:33:06
航天八院,八〇二所,激光探测设计师,信息与通信工程 / 光学工程 / 物理学,硕士及以上,4,上海,,2026-08-27,https://www.spacetalent.com.cn/jituan_xxx.html?id=105&positionId=132036037,2026-09-11 15:33:06
航天八院,八〇二所,前瞻技术研究师,信息与通信工程 / 电子信息 / 计算机科学与技术,硕士及以上,3,上海,,2026-08-27,https://www.spacetalent.com.cn/jituan_xxx.html?id=105&positionId=132036038,2026-09-11 15:33:06
航天八院,八〇二所,软件开发工程师,计算机科学与技术 / 软件工程,硕士及以上,2,上海,,2026-08-27,https://www.spacetalent.com.cn/jituan_xxx.html?id=105&positionId=132036039,2026-09-11 15:33:06
航天八院,八〇二所,控制系统设计师,信息与通信工程 / 控制科学与工程 / 电子科学与技术,硕士及以上,5,上海,,2026-08-27,https://www.spacetalent.com.cn/jituan_xxx.html?id=105&positionId=132036040,2026-09-11 15:33:06
航天八院,八〇二所,数模电路设计师,仪器科学与技术 / 信息与通信工程 / 电子科学与技术,硕士及以上,4,上海,,2026-08-27,https://www.spacetalent.com.cn/jituan_xxx.html?id=105&positionId=132036041,2026-09-11 15:33:06
航天八院,八〇二所,数据链设计师,信息与通信工程 / 电子信息 / 电子科学与技术,硕士及以上,5,上海,,2026-08-27,https://www.spacetalent.com.cn/jituan_xxx.html?id=105&positionId=132036042,2026-09-11 15:33:06
航天八院,八〇二所,数字仿真设计师,信息与通信工程 / 电子信息 / 计算机科学与技术,硕士及以上,3,上海,,2026-08-27,https://www.spacetalent.com.cn/jituan_xxx.html?id=105&positionId=132036043,2026-09-11 15:33:06
航天八院,八〇二所,信号处理软件设计师,信息与通信工程 / 控制科学与工程 / 电子科学与技术,硕士及以上,4,上海,,2026-08-27,https://www.spacetalent.com.cn/jituan_xxx.html?id=105&positionId=132036044,2026-09-11 15:33:06
航天八院,八〇二所,民品软件研发设计师,信息与通信工程 / 电子信息 / 计算机科学与技术,硕士,2,上海,,2026-08-27,https://www.spacetalent.com.cn/jituan_xxx.html?id=105&positionId=132036045,2026-09-11 15:33:06
航天八院,八〇三所,飞行控制系统工程师（博士）,控制科学与工程 / 航空宇航科学与技术 / 航空航天,博士,2,上海,,2026-08-27,https://www.spacetalent.com.cn/jituan_xxx.html?id=105&positionId=132036046,2026-09-11 15:33:06
航天八院,八〇三所,光学设计工程师（博士）,光学工程 / 机械工程,博士,1,上海,,2026-08-27,https://www.spacetalent.com.cn/jituan_xxx.html?id=105&positionId=132036047,2026-09-11 15:33:06
航天八院,八〇三所,ASIC芯片设计工程师,信息与通信工程 / 电子信息 / 电子科学与技术,博士,1,上海,,2026-08-27,https://www.spacetalent.com.cn/jituan_xxx.html?id=105&positionId=132036048,2026-09-11 15:33:06
航天八院,八〇三所,光电探测技术工程师（硕士）,光学工程 / 电子信息 / 计算机科学与技术,硕士,6,上海,,2026-08-27,https://www.spacetalent.com.cn/jituan_xxx.html?id=105&positionId=132036049,2026-09-11 15:33:06
航天八院,八〇三所,惯性技术工程师（博士）,仪器科学与技术 / 控制科学与工程,博士,1,上海,,2026-08-27,https://www.spacetalent.com.cn/jituan_xxx.html?id=105&positionId=132036050,2026-09-11 15:33:06
航天八院,八〇三所,惯性技术工程师（硕士）,仪器科学与技术 / 控制科学与工程,硕士,1,上海,,2026-08-27,https://www.spacetalent.com.cn/jituan_xxx.html?id=105&positionId=132036051,2026-09-11 15:33:06
航天八院,八〇三所,伺服控制技术工程师（硕士）,控制科学与工程 / 机械工程 / 自动化,硕士,3,上海,,2026-08-27,https://www.spacetalent.com.cn/jituan_xxx.html?id=105&positionId=132036052,2026-09-11 15:33:06
航天八院,八〇三所,伺服控制技术工程师（博士）,控制科学与工程 / 机械工程 / 自动化,博士,1,上海,,2026-08-27,https://www.spacetalent.com.cn/jituan_xxx.html?id=105&positionId=132036053,2026-09-11 15:33:06
航天八院,八〇三所,机械结构工程师（硕士）,机械工程,硕士,2,上海,,2026-08-27,https://www.spacetalent.com.cn/jituan_xxx.html?id=105&positionId=132036054,2026-09-11 15:33:06
航天八院,八〇三所,电气工程师-弱电（博士）,机械工程 / 电子信息 / 电气,博士,1,上海,,2026-08-27,https://www.spacetalent.com.cn/jituan_xxx.html?id=105&positionId=132036055,2026-09-11 15:33:06
航天八院,八〇三所,人工智能工程师-电子封装（硕士）,控制科学与工程 / 电子信息 / 计算机科学与技术,硕士,2,上海,,2026-08-27,https://www.spacetalent.com.cn/jituan_xxx.html?id=105&positionId=132036056,2026-09-11 15:33:06
航天八院,八〇三所,FPGA工程师（硕士）,控制科学与工程 / 电子科学与技术 / 软件工程,硕士,4,上海,,2026-08-27,https://www.spacetalent.com.cn/jituan_xxx.html?id=105&positionId=132036057,2026-09-11 15:33:06
航天八院,八〇三所,人工智能工程师（博士）,控制科学与工程 / 电子信息 / 计算机科学与技术,博士,4,上海,,2026-08-27,https://www.spacetalent.com.cn/jituan_xxx.html?id=105&positionId=132036058,2026-09-11 15:33:06
航天八院,八〇三所,网络安全工程师（硕士）,计算机,硕士,1,上海,,2026-08-27,https://www.spacetalent.com.cn/jituan_xxx.html?id=105&positionId=132036059,2026-09-11 15:33:06
航天八院,八〇三所,大数据工程师（硕士）,计算机,硕士,1,上海,,2026-08-27,https://www.spacetalent.com.cn/jituan_xxx.html?id=105&positionId=132036060,2026-09-11 15:33:06
航天八院,八〇三所,飞行控制系统工程师（硕士）,控制科学与工程 / 航空宇航科学与技术 / 航空航天,硕士,4,上海,,2026-08-27,https://www.spacetalent.com.cn/jituan_xxx.html?id=105&positionId=132036061,2026-09-11 15:33:06
航天八院,八〇三所,光电探测技术工程师（博士）,光学工程 / 电子信息 / 计算机科学与技术,博士,2,上海,,2026-08-27,https://www.spacetalent.com.cn/jituan_xxx.html?id=105&positionId=132036062,2026-09-11 15:33:06
航天八院,八〇三所,嵌入式软件工程师（博士）,控制科学与工程 / 电子科学与技术 / 软件工程,博士,1,上海,,2026-08-27,https://www.spacetalent.com.cn/jituan_xxx.html?id=105&positionId=132036063,2026-09-11 15:33:06
航天八院,八〇三所,工艺工程师（机械、电装）（硕士）,机械工程 / 电子信息 / 电子科学与技术,硕士,4,上海,,2026-08-27,https://www.spacetalent.com.cn/jituan_xxx.html?id=105&positionId=132036064,2026-09-11 15:33:06
航天八院,八〇三所,嵌入式软件工程师（硕士）,控制科学与工程 / 电子科学与技术 / 软件工程,硕士,7,上海,,2026-08-27,https://www.spacetalent.com.cn/jituan_xxx.html?id=105&positionId=132036065,2026-09-11 15:33:06
航天八院,八〇三所,电路工程师（硕士）,仪器科学与技术 / 电子信息 / 电子科学与技术,硕士,3,上海,,2026-08-27,https://www.spacetalent.com.cn/jituan_xxx.html?id=105&positionId=132036066,2026-09-11 15:33:06
航天八院,八〇三所,可靠性工程师（硕士）,控制科学与工程 / 机械工程 / 电子信息,硕士,1,上海,,2026-08-27,https://www.spacetalent.com.cn/jituan_xxx.html?id=105&positionId=132036067,2026-09-11 15:33:06
航天八院,八〇四所,载荷微波射频设计,电子科学与技术,硕士,1,上海,,2026-08-27,https://www.spacetalent.com.cn/jituan_xxx.html?id=105&positionId=132036068,2026-09-11 15:33:06
航天八院,八〇四所,嵌入式操作系统设计,计算机科学与技术,硕士,2,上海,,2026-08-27,https://www.spacetalent.com.cn/jituan_xxx.html?id=105&positionId=132036069,2026-09-11 15:33:06
航天八院,八〇四所,系统架构设计,计算机科学与技术,博士,2,上海,,2026-08-27,https://www.spacetalent.com.cn/jituan_xxx.html?id=105&positionId=132036070,2026-09-11 15:33:06
航天八院,八〇四所,通信产品设计,信息与通信工程,硕士,3,上海,,2026-08-27,https://www.spacetalent.com.cn/jituan_xxx.html?id=105&positionId=132036071,2026-09-11 15:33:06
航天八院,八〇四所,产品电子装联工艺设计,材料科学与工程,硕士,2,上海,,2026-08-27,https://www.spacetalent.com.cn/jituan_xxx.html?id=105&positionId=132036072,2026-09-11 15:33:06
航天八院,八〇四所,计算机产品设计,信息与通信工程 / 电子科学与技术,硕士,4,上海,,2026-08-27,https://www.spacetalent.com.cn/jituan_xxx.html?id=105&positionId=132036073,2026-09-11 15:33:06
航天八院,八〇四所,机电产品设计岗,机械工程,硕士,1,上海,,2026-08-27,https://www.spacetalent.com.cn/jituan_xxx.html?id=105&positionId=132036074,2026-09-11 15:33:06
航天八院,八〇四所,伺服系统设计,控制科学与工程,博士,1,上海,,2026-08-27,https://www.spacetalent.com.cn/jituan_xxx.html?id=105&positionId=132036075,2026-09-11 15:33:06
航天八院,八〇四所,系统架构设计,计算机科学与技术,博士,3,上海,,2026-08-27,https://www.spacetalent.com.cn/jituan_xxx.html?id=105&positionId=132036076,2026-09-11 15:33:06
航天八院,八〇四所,计算机产品设计,计算机科学与技术,硕士,2,上海,,2026-08-27,https://www.spacetalent.com.cn/jituan_xxx.html?id=105&positionId=132036077,2026-09-11 15:33:06
航天八院,八〇四所,通信系统设计,信息与通信工程,硕士,1,上海,,2026-08-27,https://www.spacetalent.com.cn/jituan_xxx.html?id=105&positionId=132036078,2026-09-11 15:33:06
航天八院,八〇四所,网算与通联系统研发,信息与通信工程,博士,3,上海,,2026-08-27,https://www.spacetalent.com.cn/jituan_xxx.html?id=105&positionId=132036079,2026-09-11 15:33:06
航天八院,八〇四所,电源与控制产品设计,控制科学与工程 / 电气工程 / 计算机科学与技术,硕士,2,上海,,2026-08-27,https://www.spacetalent.com.cn/jituan_xxx.html?id=105&positionId=132036080,2026-09-11 15:33:06
航天八院,八〇四所,通信产品设计,信息与通信工程,硕士,4,上海,,2026-08-27,https://www.spacetalent.com.cn/jituan_xxx.html?id=105&positionId=132036081,2026-09-11 15:33:06
航天八院,八〇四所,雷达（侦扰）系统总体设计,信息与通信工程,博士,1,上海,,2026-08-27,https://www.spacetalent.com.cn/jituan_xxx.html?id=105&positionId=132036082,2026-09-11 15:33:06
航天八院,八〇四所,AI应用工程师,信息与通信工程 / 控制科学与工程 / 计算机科学与技术,硕士,1,上海,,2026-08-27,https://www.spacetalent.com.cn/jituan_xxx.html?id=105&positionId=132036083,2026-09-11 15:33:06
航天八院,八〇四所,系统架构设计,计算机科学与技术,硕士,1,上海,,2026-08-27,https://www.spacetalent.com.cn/jituan_xxx.html?id=105&positionId=132036084,2026-09-11 15:33:06
航天八院,八〇四所,纪检岗,法学,硕士,1,上海,,2026-08-27,https://www.spacetalent.com.cn/jituan_xxx.html?id=105&positionId=132036085,2026-09-11 15:33:06
航天八院,八〇四所,工艺设计,机械工程,硕士,2,上海,,2026-08-27,https://www.spacetalent.com.cn/jituan_xxx.html?id=105&positionId=132036086,2026-09-11 15:33:06
航天八院,八〇四所,雷达及通信系统设计,信息与通信工程,博士,6,上海,,2026-08-27,https://www.spacetalent.com.cn/jituan_xxx.html?id=105&positionId=132036087,2026-09-11 15:33:06
航天八院,八〇四所,软件开发与测评,计算机科学与技术,硕士,1,上海,,2026-08-27,https://www.spacetalent.com.cn/jituan_xxx.html?id=105&positionId=132036088,2026-09-11 15:33:06
航天八院,八〇四所,计算机产品设计,电子科学与技术,硕士,1,上海,,2026-08-27,https://www.spacetalent.com.cn/jituan_xxx.html?id=105&positionId=132036089,2026-09-11 15:33:06
航天八院,八〇四所,天线系统与微波电路设计,信息与通信工程,硕士,3,上海,,2026-08-27,https://www.spacetalent.com.cn/jituan_xxx.html?id=105&positionId=132036090,2026-09-11 15:33:06
航天八院,八〇四所,通信产品设计,信息与通信工程,博士,1,上海,,2026-08-27,https://www.spacetalent.com.cn/jituan_xxx.html?id=105&positionId=132036091,2026-09-11 15:33:06
航天八院,八〇四所,电源与控制产品设计,信息与通信工程,硕士,1,上海,,2026-08-27,https://www.spacetalent.com.cn/jituan_xxx.html?id=105&positionId=132036092,2026-09-11 15:33:06
航天八院,八〇四所,天线系统设计,电子科学与技术,博士,2,上海,,2026-08-27,https://www.spacetalent.com.cn/jituan_xxx.html?id=105&positionId=132036093,2026-09-11 15:33:06
航天八院,八〇四所,软件开发与测评,电子科学与技术 / 计算机科学与技术,硕士,1,上海,,2026-08-27,https://www.spacetalent.com.cn/jituan_xxx.html?id=105&positionId=132036094,2026-09-11 15:33:06
航天八院,八〇四所,载荷系统研发,电子科学与技术,硕士,1,上海,,2026-08-27,https://www.spacetalent.com.cn/jituan_xxx.html?id=105&positionId=132036095,2026-09-11 15:33:06
航天八院,八〇四所,载荷信息处理,信息与通信工程 / 控制科学与工程 / 计算机科学与技术,硕士,5,上海,,2026-08-27,https://www.spacetalent.com.cn/jituan_xxx.html?id=105&positionId=132036096,2026-09-11 15:33:06
航天八院,八〇四所,载荷结构设计,动力工程及工程热物理 / 机械工程,硕士,2,上海,,2026-08-27,https://www.spacetalent.com.cn/jituan_xxx.html?id=105&positionId=132036097,2026-09-11 15:33:06
航天八院,八〇四所,天线结构与机构设计,机械工程,硕士,1,上海,,2026-08-27,https://www.spacetalent.com.cn/jituan_xxx.html?id=105&positionId=132036098,2026-09-11 15:33:06
航天八院,八〇四所,载荷系统研发,电子科学与技术,博士,6,上海,,2026-08-27,https://www.spacetalent.com.cn/jituan_xxx.html?id=105&positionId=132036099,2026-09-11 15:33:06
航天八院,八〇四所,混合集成电路工艺设计,电子科学与技术,博士,1,上海,,2026-08-27,https://www.spacetalent.com.cn/jituan_xxx.html?id=105&positionId=132036100,2026-09-11 15:33:06
航天八院,八〇四所,通信系统与图像研发设计,信息与通信工程,博士,3,上海,,2026-08-27,https://www.spacetalent.com.cn/jituan_xxx.html?id=105&positionId=132036101,2026-09-11 15:33:06
航天八院,八〇四所,载荷微波射频设计,电子科学与技术,博士,4,上海,,2026-08-27,https://www.spacetalent.com.cn/jituan_xxx.html?id=105&positionId=132036102,2026-09-11 15:33:06
航天八院,八〇六所,无损检测专业工艺师,仪器科学与技术,硕士,1,浙江湖州,,2026-08-27,https://www.spacetalent.com.cn/jituan_xxx.html?id=105&positionId=132036103,2026-09-11 15:33:06
航天八院,八〇六所,发动机总体性能专业设计师,航空宇航科学与技术,硕士,1,上海,,2026-08-27,https://www.spacetalent.com.cn/jituan_xxx.html?id=105&positionId=132036104,2026-09-11 15:33:06
航天八院,八〇六所,喷管结构专业设计师,机械工程 / 机械 / 航空航天,硕士,1,上海,,2026-08-27,https://www.spacetalent.com.cn/jituan_xxx.html?id=105&positionId=132036105,2026-09-11 15:33:06
航天八院,八〇六所,驱动控制专业设计师,电子信息 / 电气工程,硕士,1,上海,,2026-08-27,https://www.spacetalent.com.cn/jituan_xxx.html?id=105&positionId=132036106,2026-09-11 15:33:06
航天八院,八〇六所,智能控制专业设计师,控制科学与工程 / 自动化,硕士,1,上海,,2026-08-27,https://www.spacetalent.com.cn/jituan_xxx.html?id=105&positionId=132036107,2026-09-11 15:33:06
航天八院,八〇六所,热防护材料配方专业设计师,化学 / 材料,硕士,1,浙江湖州,,2026-08-27,https://www.spacetalent.com.cn/jituan_xxx.html?id=105&positionId=132036108,2026-09-11 15:33:06
航天八院,八〇六所,推进剂配方研制专业设计师,兵器科学与技术 / 化学 / 材料,博士,1,浙江湖州,,2026-08-27,https://www.spacetalent.com.cn/jituan_xxx.html?id=105&positionId=132036109,2026-09-11 15:33:06
航天八院,八〇六所,分析测试技术专业设计师,化学,硕士,1,浙江湖州,,2026-08-27,https://www.spacetalent.com.cn/jituan_xxx.html?id=105&positionId=132036110,2026-09-11 15:33:06
航天八院,八〇六所,力学环境试验专业设计师,力学 / 机械,硕士,1,浙江湖州,,2026-08-27,https://www.spacetalent.com.cn/jituan_xxx.html?id=105&positionId=132036111,2026-09-11 15:33:06
航天八院,八〇六所,发动机试验专业设计师,力学,硕士,1,浙江湖州,,2026-08-27,https://www.spacetalent.com.cn/jituan_xxx.html?id=105&positionId=132036112,2026-09-11 15:33:06
航天八院,八〇六所,热处理专业工艺师,材料科学与工程 / 材料,硕士,1,上海,,2026-08-27,https://www.spacetalent.com.cn/jituan_xxx.html?id=105&positionId=132036113,2026-09-11 15:33:06
航天八院,八〇六所,数控加工专业工艺师,机械工程 / 航空宇航科学与技术,硕士,1,上海,,2026-08-27,https://www.spacetalent.com.cn/jituan_xxx.html?id=105&positionId=132036114,2026-09-11 15:33:06
航天八院,八〇六所,自动化专业工艺师,化学工程与技术 / 机械,硕士,1,浙江湖州,,2026-08-27,https://www.spacetalent.com.cn/jituan_xxx.html?id=105&positionId=132036115,2026-09-11 15:33:06
航天八院,八〇六所,装药专业设计师,化学 / 材料科学与工程 / 材料,硕士,2,浙江湖州,,2026-08-27,https://www.spacetalent.com.cn/jituan_xxx.html?id=105&positionId=132036116,2026-09-11 15:33:06
航天八院,八〇六所,装配专业工艺师,机械工程 / 机械 / 自动化,硕士,2,浙江湖州,,2026-08-27,https://www.spacetalent.com.cn/jituan_xxx.html?id=105&positionId=132036117,2026-09-11 15:33:06
航天八院,八〇六所,爆轰动力研究师,兵器 / 航空宇航科学与技术 / 航空航天,博士,1,上海,,2026-08-27,https://www.spacetalent.com.cn/jituan_xxx.html?id=105&positionId=132036118,2026-09-11 15:33:06
航天八院,八〇六所,智能动力研究师,数学 / 航空宇航科学与技术 / 航空航天,博士,1,上海,,2026-08-27,https://www.spacetalent.com.cn/jituan_xxx.html?id=105&positionId=132036119,2026-09-11 15:33:06
航天八院,八〇六所,新型动力研究师,航空宇航科学与技术 / 航空航天,硕士,1,上海,,2026-08-27,https://www.spacetalent.com.cn/jituan_xxx.html?id=105&positionId=132036120,2026-09-11 15:33:06
航天八院,八〇六所,发动机总体技术专业设计师,航空宇航科学与技术,博士,1,上海,,2026-08-27,https://www.spacetalent.com.cn/jituan_xxx.html?id=105&positionId=132036121,2026-09-11 15:33:06
航天八院,八一一所,化学电源产品设计师,化学 / 电气工程 / 能源动力,博士,1,上海,,2026-08-27,https://www.spacetalent.com.cn/jituan_xxx.html?id=105&positionId=132036122,2026-09-11 15:33:06
航天八院,八一一所,化学电源研究师,化学 / 材料科学与工程,博士,1,上海,,2026-08-27,https://www.spacetalent.com.cn/jituan_xxx.html?id=105&positionId=132036123,2026-09-11 15:33:06
航天八院,八一一所,化学电源研究师（电池可靠性AI算法工程师）,化学 / 材料科学与工程 / 计算机科学与技术,博士,2,上海,,2026-08-27,https://www.spacetalent.com.cn/jituan_xxx.html?id=105&positionId=132036124,2026-09-11 15:33:06
航天八院,八一一所,硬件工程师,控制科学与工程 / 电子信息 / 电气工程,硕士,1,上海,,2026-08-27,https://www.spacetalent.com.cn/jituan_xxx.html?id=105&positionId=132036125,2026-09-11 15:33:06
航天八院,八一一所,系统工程师,控制科学与工程 / 电子信息 / 电气工程,硕士,1,上海,,2026-08-27,https://www.spacetalent.com.cn/jituan_xxx.html?id=105&positionId=132036126,2026-09-11 15:33:06
航天八院,八一一所,工艺工程师,化学 / 材料科学与工程,硕士,1,上海,,2026-08-27,https://www.spacetalent.com.cn/jituan_xxx.html?id=105&positionId=132036127,2026-09-11 15:33:06
航天八院,八一一所,电子电源产品设计师,控制科学与工程 / 电子信息 / 电气工程,硕士,4,上海,,2026-08-27,https://www.spacetalent.com.cn/jituan_xxx.html?id=105&positionId=132036128,2026-09-11 15:33:06
航天八院,八一一所,电子电源产品工艺师,材料科学与工程 / 电子科学与技术,硕士,2,上海,,2026-08-27,https://www.spacetalent.com.cn/jituan_xxx.html?id=105&positionId=132036129,2026-09-11 15:33:06
航天八院,八一一所,电子电源产品设计师,控制科学与工程 / 电子信息 / 电气工程,硕士,7,上海,,2026-08-27,https://www.spacetalent.com.cn/jituan_xxx.html?id=105&positionId=132036130,2026-09-11 15:33:06
航天八院,八一一所,物理电源产品工程师,机械工程 / 材料科学与工程 / 电子科学与技术,硕士,1,上海,,2026-08-27,https://www.spacetalent.com.cn/jituan_xxx.html?id=105&positionId=132036131,2026-09-11 15:33:06
航天八院,八一一所,物理电源产品工艺师,机械工程 / 材料科学与工程,硕士,2,上海,,2026-08-27,https://www.spacetalent.com.cn/jituan_xxx.html?id=105&positionId=132036132,2026-09-11 15:33:06
航天八院,八一一所,化学电源产品工艺师,化学 / 材料科学与工程,硕士,1,上海,,2026-08-27,https://www.spacetalent.com.cn/jituan_xxx.html?id=105&positionId=132036133,2026-09-11 15:33:06
航天八院,八一一所,嵌入式产品设计师,控制科学与工程 / 电子信息 / 电气工程,硕士,6,上海,,2026-08-27,https://www.spacetalent.com.cn/jituan_xxx.html?id=105&positionId=132036134,2026-09-11 15:33:06
航天八院,八一一所,电源分系统设计师,控制科学与工程 / 电子信息 / 电气工程,博士,1,上海,,2026-08-27,https://www.spacetalent.com.cn/jituan_xxx.html?id=105&positionId=132036135,2026-09-11 15:33:06
航天八院,八一一所,电子电源产品设计师,控制科学与工程 / 电子信息 / 电气工程,硕士,4,上海,,2026-08-27,https://www.spacetalent.com.cn/jituan_xxx.html?id=105&positionId=132036136,2026-09-11 15:33:06
航天八院,八一一所,化学电源研究师,化学 / 材料科学与工程,博士,1,上海,,2026-08-27,https://www.spacetalent.com.cn/jituan_xxx.html?id=105&positionId=132036137,2026-09-11 15:33:06
航天八院,八一一所,电子电源研究师,控制科学与工程 / 电子信息 / 电气工程,博士,1,上海,,2026-08-27,https://www.spacetalent.com.cn/jituan_xxx.html?id=105&positionId=132036138,2026-09-11 15:33:06
航天八院,八一一所,化学电源研究师（AI人工智能方向）,化学 / 材料科学与工程 / 计算机科学与技术,博士,1,上海,,2026-08-27,https://www.spacetalent.com.cn/jituan_xxx.html?id=105&positionId=132036139,2026-09-11 15:33:06
航天八院,八一一所,电子电源产品设计师,控制科学与工程 / 电子信息 / 电气工程,硕士,4,上海,,2026-08-27,https://www.spacetalent.com.cn/jituan_xxx.html?id=105&positionId=132036140,2026-09-11 15:33:06
航天八院,八一一所,物理电源产品工程师,动力工程及工程热物理,硕士,2,上海,,2026-08-27,https://www.spacetalent.com.cn/jituan_xxx.html?id=105&positionId=132036141,2026-09-11 15:33:06
航天八院,八一一所,电子电源产品设计师,控制科学与工程 / 电子信息 / 电气工程,硕士,2,上海,,2026-08-27,https://www.spacetalent.com.cn/jituan_xxx.html?id=105&positionId=132036142,2026-09-11 15:33:06
航天八院,八一一所,化学电源产品设计师,化学 / 材料科学与工程,硕士,2,上海,,2026-08-27,https://www.spacetalent.com.cn/jituan_xxx.html?id=105&positionId=132036143,2026-09-11 15:33:06
航天八院,八一一所,电子电源产品设计师,控制科学与工程 / 电子信息 / 电气工程,硕士,8,上海,,2026-08-27,https://www.spacetalent.com.cn/jituan_xxx.html?id=105&positionId=132036144,2026-09-11 15:33:06
航天八院,八一一所,物理电源研究师,材料科学与工程 / 电子科学与技术,博士,1,上海,,2026-08-27,https://www.spacetalent.com.cn/jituan_xxx.html?id=105&positionId=132036145,2026-09-11 15:33:06
航天八院,八一一所,化学电源研究师,化学工程与技术 / 化学 / 材料科学与工程,博士,1,上海,,2026-08-27,https://www.spacetalent.com.cn/jituan_xxx.html?id=105&positionId=132036146,2026-09-11 15:33:06
航天八院,八一一所,化学电源研究师,化学 / 材料科学与工程,硕士,4,上海,,2026-08-27,https://www.spacetalent.com.cn/jituan_xxx.html?id=105&positionId=132036147,2026-09-11 15:33:06
航天八院,八一一所,电子电源研究师,控制科学与工程 / 电子信息 / 电气工程,博士,1,上海,,2026-08-27,https://www.spacetalent.com.cn/jituan_xxx.html?id=105&positionId=132036148,2026-09-11 15:33:06
航天八院,八一一所,电子电源产品设计师,控制科学与工程 / 电子信息 / 电气工程,硕士,4,上海,,2026-08-27,https://www.spacetalent.com.cn/jituan_xxx.html?id=105&positionId=132036149,2026-09-11 15:33:06
航天八院,八一一所,化学电源产品设计师,化学 / 材料科学与工程,硕士,2,上海,,2026-08-27,https://www.spacetalent.com.cn/jituan_xxx.html?id=105&positionId=132036150,2026-09-11 15:33:06
航天八院,八一一所,结构工程师,机械工程,硕士,1,上海,,2026-08-27,https://www.spacetalent.com.cn/jituan_xxx.html?id=105&positionId=132036151,2026-09-11 15:33:06
航天八院,八一一所,化学电源产品设计师,化学 / 材料科学与工程,硕士,1,上海,,2026-08-27,https://www.spacetalent.com.cn/jituan_xxx.html?id=105&positionId=132036152,2026-09-11 15:33:06
航天八院,上海航天能源股份有限公司,软件开发,电气 / 自动化 / 计算机,硕士,1,上海,,2026-08-27,https://www.spacetalent.com.cn/jituan_xxx.html?id=105&positionId=132036153,2026-09-11 15:33:06
航天八院,上海航天能源股份有限公司,技术工程师,机械 / 机械设计制造 / 石油与天然气,硕士,1,上海,,2026-08-27,https://www.spacetalent.com.cn/jituan_xxx.html?id=105&positionId=132036154,2026-09-11 15:33:06
航天八院,上海航天能源股份有限公司,技术工程师,机械 / 机械设计制造 / 石油与天然气,本科及以上,1,上海,,2026-08-27,https://www.spacetalent.com.cn/jituan_xxx.html?id=105&positionId=132036155,2026-09-11 15:33:06
航天八院,上海航天能源股份有限公司,技术工程师,机械 / 机械设计制造 / 石油与天然气,本科及以上,1,上海,,2026-08-27,https://www.spacetalent.com.cn/jituan_xxx.html?id=105&positionId=132036156,2026-09-11 15:33:06
航天八院,上海航天能源股份有限公司,研发工程师,机械工程 / 机械 / 机械设计制造,硕士,1,上海,,2026-08-27,https://www.spacetalent.com.cn/jituan_xxx.html?id=105&positionId=132036157,2026-09-11 15:33:06
航天八院,上海航天建筑设计院有限公司,综合管理,公共管理 / 图书情报与档案管理 / 工商管理,硕士,2,上海,,2026-08-27,https://www.spacetalent.com.cn/jituan_xxx.html?id=105&positionId=132036158,2026-09-11 15:33:06
航天八院,上海航天建筑设计院有限公司,工程咨询,机械工程 / 电子信息 / 自动化,硕士,2,上海,,2026-08-27,https://www.spacetalent.com.cn/jituan_xxx.html?id=105&positionId=132036159,2026-09-11 15:33:06
航天八院,上海航天建筑设计院有限公司,工程咨询,机械工程 / 电子信息 / 自动化,硕士,2,北京,,2026-08-27,https://www.spacetalent.com.cn/jituan_xxx.html?id=105&positionId=132036160,2026-09-11 15:33:06
航天八院,上海航天建筑设计院有限公司,设计师,土木工程 / 建筑设计 / 电气,硕士,2,上海,,2026-08-27,https://www.spacetalent.com.cn/jituan_xxx.html?id=105&positionId=132036161,2026-09-11 15:33:06
航天八院,航天无锡健康管理中心,内科医生,临床医学,硕士,1,江苏无锡,,2026-08-27,https://www.spacetalent.com.cn/jituan_xxx.html?id=105&positionId=132036162,2026-09-11 15:33:06
航天八院,航天无锡健康管理中心,放射诊断,临床医学,硕士,1,江苏无锡,,2026-08-27,https://www.spacetalent.com.cn/jituan_xxx.html?id=105&positionId=132036163,2026-09-11 15:33:06
航天八院,航天无锡健康管理中心,检验技术,医学技术,本科及以上,1,江苏无锡,,2026-08-27,https://www.spacetalent.com.cn/jituan_xxx.html?id=105&positionId=132036164,2026-09-11 15:33:06
航天八院,上海航天实业有限公司,物流管理,物流管理与工程 / 物流,硕士,1,上海,,2026-08-27,https://www.spacetalent.com.cn/jituan_xxx.html?id=105&positionId=132036165,2026-09-11 15:33:06
航天八院,上海航天实业有限公司,经营管理,工商管理,硕士,1,上海,,2026-08-27,https://www.spacetalent.com.cn/jituan_xxx.html?id=105&positionId=132036166,2026-09-11 15:33:06
航天八院,上海航天实业有限公司,食品检测,食品科学与工程,硕士,1,上海,,2026-08-27,https://www.spacetalent.com.cn/jituan_xxx.html?id=105&positionId=132036167,2026-09-11 15:33:06
航天八院,上海航天实业有限公司,信息化管理,计算机科学与技术,硕士,1,上海,,2026-08-27,https://www.spacetalent.com.cn/jituan_xxx.html?id=105&positionId=132036168,2026-09-11 15:33:06
航天八院,上海航天实业有限公司,工程管理,土木工程 / 电气工程,硕士,2,上海,,2026-08-27,https://www.spacetalent.com.cn/jituan_xxx.html?id=105&positionId=132036169,2026-09-11 15:33:06
航天八院,上海航天实业有限公司,综合管理,公共管理 / 工商管理,硕士,1,上海,,2026-08-27,https://www.spacetalent.com.cn/jituan_xxx.html?id=105&positionId=132036170,2026-09-11 15:33:06
航天八院,上海航天实业有限公司,财务管理,财务会计,硕士,1,上海,,2026-08-27,https://www.spacetalent.com.cn/jituan_xxx.html?id=105&positionId=132036171,2026-09-11 15:33:06
航天八院,八〇〇所,专业工艺师,材料科学与工程,硕士,6,江苏南通,,2026-08-27,https://www.spacetalent.com.cn/jituan_xxx.html?id=105&positionId=132036172,2026-09-11 15:33:06
航天八院,八〇〇所,专业研究师,材料科学与工程,博士,1,江苏南通,,2026-08-27,https://www.spacetalent.com.cn/jituan_xxx.html?id=105&positionId=132036173,2026-09-11 15:33:06
航天八院,八〇〇所,试验研究师,航空宇航科学与技术,硕士,1,安徽广德,,2026-08-27,https://www.spacetalent.com.cn/jituan_xxx.html?id=105&positionId=132036198,2026-09-11 15:33:06
航天九院,九院九部,科研管理岗,系统科学 / 机械设计制造及其自动化 / 电气工程及其自动化,硕士及以上,2,北京,否,2023-11-21,https://www.spacetalent.com.cn/jituan_xxx.html?id=122&positionId=1315947,2026-09-11 15:33:06
航天九院,九院九部,质量管理岗,电子科学与技术类其他专业 / 飞行器设计与工程 / 控制科学与工程类其他专业,硕士及以上,2,北京,否,2023-11-21,https://www.spacetalent.com.cn/jituan_xxx.html?id=122&positionId=1315948,2026-09-11 15:33:06
航天九院,九院九部,标准化工程师,标准化工程 / 电气 / 软件工程,硕士及以上,2,北京,否,2023-11-21,https://www.spacetalent.com.cn/jituan_xxx.html?id=122&positionId=1315951,2026-09-11 15:33:06
航天九院,九院九部,档案管理岗,档案学 / 信息资源管理 / 图书情报与档案管理类其他专业,硕士及以上,1,北京,否,2023-11-21,https://www.spacetalent.com.cn/jituan_xxx.html?id=122&positionId=1315952,2026-09-11 15:33:06
航天九院,九院九部,工艺工程师,机械设计制造及其自动化 / 机械工艺技术 / 智能制造工程,硕士及以上,2,北京,否,2023-11-21,https://www.spacetalent.com.cn/jituan_xxx.html?id=122&positionId=1315953,2026-09-11 15:33:06
中国航天科技集团有限公司,航天九院,九院系统发展部副部长,管理科学与工程 / 系统科学 / 航空航天,硕士及以上,1,北京,否,2024-09-01,https://www.spacetalent.com.cn/jituan_xxx.html?id=122&positionId=1315981,2026-09-11 15:33:06
航天九院,北京航天控制仪器研究所,仪表工艺,仪器科学与技术 / 电子科学与技术,博士,1,北京,,2026-08-27,https://www.spacetalent.com.cn/jituan_xxx.html?id=122&positionId=132036199,2026-09-11 15:33:06
航天九院,西安航天精密机电研究所,设计 ,控制科学与工程,硕士及以上,1,陕西西安,,2026-08-27,https://www.spacetalent.com.cn/jituan_xxx.html?id=122&positionId=132036200,2026-09-11 15:33:06
航天九院,北京航天微系统与信息技术研究所,基础软件总体设计,自动化 / 计算机科学与技术 / 软件工程,硕士及以上,1,北京,,2026-08-27,https://www.spacetalent.com.cn/jituan_xxx.html?id=122&positionId=132036201,2026-09-11 15:33:06
航天九院,北京航天微系统与信息技术研究所,光电集成设计,电子信息 / 电子科学与技术 / 计算机科学与技术,博士,1,陕西西安,,2026-08-27,https://www.spacetalent.com.cn/jituan_xxx.html?id=122&positionId=132036202,2026-09-11 15:33:06
航天九院,北京航天微系统与信息技术研究所,集成设计,电子信息 / 电子科学与技术 / 计算机科学与技术,硕士及以上,1,北京,,2026-08-27,https://www.spacetalent.com.cn/jituan_xxx.html?id=122&positionId=132036203,2026-09-11 15:33:06
航天九院,北京航天微系统与信息技术研究所,应用软件开发,控制科学与工程 / 机械工程 / 自动化,博士,1,北京,,2026-08-27,https://www.spacetalent.com.cn/jituan_xxx.html?id=122&positionId=132036204,2026-09-11 15:33:06
航天九院,北京航天微系统与信息技术研究所,大模型应用,控制科学与工程 / 自动化 / 计算机科学与技术,博士,1,北京,,2026-08-27,https://www.spacetalent.com.cn/jituan_xxx.html?id=122&positionId=132036205,2026-09-11 15:33:06
航天九院,北京航天微系统与信息技术研究所,嵌入式设计,控制科学与工程 / 自动化 / 计算机科学与技术,博士,1,北京,,2026-08-27,https://www.spacetalent.com.cn/jituan_xxx.html?id=122&positionId=132036206,2026-09-11 15:33:06
航天九院,北京航天微系统与信息技术研究所,运动控制,控制科学与工程 / 自动化 / 计算机科学与技术,博士,1,北京,,2026-08-27,https://www.spacetalent.com.cn/jituan_xxx.html?id=122&positionId=132036207,2026-09-11 15:33:06
航天九院,北京航天微系统与信息技术研究所,视觉识别,控制科学与工程 / 自动化 / 计算机科学与技术,博士,1,北京,,2026-08-27,https://www.spacetalent.com.cn/jituan_xxx.html?id=122&positionId=132036208,2026-09-11 15:33:06
航天九院,北京航天微系统与信息技术研究所,视觉识别,控制科学与工程 / 自动化 / 计算机科学与技术,硕士及以上,1,北京,,2026-08-27,https://www.spacetalent.com.cn/jituan_xxx.html?id=122&positionId=132036209,2026-09-11 15:33:06
航天九院,北京航天微系统与信息技术研究所,结构设计,控制科学与工程 / 自动化 / 计算机科学与技术,博士,1,北京,,2026-08-27,https://www.spacetalent.com.cn/jituan_xxx.html?id=122&positionId=132036210,2026-09-11 15:33:06
航天九院,北京航天微系统与信息技术研究所,嵌入式设计,控制科学与工程 / 自动化 / 计算机科学与技术,硕士及以上,1,北京,,2026-08-27,https://www.spacetalent.com.cn/jituan_xxx.html?id=122&positionId=132036211,2026-09-11 15:33:06
航天九院,北京航天微系统与信息技术研究所,嵌入式软件开发,电子信息 / 电子科学与技术 / 计算机科学与技术,博士,1,陕西西安,,2026-08-27,https://www.spacetalent.com.cn/jituan_xxx.html?id=122&positionId=132036212,2026-09-11 15:33:06
航天九院,北京航天微系统与信息技术研究所,数据链路层设计,电子信息 / 电子科学与技术 / 计算机科学与技术,硕士及以上,1,陕西西安,,2026-08-27,https://www.spacetalent.com.cn/jituan_xxx.html?id=122&positionId=132036213,2026-09-11 15:33:06
航天九院,北京航天微系统与信息技术研究所,视觉导航算法,电子信息 / 电子科学与技术 / 计算机科学与技术,博士,1,陕西西安,,2026-08-27,https://www.spacetalent.com.cn/jituan_xxx.html?id=122&positionId=132036214,2026-09-11 15:33:06
航天九院,北京航天微系统与信息技术研究所,导航软件部署,电子信息 / 电子科学与技术 / 计算机科学与技术,博士,1,陕西西安,,2026-08-27,https://www.spacetalent.com.cn/jituan_xxx.html?id=122&positionId=132036215,2026-09-11 15:33:06
航天九院,北京航天微系统与信息技术研究所,总体电气,电子信息 / 电子科学与技术 / 计算机科学与技术,博士,1,陕西西安,,2026-08-27,https://www.spacetalent.com.cn/jituan_xxx.html?id=122&positionId=132036216,2026-09-11 15:33:06
航天九院,北京航天微系统与信息技术研究所,算法设计,控制科学与工程 / 航空宇航科学与技术 / 计算机科学与技术,博士,3,北京,,2026-08-27,https://www.spacetalent.com.cn/jituan_xxx.html?id=122&positionId=132036217,2026-09-11 15:33:06
航天九院,北京航天微系统与信息技术研究所,系统仿真,控制科学与工程 / 航空宇航科学与技术 / 计算机科学与技术,硕士及以上,1,北京,,2026-08-27,https://www.spacetalent.com.cn/jituan_xxx.html?id=122&positionId=132036218,2026-09-11 15:33:06
航天九院,北京航天微系统与信息技术研究所,架构师,控制科学与工程 / 航空宇航科学与技术 / 计算机科学与技术,硕士及以上,1,北京,,2026-08-27,https://www.spacetalent.com.cn/jituan_xxx.html?id=122&positionId=132036219,2026-09-11 15:33:06
航天九院,北京航天微系统与信息技术研究所,导航软件部署,电子信息 / 电子科学与技术 / 计算机科学与技术,硕士及以上,1,陕西西安,,2026-08-27,https://www.spacetalent.com.cn/jituan_xxx.html?id=122&positionId=132036220,2026-09-11 15:33:06
航天九院,北京航天微系统与信息技术研究所,软件开发工程师,控制科学与工程 / 航空宇航科学与技术 / 计算机科学与技术,硕士及以上,1,北京,,2026-08-27,https://www.spacetalent.com.cn/jituan_xxx.html?id=122&positionId=132036221,2026-09-11 15:33:06
航天九院,北京航天微系统与信息技术研究所,智能计算总体设计,电子信息 / 电子科学与技术 / 计算机科学与技术,博士,1,北京,,2026-08-27,https://www.spacetalent.com.cn/jituan_xxx.html?id=122&positionId=132036222,2026-09-11 15:33:06
航天九院,北京航天微系统与信息技术研究所,飞行器总体,兵器科学与技术 / 航空宇航科学与技术 / 航空航天,硕士及以上,1,北京,,2026-08-27,https://www.spacetalent.com.cn/jituan_xxx.html?id=122&positionId=132036223,2026-09-11 15:33:06
航天九院,北京航天微系统与信息技术研究所,飞控算法,兵器科学与技术 / 航空宇航科学与技术 / 航空航天,博士,1,北京,,2026-08-27,https://www.spacetalent.com.cn/jituan_xxx.html?id=122&positionId=132036224,2026-09-11 15:33:06
航天九院,北京航天微系统与信息技术研究所,测试开发,电子信息 / 电子科学与技术 / 计算机科学与技术,硕士及以上,2,北京,,2026-08-27,https://www.spacetalent.com.cn/jituan_xxx.html?id=122&positionId=132036225,2026-09-11 15:33:06
航天九院,北京航天微系统与信息技术研究所,软件设计,电子信息 / 电子科学与技术 / 计算机科学与技术,博士,2,北京,,2026-08-27,https://www.spacetalent.com.cn/jituan_xxx.html?id=122&positionId=132036226,2026-09-11 15:33:06
航天九院,北京航天微系统与信息技术研究所,网络与安全,信息与通信工程 / 电子信息 / 计算机科学与技术,硕士及以上,2,北京,,2026-08-27,https://www.spacetalent.com.cn/jituan_xxx.html?id=122&positionId=132036227,2026-09-11 15:33:06
航天九院,北京航天微系统与信息技术研究所,网信架构设计,信息与通信工程 / 电子信息 / 计算机科学与技术,博士,1,北京,,2026-08-27,https://www.spacetalent.com.cn/jituan_xxx.html?id=122&positionId=132036228,2026-09-11 15:33:06
航天九院,北京航天微系统与信息技术研究所,智能终端与应用,信息与通信工程 / 电子信息 / 计算机科学与技术,博士,1,北京,,2026-08-27,https://www.spacetalent.com.cn/jituan_xxx.html?id=122&positionId=132036229,2026-09-11 15:33:06
航天九院,北京航天微系统与信息技术研究所,通信与感知,信息与通信工程 / 电子信息 / 计算机科学与技术,硕士及以上,3,北京,,2026-08-27,https://www.spacetalent.com.cn/jituan_xxx.html?id=122&positionId=132036230,2026-09-11 15:33:06
航天九院,北京航天微系统与信息技术研究所,算法设计,控制科学与工程 / 航空宇航科学与技术 / 计算机科学与技术,硕士及以上,1,北京,,2026-08-27,https://www.spacetalent.com.cn/jituan_xxx.html?id=122&positionId=132036231,2026-09-11 15:33:06
航天九院,北京航天微系统与信息技术研究所,档案管理,图书情报与档案管理 / 计算机科学与技术,硕士及以上,1,北京,,2026-08-27,https://www.spacetalent.com.cn/jituan_xxx.html?id=122&positionId=132036232,2026-09-11 15:33:06
航天九院,北京航天微系统与信息技术研究所,视觉导航算法,电子信息 / 电子科学与技术 / 计算机科学与技术,硕士及以上,1,陕西西安,,2026-08-27,https://www.spacetalent.com.cn/jituan_xxx.html?id=122&positionId=132036233,2026-09-11 15:33:06
航天九院,北京航天微系统与信息技术研究所,FPGA开发,电子信息 / 电子科学与技术 / 计算机科学与技术,硕士及以上,1,陕西西安,,2026-08-27,https://www.spacetalent.com.cn/jituan_xxx.html?id=122&positionId=132036234,2026-09-11 15:33:06
航天九院,北京航天微系统与信息技术研究所,信息处理微系统设计,电子信息 / 电子科学与技术 / 计算机科学与技术,硕士及以上,1,陕西西安,,2026-08-27,https://www.spacetalent.com.cn/jituan_xxx.html?id=122&positionId=132036235,2026-09-11 15:33:06
航天九院,北京航天微系统与信息技术研究所,信息处理测试验证,电子信息 / 电子科学与技术 / 计算机科学与技术,硕士及以上,1,陕西西安,,2026-08-27,https://www.spacetalent.com.cn/jituan_xxx.html?id=122&positionId=132036236,2026-09-11 15:33:06
航天九院,北京航天微系统与信息技术研究所,光电微系统架构设计,电子信息 / 电子科学与技术 / 计算机科学与技术,博士,1,陕西西安,,2026-08-27,https://www.spacetalent.com.cn/jituan_xxx.html?id=122&positionId=132036237,2026-09-11 15:33:06
航天九院,北京航天微系统与信息技术研究所,光电微系统测试验证,电子信息 / 电子科学与技术 / 计算机科学与技术,硕士及以上,1,陕西西安,,2026-08-27,https://www.spacetalent.com.cn/jituan_xxx.html?id=122&positionId=132036238,2026-09-11 15:33:06
航天九院,北京航天微系统与信息技术研究所,光电融合软件开发,电子信息 / 电子科学与技术 / 计算机科学与技术,博士,1,陕西西安,,2026-08-27,https://www.spacetalent.com.cn/jituan_xxx.html?id=122&positionId=132036239,2026-09-11 15:33:06
航天九院,北京航天微系统与信息技术研究所,智能计算,控制科学与工程 / 航空宇航科学与技术 / 计算机科学与技术,硕士及以上,1,北京,,2026-08-27,https://www.spacetalent.com.cn/jituan_xxx.html?id=122&positionId=132036240,2026-09-11 15:33:06
航天九院,北京航天微系统与信息技术研究所,人力资源管理,公共管理 / 工商管理 / 心理学,硕士及以上,1,北京,,2026-08-27,https://www.spacetalent.com.cn/jituan_xxx.html?id=122&positionId=132036241,2026-09-11 15:33:06
航天九院,北京航天微系统与信息技术研究所,多源导航算法仿真测试,电子信息 / 电子科学与技术 / 计算机科学与技术,博士,1,陕西西安,,2026-08-27,https://www.spacetalent.com.cn/jituan_xxx.html?id=122&positionId=132036242,2026-09-11 15:33:06
航天九院,北京航天微系统与信息技术研究所,智能计算应用设计,电子信息 / 电子科学与技术 / 计算机科学与技术,博士,1,北京,,2026-08-27,https://www.spacetalent.com.cn/jituan_xxx.html?id=122&positionId=132036243,2026-09-11 15:33:06
航天九院,北京航天微系统与信息技术研究所,大模型智能体研发,自动化 / 计算机科学与技术 / 软件工程,硕士及以上,1,北京,,2026-08-27,https://www.spacetalent.com.cn/jituan_xxx.html?id=122&positionId=132036244,2026-09-11 15:33:06
航天九院,北京航天微系统与信息技术研究所,软件设计,电子信息 / 电子科学与技术 / 计算机科学与技术,硕士,2,北京,,2026-08-27,https://www.spacetalent.com.cn/jituan_xxx.html?id=122&positionId=132036245,2026-09-11 15:33:06
航天九院,北京航天微系统与信息技术研究所,BSP开发,自动化 / 计算机科学与技术 / 软件工程,硕士及以上,1,北京,,2026-08-27,https://www.spacetalent.com.cn/jituan_xxx.html?id=122&positionId=132036246,2026-09-11 15:33:06
航天九院,北京航天微系统与信息技术研究所,操作系统研发,自动化 / 计算机科学与技术 / 软件工程,硕士及以上,1,北京,,2026-08-27,https://www.spacetalent.com.cn/jituan_xxx.html?id=122&positionId=132036247,2026-09-11 15:33:06
航天九院,北京航天微系统与信息技术研究所,智能化软件工程,自动化 / 计算机科学与技术 / 软件工程,硕士及以上,1,北京,,2026-08-27,https://www.spacetalent.com.cn/jituan_xxx.html?id=122&positionId=132036248,2026-09-11 15:33:06
航天九院,北京航天微系统与信息技术研究所,智能操作总体设计,自动化 / 计算机科学与技术 / 软件工程,硕士及以上,1,北京,,2026-08-27,https://www.spacetalent.com.cn/jituan_xxx.html?id=122&positionId=132036249,2026-09-11 15:33:06
航天九院,北京航天微系统与信息技术研究所,软件研发,自动化 / 计算机科学与技术 / 软件工程,硕士及以上,1,北京,,2026-08-27,https://www.spacetalent.com.cn/jituan_xxx.html?id=122&positionId=132036250,2026-09-11 15:33:06
航天九院,北京航天微系统与信息技术研究所,科技信息分析,控制科学与工程 / 航空宇航科学与技术 / 航空航天,硕士及以上,1,北京,,2026-08-27,https://www.spacetalent.com.cn/jituan_xxx.html?id=122&positionId=132036251,2026-09-11 15:33:06
航天九院,北京航天微系统与信息技术研究所,财务管理,工商管理 / 财务会计,硕士及以上,1,北京,,2026-08-27,https://www.spacetalent.com.cn/jituan_xxx.html?id=122&positionId=132036252,2026-09-11 15:33:06
航天九院,北京航天微系统与信息技术研究所,硬件电路设计,电子信息 / 电子科学与技术 / 计算机科学与技术,硕士及以上,1,陕西西安,,2026-08-27,https://www.spacetalent.com.cn/jituan_xxx.html?id=122&positionId=132036253,2026-09-11 15:33:06
航天九院,北京航天微系统与信息技术研究所,导航,控制科学与工程 / 航空宇航科学与技术 / 计算机科学与技术,博士,1,北京,,2026-08-27,https://www.spacetalent.com.cn/jituan_xxx.html?id=122&positionId=132036254,2026-09-11 15:33:06
航天九院,北京航天微系统与信息技术研究所,飞控算法,兵器科学与技术 / 航空宇航科学与技术 / 航空航天,硕士及以上,1,北京,,2026-08-27,https://www.spacetalent.com.cn/jituan_xxx.html?id=122&positionId=132036255,2026-09-11 15:33:06
航天九院,北京航天微系统与信息技术研究所,硬件设计,电子信息 / 电子科学与技术 / 计算机科学与技术,硕士及以上,2,北京,,2026-08-27,https://www.spacetalent.com.cn/jituan_xxx.html?id=122&positionId=132036256,2026-09-11 15:33:06
航天九院,北京航天微系统与信息技术研究所,智能终端与应用,控制科学与工程 / 自动化 / 计算机科学与技术,博士,1,北京,,2026-08-27,https://www.spacetalent.com.cn/jituan_xxx.html?id=122&positionId=132036257,2026-09-11 15:33:06
航天九院,航天时代低空经济总体部,低空飞行器软件设计师,控制科学与工程 / 自动化 / 计算机,博士,4,北京,,2026-08-27,https://www.spacetalent.com.cn/jituan_xxx.html?id=122&positionId=132036258,2026-09-11 15:33:06
航天九院,航天时代低空经济总体部,人力资源管理,公共管理 / 工商管理 / 经济学,硕士,1,北京,,2026-08-27,https://www.spacetalent.com.cn/jituan_xxx.html?id=122&positionId=132036259,2026-09-11 15:33:06
航天九院,航天时代低空经济总体部,低空飞行器气动设计师,力学 / 航空宇航科学与技术 / 航空航天,博士,3,北京,,2026-08-27,https://www.spacetalent.com.cn/jituan_xxx.html?id=122&positionId=132036260,2026-09-11 15:33:06
航天九院,航天时代低空经济总体部,审计,工商管理 / 管理科学与工程 / 财务会计,硕士,1,北京,,2026-08-27,https://www.spacetalent.com.cn/jituan_xxx.html?id=122&positionId=132036261,2026-09-11 15:33:06
航天九院,航天时代低空经济总体部,低空飞行器通信设计师,信息与通信工程 / 电子科学与技术 / 通信,博士,3,北京,,2026-08-27,https://www.spacetalent.com.cn/jituan_xxx.html?id=122&positionId=132036262,2026-09-11 15:33:06
航天九院,航天时代低空经济总体部,低空飞行器航电设计师,电气工程 / 自动化 / 航空宇航科学与技术,博士,3,北京,,2026-08-27,https://www.spacetalent.com.cn/jituan_xxx.html?id=122&positionId=132036263,2026-09-11 15:33:06
航天九院,航天时代低空经济总体部,低空飞行器起落架总体设计师,力学 / 航空宇航科学与技术 / 航空航天,硕士,2,北京,,2026-08-27,https://www.spacetalent.com.cn/jituan_xxx.html?id=122&positionId=132036264,2026-09-11 15:33:06
航天九院,航天时代低空经济总体部,低空飞行器结构总体设计师,机械工程 / 材料科学与工程 / 航空宇航科学与技术,博士,3,北京,,2026-08-27,https://www.spacetalent.com.cn/jituan_xxx.html?id=122&positionId=132036265,2026-09-11 15:33:06
航天九院,航天时代低空经济总体部,低空飞行器整机造型设计师,力学 / 航空宇航科学与技术 / 航空航天,硕士,1,北京,,2026-08-27,https://www.spacetalent.com.cn/jituan_xxx.html?id=122&positionId=132036266,2026-09-11 15:33:06
航天九院,航天时代低空经济总体部,低空飞行器控制系统设计师,控制科学与工程 / 电子科学与技术 / 计算机科学与技术,博士,3,北京,,2026-08-27,https://www.spacetalent.com.cn/jituan_xxx.html?id=122&positionId=132036267,2026-09-11 15:33:06
航天九院,航天时代低空经济总体部,低空飞行器强度工程师,力学 / 航空宇航科学与技术 / 航空航天,博士,1,北京,,2026-08-27,https://www.spacetalent.com.cn/jituan_xxx.html?id=122&positionId=132036268,2026-09-11 15:33:06
航天九院,重庆分院,无线通信研发,信息与通信工程 / 电子科学与技术 / 计算机科学与技术,硕士,1,北京,,2026-08-27,https://www.spacetalent.com.cn/jituan_xxx.html?id=122&positionId=132036269,2026-09-11 15:33:06
航天九院,重庆分院,无线通信研发,信息与通信工程 / 电子科学与技术 / 计算机科学与技术,硕士,1,北京,,2026-08-27,https://www.spacetalent.com.cn/jituan_xxx.html?id=122&positionId=132036270,2026-09-11 15:33:06
航天九院,重庆分院,低空气象总体设计,大气科学 / 电子科学与技术 / 计算机科学与技术,硕士,2,重庆,,2026-08-27,https://www.spacetalent.com.cn/jituan_xxx.html?id=122&positionId=132036271,2026-09-11 15:33:06
航天九院,重庆分院,商业航天测控通信总体设计,信息与通信工程 / 电子信息 / 计算机科学与技术,博士,2,重庆,,2026-08-27,https://www.spacetalent.com.cn/jituan_xxx.html?id=122&positionId=132036272,2026-09-11 15:33:06
航天九院,重庆分院,无线通信总体设计,信息与通信工程 / 电子科学与技术 / 自动化,博士,1,北京,,2026-08-27,https://www.spacetalent.com.cn/jituan_xxx.html?id=122&positionId=132036273,2026-09-11 15:33:06
航天九院,重庆分院,无线通信研发,信息与通信工程 / 电子科学与技术 / 计算机科学与技术,硕士,1,北京,,2026-08-27,https://www.spacetalent.com.cn/jituan_xxx.html?id=122&positionId=132036274,2026-09-11 15:33:06
航天九院,重庆分院,无线通信总体设计,信息与通信工程 / 电子科学与技术 / 计算机科学与技术,博士,1,北京,,2026-08-27,https://www.spacetalent.com.cn/jituan_xxx.html?id=122&positionId=132036275,2026-09-11 15:33:06
航天九院,西安微电子技术研究所,电驱系统开发工程师,控制科学与工程 / 电子信息 / 自动化,硕士,1,陕西西安,,2026-08-27,https://www.spacetalent.com.cn/jituan_xxx.html?id=122&positionId=132036276,2026-09-11 15:33:06
航天九院,西安微电子技术研究所,FPGA设计师,电子信息 / 计算机科学与技术 / 计算机,硕士,2,陕西西安,,2026-08-27,https://www.spacetalent.com.cn/jituan_xxx.html?id=122&positionId=132036277,2026-09-11 15:33:06
航天九院,西安微电子技术研究所,智能制造师,控制科学与工程 / 机械工程,硕士,1,陕西西安,,2026-08-27,https://www.spacetalent.com.cn/jituan_xxx.html?id=122&positionId=132036278,2026-09-11 15:33:06
航天九院,西安微电子技术研究所,信息化工程师,网络空间安全 / 软件工程,硕士,1,陕西西安,,2026-08-27,https://www.spacetalent.com.cn/jituan_xxx.html?id=122&positionId=132036279,2026-09-11 15:33:06
航天九院,西安微电子技术研究所,产品研发工程师,化学工程与技术 / 材料科学与工程,硕士,1,陕西西安,,2026-08-27,https://www.spacetalent.com.cn/jituan_xxx.html?id=122&positionId=132036280,2026-09-11 15:33:06
航天九院,西安微电子技术研究所,PCB设计师,信息与通信工程 / 计算机科学与技术,硕士,1,陕西西安,,2026-08-27,https://www.spacetalent.com.cn/jituan_xxx.html?id=122&positionId=132036281,2026-09-11 15:33:06
航天九院,西安微电子技术研究所,智能软件测评工程师,电子信息 / 计算机科学与技术,硕士,1,陕西西安,,2026-08-27,https://www.spacetalent.com.cn/jituan_xxx.html?id=122&positionId=132036282,2026-09-11 15:33:06
航天九院,西安微电子技术研究所,智能制造,机械工程 / 计算机科学与技术,硕士,1,陕西西安,,2026-08-27,https://www.spacetalent.com.cn/jituan_xxx.html?id=122&positionId=132036283,2026-09-11 15:33:06
航天九院,西安微电子技术研究所,嵌入式软件开发工程师,控制科学与工程 / 计算机科学与技术 / 计算机,硕士,1,陕西西安,,2026-08-27,https://www.spacetalent.com.cn/jituan_xxx.html?id=122&positionId=132036284,2026-09-11 15:33:06
航天九院,西安微电子技术研究所,人工智能硬件平台工程师,电子信息 / 自动化 / 计算机,硕士,1,陕西西安,,2026-08-27,https://www.spacetalent.com.cn/jituan_xxx.html?id=122&positionId=132036285,2026-09-11 15:33:06
航天九院,西安微电子技术研究所,嵌入式软件开发工程师,控制科学与工程 / 计算机科学与技术 / 计算机,博士,1,陕西西安,,2026-08-27,https://www.spacetalent.com.cn/jituan_xxx.html?id=122&positionId=132036286,2026-09-11 15:33:06
航天九院,西安微电子技术研究所,电源研发工程师,信息与通信工程 / 电子信息 / 计算机科学与技术,博士,1,陕西西安,,2026-08-27,https://www.spacetalent.com.cn/jituan_xxx.html?id=122&positionId=132036287,2026-09-11 15:33:06
航天九院,西安微电子技术研究所,电源研发工程师,电气工程,硕士,1,陕西西安,,2026-08-27,https://www.spacetalent.com.cn/jituan_xxx.html?id=122&positionId=132036288,2026-09-11 15:33:06
航天九院,西安微电子技术研究所,信号完整性工程师,电子信息 / 自动化 / 计算机科学与技术,硕士,1,陕西西安,,2026-08-27,https://www.spacetalent.com.cn/jituan_xxx.html?id=122&positionId=132036289,2026-09-11 15:33:06
航天九院,西安微电子技术研究所,AI应用开发工程师,电子信息 / 计算机科学与技术 / 软件工程,硕士,1,陕西西安,,2026-08-27,https://www.spacetalent.com.cn/jituan_xxx.html?id=122&positionId=132036290,2026-09-11 15:33:06
航天九院,西安微电子技术研究所,操作系统及BSP软件开发工程师,电子信息 / 计算机科学与技术 / 软件工程,硕士,1,陕西西安,,2026-08-27,https://www.spacetalent.com.cn/jituan_xxx.html?id=122&positionId=132036291,2026-09-11 15:33:06
航天九院,西安微电子技术研究所,FPGA设计师,电子信息 / 自动化 / 计算机科学与技术,硕士,1,陕西西安,,2026-08-27,https://www.spacetalent.com.cn/jituan_xxx.html?id=122&positionId=132036292,2026-09-11 15:33:06
航天九院,西安微电子技术研究所,计算机液冷研发工程师,动力工程及工程热物理 / 机械工程,硕士,1,陕西西安,,2026-08-27,https://www.spacetalent.com.cn/jituan_xxx.html?id=122&positionId=132036293,2026-09-11 15:33:06
航天九院,西安微电子技术研究所,嵌入式硬件工程师,电子信息 / 自动化 / 计算机科学与技术,硕士,1,陕西西安,,2026-08-27,https://www.spacetalent.com.cn/jituan_xxx.html?id=122&positionId=132036294,2026-09-11 15:33:06
航天九院,西安微电子技术研究所,嵌入式软件工程师,计算机科学与技术 / 计算机 / 软件工程,硕士,2,陕西西安,,2026-08-27,https://www.spacetalent.com.cn/jituan_xxx.html?id=122&positionId=132036295,2026-09-11 15:33:06
航天九院,西安微电子技术研究所,人工智能系统工程师,电子信息 / 计算机科学与技术 / 计算机,博士,1,陕西西安,,2026-08-27,https://www.spacetalent.com.cn/jituan_xxx.html?id=122&positionId=132036296,2026-09-11 15:33:06
航天九院,西安微电子技术研究所,数字硬件工程师,电子信息 / 计算机科学与技术 / 计算机,硕士,2,陕西西安,,2026-08-27,https://www.spacetalent.com.cn/jituan_xxx.html?id=122&positionId=132036297,2026-09-11 15:33:06
航天九院,西安微电子技术研究所,软件开发工程师,信息与通信工程 / 计算机科学与技术 / 软件工程,硕士,2,陕西西安,,2026-08-27,https://www.spacetalent.com.cn/jituan_xxx.html?id=122&positionId=132036298,2026-09-11 15:33:06
航天九院,西安微电子技术研究所,FPGA开发工程师,信息与通信工程 / 控制科学与工程 / 计算机科学与技术,硕士,5,陕西西安,,2026-08-27,https://www.spacetalent.com.cn/jituan_xxx.html?id=122&positionId=132036299,2026-09-11 15:33:06
航天九院,西安微电子技术研究所,硬件开发工程师,信息与通信工程 / 电子信息 / 计算机科学与技术,硕士,10,陕西西安,,2026-08-27,https://www.spacetalent.com.cn/jituan_xxx.html?id=122&positionId=132036300,2026-09-11 15:33:06
航天九院,西安微电子技术研究所,审计管理,财务会计,硕士,1,陕西西安,,2026-08-27,https://www.spacetalent.com.cn/jituan_xxx.html?id=122&positionId=132036301,2026-09-11 15:33:06
航天九院,西安微电子技术研究所,财务管理,工商管理 / 财务会计,硕士,1,陕西西安,,2026-08-27,https://www.spacetalent.com.cn/jituan_xxx.html?id=122&positionId=132036302,2026-09-11 15:33:06
航天九院,西安微电子技术研究所,结构设计师,机械,硕士,1,陕西西安,,2026-08-27,https://www.spacetalent.com.cn/jituan_xxx.html?id=122&positionId=132036303,2026-09-11 15:33:06
航天九院,西安微电子技术研究所,专业融合技术工程师,信息与通信工程 / 电子科学与技术 / 计算机科学与技术,硕士,1,陕西西安,,2026-08-27,https://www.spacetalent.com.cn/jituan_xxx.html?id=122&positionId=132036304,2026-09-11 15:33:06
航天九院,西安微电子技术研究所,人工智能算法工程师,电子科学与技术 / 计算机科学与技术 / 软件工程,硕士,1,陕西西安,,2026-08-27,https://www.spacetalent.com.cn/jituan_xxx.html?id=122&positionId=132036305,2026-09-11 15:33:06
航天九院,西安微电子技术研究所,操作系统内核工程师,信息与通信工程 / 电子信息 / 计算机科学与技术,硕士,1,陕西西安,,2026-08-27,https://www.spacetalent.com.cn/jituan_xxx.html?id=122&positionId=132036306,2026-09-11 15:33:06
航天九院,西安微电子技术研究所,智能体和大模型工程师,信息与通信工程 / 电子信息 / 计算机科学与技术,硕士,1,陕西西安,,2026-08-27,https://www.spacetalent.com.cn/jituan_xxx.html?id=122&positionId=132036307,2026-09-11 15:33:06
航天九院,西安微电子技术研究所,人工智能算法工程师,信息与通信工程 / 电子信息 / 计算机科学与技术,博士,1,陕西西安,,2026-08-27,https://www.spacetalent.com.cn/jituan_xxx.html?id=122&positionId=132036308,2026-09-11 15:33:06
航天九院,西安微电子技术研究所,专业融合总体架构工程师,信息与通信工程 / 电子信息 / 计算机科学与技术,博士,1,陕西西安,,2026-08-27,https://www.spacetalent.com.cn/jituan_xxx.html?id=122&positionId=132036309,2026-09-11 15:33:06
航天九院,西安微电子技术研究所,芯片测试技术研发工程师,信息与通信工程 / 控制科学与工程 / 电子科学与技术,硕士,1,陕西西安,,2026-08-27,https://www.spacetalent.com.cn/jituan_xxx.html?id=122&positionId=132036310,2026-09-11 15:33:06
航天九院,西安微电子技术研究所,电子元器件失效分析工程师,电子信息 / 电子科学与技术,硕士,1,陕西西安,,2026-08-27,https://www.spacetalent.com.cn/jituan_xxx.html?id=122&positionId=132036311,2026-09-11 15:33:06
航天九院,西安微电子技术研究所,可靠性技术研发工程师,控制科学与工程 / 电子科学与技术 / 计算机科学与技术,博士,1,陕西西安,,2026-08-27,https://www.spacetalent.com.cn/jituan_xxx.html?id=122&positionId=132036312,2026-09-11 15:33:06
航天九院,西安微电子技术研究所,芯片测试技术算法研究工程师,电子科学与技术 / 计算机科学与技术,硕士,1,陕西西安,,2026-08-27,https://www.spacetalent.com.cn/jituan_xxx.html?id=122&positionId=132036313,2026-09-11 15:33:06
航天九院,西安微电子技术研究所,可靠性技术研发工程师,控制科学与工程 / 电子科学与技术 / 计算机科学与技术,硕士,1,陕西西安,,2026-08-27,https://www.spacetalent.com.cn/jituan_xxx.html?id=122&positionId=132036314,2026-09-11 15:33:06
航天九院,西安微电子技术研究所,环境可靠性研发工程师,力学 / 机械工程 / 电子信息,硕士,1,陕西西安,,2026-08-27,https://www.spacetalent.com.cn/jituan_xxx.html?id=122&positionId=132036315,2026-09-11 15:33:06
航天九院,西安微电子技术研究所,可靠性试验工程师,电子信息 / 自动化 / 计算机,硕士,1,陕西西安,,2026-08-27,https://www.spacetalent.com.cn/jituan_xxx.html?id=122&positionId=132036316,2026-09-11 15:33:06
航天九院,西安微电子技术研究所,网络安全工程师,网络空间安全 / 软件工程,博士,1,陕西西安,,2026-08-27,https://www.spacetalent.com.cn/jituan_xxx.html?id=122&positionId=132036317,2026-09-11 15:33:06
航天九院,西安微电子技术研究所,硬件设计师,信息与通信工程 / 电子信息 / 计算机科学与技术,硕士,1,陕西西安,,2026-08-27,https://www.spacetalent.com.cn/jituan_xxx.html?id=122&positionId=132036318,2026-09-11 15:33:06
航天九院,西安微电子技术研究所,数字电路工程师,电子信息 / 计算机,硕士,1,陕西西安,,2026-08-27,https://www.spacetalent.com.cn/jituan_xxx.html?id=122&positionId=132036319,2026-09-11 15:33:06
航天九院,西安微电子技术研究所,总线网络架构师,电子信息 / 计算机,博士,1,陕西西安,,2026-08-27,https://www.spacetalent.com.cn/jituan_xxx.html?id=122&positionId=132036320,2026-09-11 15:33:06
航天九院,西安微电子技术研究所,FPGA逻辑工程师,信息与通信工程 / 电子信息 / 计算机科学与技术,硕士,1,陕西西安,,2026-08-27,https://www.spacetalent.com.cn/jituan_xxx.html?id=122&positionId=132036321,2026-09-11 15:33:06
航天九院,西安微电子技术研究所,微系统及集成电路测试技术开发,控制科学与工程 / 电子科学与技术 / 计算机科学与技术,硕士,1,陕西西安,,2026-08-27,https://www.spacetalent.com.cn/jituan_xxx.html?id=122&positionId=132036322,2026-09-11 15:33:06
航天九院,西安微电子技术研究所,微系统及人工智能芯片测试技术研究,电子科学与技术 / 计算机科学与技术,博士,1,陕西西安,,2026-08-27,https://www.spacetalent.com.cn/jituan_xxx.html?id=122&positionId=132036323,2026-09-11 15:33:06
航天九院,西安微电子技术研究所,嵌入式固态存储产品设计工程师,信息与通信工程 / 电子科学与技术 / 计算机科学与技术,博士,1,陕西西安,,2026-08-27,https://www.spacetalent.com.cn/jituan_xxx.html?id=122&positionId=132036324,2026-09-11 15:33:06
航天九院,西安微电子技术研究所,微系统产品硬件设计工程师,信息与通信工程 / 电子科学与技术 / 计算机科学与技术,硕士,1,陕西西安,,2026-08-27,https://www.spacetalent.com.cn/jituan_xxx.html?id=122&positionId=132036325,2026-09-11 15:33:06
航天九院,西安微电子技术研究所,微系统集成供电工艺整合工程师,电子信息 / 电子科学与技术,博士,1,陕西西安,,2026-08-27,https://www.spacetalent.com.cn/jituan_xxx.html?id=122&positionId=132036326,2026-09-11 15:33:06
航天九院,西安微电子技术研究所,测试验证工程师,信息与通信工程 / 电子科学与技术 / 计算机科学与技术,硕士,1,陕西西安,,2026-08-27,https://www.spacetalent.com.cn/jituan_xxx.html?id=122&positionId=132036327,2026-09-11 15:33:06
航天九院,西安微电子技术研究所,FPGA逻辑设计工程师,信息与通信工程 / 电子科学与技术 / 计算机科学与技术,硕士,1,陕西西安,,2026-08-27,https://www.spacetalent.com.cn/jituan_xxx.html?id=122&positionId=132036328,2026-09-11 15:33:06
航天九院,西安微电子技术研究所,晶圆键合设备工程师,仪器科学与技术 / 电子科学与技术 / 电气工程,硕士,1,陕西西安,,2026-08-27,https://www.spacetalent.com.cn/jituan_xxx.html?id=122&positionId=132036329,2026-09-11 15:33:06
航天九院,西安微电子技术研究所,模拟硬件工程师,信息与通信工程 / 电子科学与技术 / 电气工程,硕士,1,陕西西安,,2026-08-27,https://www.spacetalent.com.cn/jituan_xxx.html?id=122&positionId=132036330,2026-09-11 15:33:06
航天九院,西安微电子技术研究所,数字电源硬件工程师,信息与通信工程 / 电子科学与技术 / 电气工程,硕士,1,陕西西安,,2026-08-27,https://www.spacetalent.com.cn/jituan_xxx.html?id=122&positionId=132036331,2026-09-11 15:33:06
航天九院,西安微电子技术研究所,功率电路封装工程师,仪器 / 机械 / 自动化,硕士,1,陕西西安,,2026-08-27,https://www.spacetalent.com.cn/jituan_xxx.html?id=122&positionId=132036332,2026-09-11 15:33:06
航天九院,西安微电子技术研究所,功率电路自动化封装工程师,仪器 / 机械 / 自动化,博士,1,陕西西安,,2026-08-27,https://www.spacetalent.com.cn/jituan_xxx.html?id=122&positionId=132036333,2026-09-11 15:33:06
航天九院,西安微电子技术研究所,硬件工程师,信息与通信工程 / 电子科学与技术 / 计算机科学与技术,硕士,1,陕西西安,,2026-08-27,https://www.spacetalent.com.cn/jituan_xxx.html?id=122&positionId=132036334,2026-09-11 15:33:06
航天九院,西安微电子技术研究所,光电设计工程师,仪器科学与技术 / 光学工程 / 电子科学与技术,硕士,1,陕西西安,,2026-08-27,https://www.spacetalent.com.cn/jituan_xxx.html?id=122&positionId=132036335,2026-09-11 15:33:06
航天九院,西安微电子技术研究所,硬件工程师,控制科学与工程 / 电子科学与技术 / 电气工程,硕士,1,陕西西安,,2026-08-27,https://www.spacetalent.com.cn/jituan_xxx.html?id=122&positionId=132036336,2026-09-11 15:33:06
航天九院,西安微电子技术研究所,软件工程师,信息与通信工程 / 控制科学与工程 / 电子科学与技术,硕士,1,陕西西安,,2026-08-27,https://www.spacetalent.com.cn/jituan_xxx.html?id=122&positionId=132036337,2026-09-11 15:33:06
航天九院,西安微电子技术研究所,硬件测试开发工程师,信息与通信工程 / 电子科学与技术 / 计算机科学与技术,硕士,1,陕西西安,,2026-08-27,https://www.spacetalent.com.cn/jituan_xxx.html?id=122&positionId=132036338,2026-09-11 15:33:06
航天九院,西安微电子技术研究所,数字隔离器集成电路设计工程师,电子科学与技术,硕士,2,陕西西安,,2026-08-27,https://www.spacetalent.com.cn/jituan_xxx.html?id=122&positionId=132036339,2026-09-11 15:33:06
航天九院,西安微电子技术研究所,数字隔离器集成电路设计工程师,电子科学与技术,博士,1,陕西西安,,2026-08-27,https://www.spacetalent.com.cn/jituan_xxx.html?id=122&positionId=132036340,2026-09-11 15:33:06
航天九院,西安微电子技术研究所,模拟集成电路设计工程师,电子科学与技术,博士,1,陕西西安,,2026-08-27,https://www.spacetalent.com.cn/jituan_xxx.html?id=122&positionId=132036341,2026-09-11 15:33:06
航天九院,西安微电子技术研究所,射频集成电路设计工程师,电子科学与技术,硕士,3,陕西西安,,2026-08-27,https://www.spacetalent.com.cn/jituan_xxx.html?id=122&positionId=132036342,2026-09-11 15:33:06
航天九院,西安微电子技术研究所,射频集成电路设计,电子科学与技术,博士,2,陕西西安,,2026-08-27,https://www.spacetalent.com.cn/jituan_xxx.html?id=122&positionId=132036343,2026-09-11 15:33:06
航天九院,西安微电子技术研究所,射频工艺单片集成工艺,电子科学与技术,硕士,3,陕西西安,,2026-08-27,https://www.spacetalent.com.cn/jituan_xxx.html?id=122&positionId=132036344,2026-09-11 15:33:06
航天九院,西安微电子技术研究所,集成电路制造工艺技术,材料科学与工程 / 电子科学与技术,硕士,3,陕西西安,,2026-08-27,https://www.spacetalent.com.cn/jituan_xxx.html?id=122&positionId=132036345,2026-09-11 15:33:06
航天九院,西安微电子技术研究所,模拟集成电路设计工程师,电子科学与技术,硕士,2,陕西西安,,2026-08-27,https://www.spacetalent.com.cn/jituan_xxx.html?id=122&positionId=132036346,2026-09-11 15:33:06
航天九院,西安微电子技术研究所,数模混合信号单片集成工艺,电子科学与技术,硕士,2,陕西西安,,2026-08-27,https://www.spacetalent.com.cn/jituan_xxx.html?id=122&positionId=132036347,2026-09-11 15:33:06
航天九院,西安微电子技术研究所,数字化应用工程师,计算机,硕士,1,陕西西安,,2026-08-27,https://www.spacetalent.com.cn/jituan_xxx.html?id=122&positionId=132036348,2026-09-11 15:33:06
航天九院,西安微电子技术研究所,集成电路制造工艺技术,材料科学与工程 / 电子科学与技术,硕士,3,陕西西安,,2026-08-27,https://www.spacetalent.com.cn/jituan_xxx.html?id=122&positionId=132036349,2026-09-11 15:33:06
航天九院,西安微电子技术研究所,集成电路设备技术,机械,硕士,3,陕西西安,,2026-08-27,https://www.spacetalent.com.cn/jituan_xxx.html?id=122&positionId=132036350,2026-09-11 15:33:06
航天九院,西安微电子技术研究所,设备工程师,仪器 / 机械 / 电气,硕士,1,陕西西安,,2026-08-27,https://www.spacetalent.com.cn/jituan_xxx.html?id=122&positionId=132036351,2026-09-11 15:33:06
航天九院,西安微电子技术研究所,产品工程师,电子信息 / 电子科学与技术,博士,1,陕西西安,,2026-08-27,https://www.spacetalent.com.cn/jituan_xxx.html?id=122&positionId=132036352,2026-09-11 15:33:06
航天九院,西安微电子技术研究所,工艺工程师,电子信息 / 电子科学与技术,硕士,1,陕西西安,,2026-08-27,https://www.spacetalent.com.cn/jituan_xxx.html?id=122&positionId=132036353,2026-09-11 15:33:06
航天九院,西安微电子技术研究所,数字电路前端设计,电子科学与技术 / 计算机科学与技术,博士,1,陕西西安,,2026-08-27,https://www.spacetalent.com.cn/jituan_xxx.html?id=122&positionId=132036354,2026-09-11 15:33:06
航天九院,西安微电子技术研究所,模拟电路工程师,电子科学与技术,博士,2,陕西西安,,2026-08-27,https://www.spacetalent.com.cn/jituan_xxx.html?id=122&positionId=132036355,2026-09-11 15:33:06
航天九院,西安微电子技术研究所,模拟电路工程师,电子科学与技术,硕士,2,陕西西安,,2026-08-27,https://www.spacetalent.com.cn/jituan_xxx.html?id=122&positionId=132036356,2026-09-11 15:33:06
航天九院,西安微电子技术研究所,可测性设计工程师,电子信息 / 电子科学与技术 / 计算机科学与技术,硕士,2,陕西西安,,2026-08-27,https://www.spacetalent.com.cn/jituan_xxx.html?id=122&positionId=132036357,2026-09-11 15:33:06
航天九院,西安微电子技术研究所,人工智能算法工程师,信息与通信工程 / 电子信息 / 计算机科学与技术,博士,1,陕西西安,,2026-08-27,https://www.spacetalent.com.cn/jituan_xxx.html?id=122&positionId=132036358,2026-09-11 15:33:06
航天九院,西安微电子技术研究所,IC验证工程师,电子信息 / 计算机科学与技术,硕士,2,陕西西安,,2026-08-27,https://www.spacetalent.com.cn/jituan_xxx.html?id=122&positionId=132036359,2026-09-11 15:33:06
航天九院,西安微电子技术研究所,数字电路前端设计,电子科学与技术 / 计算机科学与技术,硕士,2,陕西西安,,2026-08-27,https://www.spacetalent.com.cn/jituan_xxx.html?id=122&positionId=132036360,2026-09-11 15:33:06
航天九院,西安微电子技术研究所,后端物理设计实现工程师,电子信息 / 电子科学与技术 / 计算机科学与技术,硕士,2,陕西西安,,2026-08-27,https://www.spacetalent.com.cn/jituan_xxx.html?id=122&positionId=132036361,2026-09-11 15:33:06
航天九院,西安微电子技术研究所,数字电源软件工程师,信息与通信工程 / 电子科学与技术 / 电气工程,硕士,1,陕西西安,,2026-08-27,https://www.spacetalent.com.cn/jituan_xxx.html?id=122&positionId=132036362,2026-09-11 15:33:06
航天九院,西安微电子技术研究所,嵌入式软件开发工程师,电子信息 / 计算机科学与技术 / 软件工程,硕士,1,陕西西安,,2026-08-27,https://www.spacetalent.com.cn/jituan_xxx.html?id=122&positionId=132036363,2026-09-11 15:33:06
航天九院,北京航天控制仪器研究所,电机设计,电气工程,博士,1,北京,,2026-08-27,https://www.spacetalent.com.cn/jituan_xxx.html?id=122&positionId=132036364,2026-09-11 15:33:06
航天九院,北京航天控制仪器研究所,水动力设计,力学 / 船舶与海洋工程,博士,1,北京,,2026-08-27,https://www.spacetalent.com.cn/jituan_xxx.html?id=122&positionId=132036365,2026-09-11 15:33:06
航天九院,北京航天控制仪器研究所,图像算法设计,仪器科学与技术 / 电子信息 / 计算机科学与技术,博士,3,北京,,2026-08-27,https://www.spacetalent.com.cn/jituan_xxx.html?id=122&positionId=132036366,2026-09-11 15:33:06
航天九院,北京航天控制仪器研究所,总体设计,仪器科学与技术 / 物理学,博士,1,北京,,2026-08-27,https://www.spacetalent.com.cn/jituan_xxx.html?id=122&positionId=132036367,2026-09-11 15:33:06
航天九院,北京航天控制仪器研究所,电路设计,光学工程,博士,1,北京,,2026-08-27,https://www.spacetalent.com.cn/jituan_xxx.html?id=122&positionId=132036368,2026-09-11 15:33:06
航天九院,北京航天控制仪器研究所,图像嵌入式驱动及软件开发设计,仪器科学与技术 / 电子信息 / 计算机科学与技术,博士,1,北京,,2026-08-27,https://www.spacetalent.com.cn/jituan_xxx.html?id=122&positionId=132036369,2026-09-11 15:33:06
航天九院,北京航天控制仪器研究所,光学设计,仪器科学与技术 / 光学工程,博士,1,北京,,2026-08-27,https://www.spacetalent.com.cn/jituan_xxx.html?id=122&positionId=132036370,2026-09-11 15:33:06
航天九院,北京航天控制仪器研究所,电路设计,仪器科学与技术 / 控制科学与工程 / 电子信息,博士,1,北京,,2026-08-27,https://www.spacetalent.com.cn/jituan_xxx.html?id=122&positionId=132036371,2026-09-11 15:33:06
航天九院,北京航天控制仪器研究所,电路设计,仪器科学与技术 / 控制科学与工程 / 电子信息,硕士,1,北京,,2026-08-27,https://www.spacetalent.com.cn/jituan_xxx.html?id=122&positionId=132036372,2026-09-11 15:33:06
航天九院,北京航天控制仪器研究所,电路设计,控制科学与工程 / 电子信息 / 电子科学与技术,硕士,1,北京,,2026-08-27,https://www.spacetalent.com.cn/jituan_xxx.html?id=122&positionId=132036373,2026-09-11 15:33:06
航天九院,北京航天控制仪器研究所,控制系统设计,控制科学与工程 / 电气工程,博士,1,北京,,2026-08-27,https://www.spacetalent.com.cn/jituan_xxx.html?id=122&positionId=132036374,2026-09-11 15:33:06
航天九院,北京航天控制仪器研究所,电机设计,电气工程,硕士,1,北京,,2026-08-27,https://www.spacetalent.com.cn/jituan_xxx.html?id=122&positionId=132036375,2026-09-11 15:33:06
航天九院,北京航天控制仪器研究所,控制系统软件设计,控制科学与工程 / 计算机科学与技术 / 软件工程,硕士,1,北京,,2026-08-27,https://www.spacetalent.com.cn/jituan_xxx.html?id=122&positionId=132036376,2026-09-11 15:33:06
航天九院,北京航天控制仪器研究所,电路设计,控制科学与工程 / 电气工程,博士,1,北京,,2026-08-27,https://www.spacetalent.com.cn/jituan_xxx.html?id=122&positionId=132036377,2026-09-11 15:33:06
航天九院,北京航天控制仪器研究所,多源自主导航系统设计,仪器科学与技术 / 信息与通信工程 / 控制科学与工程,硕士,1,北京,,2026-08-27,https://www.spacetalent.com.cn/jituan_xxx.html?id=122&positionId=132036378,2026-09-11 15:33:06
航天九院,北京航天控制仪器研究所,算法设计,控制科学与工程 / 电子信息 / 航空航天,博士,1,北京,,2026-08-27,https://www.spacetalent.com.cn/jituan_xxx.html?id=122&positionId=132036379,2026-09-11 15:33:06
航天九院,北京航天控制仪器研究所,电路设计,仪器科学与技术 / 电子科学与技术,博士,1,北京,,2026-08-27,https://www.spacetalent.com.cn/jituan_xxx.html?id=122&positionId=132036380,2026-09-11 15:33:06
航天九院,北京航天控制仪器研究所,总体设计,控制科学与工程,硕士,1,北京,,2026-08-27,https://www.spacetalent.com.cn/jituan_xxx.html?id=122&positionId=132036381,2026-09-11 15:33:06
航天九院,北京航天控制仪器研究所,电路设计,控制科学与工程 / 电子信息 / 电子科学与技术,硕士,1,北京,,2026-08-27,https://www.spacetalent.com.cn/jituan_xxx.html?id=122&positionId=132036382,2026-09-11 15:33:06
航天九院,西安航天精密机电研究所,设计,仪器科学与技术,硕士,2,陕西西安,,2026-08-27,https://www.spacetalent.com.cn/jituan_xxx.html?id=122&positionId=132036383,2026-09-11 15:33:06
航天九院,西安航天精密机电研究所,设计,计算机科学与技术 / 软件工程,硕士及以上,1,陕西西安,,2026-08-27,https://www.spacetalent.com.cn/jituan_xxx.html?id=122&positionId=132036384,2026-09-11 15:33:06
航天九院,西安航天精密机电研究所,设计,自动化,硕士及以上,1,陕西西安,,2026-08-27,https://www.spacetalent.com.cn/jituan_xxx.html?id=122&positionId=132036385,2026-09-11 15:33:06
航天九院,西安航天精密机电研究所,设计,仪器科学与技术,硕士,2,陕西西安,,2026-08-27,https://www.spacetalent.com.cn/jituan_xxx.html?id=122&positionId=132036386,2026-09-11 15:33:06
航天九院,西安航天精密机电研究所,设计,仪器科学与技术,硕士,1,陕西西安,,2026-08-27,https://www.spacetalent.com.cn/jituan_xxx.html?id=122&positionId=132036387,2026-09-11 15:33:06
航天九院,西安航天精密机电研究所,设计,控制科学与工程 / 自动化,硕士及以上,1,陕西西安,,2026-08-27,https://www.spacetalent.com.cn/jituan_xxx.html?id=122&positionId=132036388,2026-09-11 15:33:06
航天九院,中国时代远望科技有限公司,总账管理,财务会计,硕士,1,北京,,2026-08-27,https://www.spacetalent.com.cn/jituan_xxx.html?id=122&positionId=132036389,2026-09-11 15:33:06
航天九院,中国时代远望科技有限公司,法务专员,法学,硕士,1,北京,,2026-08-27,https://www.spacetalent.com.cn/jituan_xxx.html?id=122&positionId=132036390,2026-09-11 15:33:06
航天九院,中国时代远望科技有限公司,算法工程师,控制科学与工程 / 自动化 / 计算机科学与技术,硕士及以上,1,北京,,2026-08-27,https://www.spacetalent.com.cn/jituan_xxx.html?id=122&positionId=132036391,2026-09-11 15:33:06
航天九院,中国时代远望科技有限公司,嵌入式开发工程师,电子信息 / 自动化 / 计算机,硕士及以上,1,北京,,2026-08-27,https://www.spacetalent.com.cn/jituan_xxx.html?id=122&positionId=132036392,2026-09-11 15:33:06
航天九院,北京航天光华电子技术有限公司,设计师,机械 / 材料 / 电子科学与技术,硕士及以上,2,北京,,2026-08-27,https://www.spacetalent.com.cn/jituan_xxx.html?id=122&positionId=132036393,2026-09-11 15:33:06
航天九院,北京航天光华电子技术有限公司,设计师,信息与通信工程 / 电子信息 / 电子科学与技术,硕士及以上,1,北京,,2026-08-27,https://www.spacetalent.com.cn/jituan_xxx.html?id=122&positionId=132036394,2026-09-11 15:33:06
航天九院,北京航天光华电子技术有限公司,设计师,机械 / 电子信息 / 电气,硕士及以上,3,北京,,2026-08-27,https://www.spacetalent.com.cn/jituan_xxx.html?id=122&positionId=132036395,2026-09-11 15:33:06
航天九院,北京航天光华电子技术有限公司,综合管理员（财金、审计、人力）,工商管理 / 管理科学与工程 / 经济学,硕士及以上,2,北京,,2026-08-27,https://www.spacetalent.com.cn/jituan_xxx.html?id=122&positionId=132036396,2026-09-11 15:33:06
航天九院,九院九部,研发设计岗,电子信息 / 计算机科学与技术 / 软件工程,硕士,2,北京,,2026-08-27,https://www.spacetalent.com.cn/jituan_xxx.html?id=122&positionId=132036397,2026-09-11 15:33:06
航天九院,九院九部,研发设计岗,电子科学与技术 / 电气工程 / 电气,硕士,1,北京,,2026-08-27,https://www.spacetalent.com.cn/jituan_xxx.html?id=122&positionId=132036398,2026-09-11 15:33:06
航天九院,九院九部,研发设计岗,控制科学与工程 / 航空航天 / 计算机科学与技术,硕士,1,陕西西安,,2026-08-27,https://www.spacetalent.com.cn/jituan_xxx.html?id=122&positionId=132036399,2026-09-11 15:33:06
航天九院,九院九部,研发设计岗,军队指挥学 / 控制科学与工程 / 电子信息,博士,1,北京,,2026-08-27,https://www.spacetalent.com.cn/jituan_xxx.html?id=122&positionId=132036400,2026-09-11 15:33:06
航天九院,九院九部,研发设计岗,兵器科学与技术 / 航空宇航科学与技术 / 航空航天,硕士,1,北京,,2026-08-27,https://www.spacetalent.com.cn/jituan_xxx.html?id=122&positionId=132036401,2026-09-11 15:33:06
航天九院,九院九部,研发设计岗,兵器 / 控制科学与工程 / 航空航天,硕士及以上,1,北京,,2026-08-27,https://www.spacetalent.com.cn/jituan_xxx.html?id=122&positionId=132036402,2026-09-11 15:33:06
航天九院,九院九部,研发设计岗,信息与通信工程 / 机械 / 计算机,硕士,1,北京,,2026-08-27,https://www.spacetalent.com.cn/jituan_xxx.html?id=122&positionId=132036403,2026-09-11 15:33:06
航天九院,九院九部,研发设计岗,控制科学与工程 / 机械 / 电气,硕士,2,北京,,2026-08-27,https://www.spacetalent.com.cn/jituan_xxx.html?id=122&positionId=132036404,2026-09-11 15:33:06
航天九院,九院九部,研发设计岗,信息与通信工程 / 电子科学与技术 / 计算机科学与技术,硕士,2,北京,,2026-08-27,https://www.spacetalent.com.cn/jituan_xxx.html?id=122&positionId=132036405,2026-09-11 15:33:06
航天九院,九院九部,研发设计岗,信息与通信工程 / 电子科学与技术 / 计算机科学与技术,硕士,3,北京,,2026-08-27,https://www.spacetalent.com.cn/jituan_xxx.html?id=122&positionId=132036406,2026-09-11 15:33:06
航天九院,九院九部,研发设计岗,控制科学与工程 / 航空宇航科学与技术 / 计算机科学与技术,博士,1,北京,,2026-08-27,https://www.spacetalent.com.cn/jituan_xxx.html?id=122&positionId=132036407,2026-09-11 15:33:06
航天九院,九院九部,研发设计岗,兵器科学与技术 / 控制科学与工程 / 计算机科学与技术,博士,1,北京,,2026-08-27,https://www.spacetalent.com.cn/jituan_xxx.html?id=122&positionId=132036408,2026-09-11 15:33:06
航天九院,九院九部,研发设计岗,信息与通信工程 / 控制科学与工程 / 电子科学与技术,硕士,1,北京,,2026-08-27,https://www.spacetalent.com.cn/jituan_xxx.html?id=122&positionId=132036409,2026-09-11 15:33:06
航天九院,九院九部,研发设计岗,控制科学与工程 / 电子信息 / 自动化,硕士,1,北京,,2026-08-27,https://www.spacetalent.com.cn/jituan_xxx.html?id=122&positionId=132036410,2026-09-11 15:33:06
航天九院,九院九部,研发设计岗,机械工程 / 材料科学与工程 / 能源动力,硕士,2,江苏昆山,,2026-08-27,https://www.spacetalent.com.cn/jituan_xxx.html?id=122&positionId=132036411,2026-09-11 15:33:06
航天九院,九院九部,研发设计岗,军队指挥学 / 控制科学与工程 / 电子信息,硕士,2,北京,,2026-08-27,https://www.spacetalent.com.cn/jituan_xxx.html?id=122&positionId=132036412,2026-09-11 15:33:06
航天九院,九院九部,研发设计岗,数学 / 计算机科学与技术 / 软件工程,硕士,1,北京,,2026-08-27,https://www.spacetalent.com.cn/jituan_xxx.html?id=122&positionId=132036413,2026-09-11 15:33:06
航天九院,九院九部,研发设计岗,控制科学与工程 / 计算机 / 软件工程,硕士,3,北京,,2026-08-27,https://www.spacetalent.com.cn/jituan_xxx.html?id=122&positionId=132036414,2026-09-11 15:33:06
航天九院,九院九部,研发设计岗,信息与通信工程 / 电子科学与技术 / 软件工程,硕士,2,北京,,2026-08-27,https://www.spacetalent.com.cn/jituan_xxx.html?id=122&positionId=132036415,2026-09-11 15:33:06
航天九院,九院九部,研发设计岗,控制科学与工程 / 计算机 / 软件工程,硕士,2,北京,,2026-08-27,https://www.spacetalent.com.cn/jituan_xxx.html?id=122&positionId=132036416,2026-09-11 15:33:06
航天九院,九院九部,研发设计岗,地理学 / 控制科学与工程 / 软件工程,博士,1,北京,,2026-08-27,https://www.spacetalent.com.cn/jituan_xxx.html?id=122&positionId=132036417,2026-09-11 15:33:06
航天九院,九院九部,研发设计岗,控制科学与工程 / 计算机 / 软件工程,硕士,1,北京,,2026-08-27,https://www.spacetalent.com.cn/jituan_xxx.html?id=122&positionId=132036418,2026-09-11 15:33:06
航天九院,九院九部,研发设计岗,控制科学与工程 / 数学 / 软件工程,硕士,1,北京,,2026-08-27,https://www.spacetalent.com.cn/jituan_xxx.html?id=122&positionId=132036419,2026-09-11 15:33:06
航天九院,九院九部,研发设计岗,电子科学与技术 / 电气工程 / 电气,硕士,1,北京,,2026-08-27,https://www.spacetalent.com.cn/jituan_xxx.html?id=122&positionId=132036420,2026-09-11 15:33:06
航天九院,九院九部,研发设计岗,控制科学与工程 / 航空宇航科学与技术 / 软件工程,硕士,1,北京,,2026-08-27,https://www.spacetalent.com.cn/jituan_xxx.html?id=122&positionId=132036421,2026-09-11 15:33:06
航天九院,九院九部,研发设计岗,控制科学与工程 / 电子科学与技术 / 自动化,硕士,1,北京,,2026-08-27,https://www.spacetalent.com.cn/jituan_xxx.html?id=122&positionId=132036422,2026-09-11 15:33:06
航天九院,九院九部,研发设计岗,电子科学与技术 / 计算机 / 软件工程,硕士,2,北京,,2026-08-27,https://www.spacetalent.com.cn/jituan_xxx.html?id=122&positionId=132036423,2026-09-11 15:33:06
航天九院,航天物联网技术有限公司,总体设计师,电子信息 / 自动化 / 计算机,硕士及以上,1,北京,,2026-08-27,https://www.spacetalent.com.cn/jituan_xxx.html?id=122&positionId=132036424,2026-09-11 15:33:06
航天九院,航天物联网技术有限公司,开发测试工程师,信息与通信工程 / 电子信息 / 计算机,硕士,1,北京,,2026-08-27,https://www.spacetalent.com.cn/jituan_xxx.html?id=122&positionId=132036425,2026-09-11 15:33:06
航天九院,航天物联网技术有限公司,软件开发工程师,信息与通信工程 / 电子科学与技术 / 计算机,硕士,2,北京,,2026-08-27,https://www.spacetalent.com.cn/jituan_xxx.html?id=122&positionId=132036426,2026-09-11 15:33:06
航天九院,航天物联网技术有限公司,系统架构设计,信息与通信工程 / 电子信息 / 计算机,硕士,1,北京,,2026-08-27,https://www.spacetalent.com.cn/jituan_xxx.html?id=122&positionId=132036427,2026-09-11 15:33:06
航天九院,航天物联网技术有限公司,系统设计与开发,信息与通信工程 / 电子信息 / 计算机,硕士,1,北京,,2026-08-27,https://www.spacetalent.com.cn/jituan_xxx.html?id=122&positionId=132036428,2026-09-11 15:33:06
航天九院,航天物联网技术有限公司,集成工程师,电子信息 / 电气 / 计算机,硕士及以上,1,北京,,2026-08-27,https://www.spacetalent.com.cn/jituan_xxx.html?id=122&positionId=132036429,2026-09-11 15:33:06
航天九院,航天物联网技术有限公司,大模型应用开发工程师,控制科学与工程 / 电子科学与技术 / 计算机,硕士及以上,1,北京,,2026-08-27,https://www.spacetalent.com.cn/jituan_xxx.html?id=122&positionId=132036430,2026-09-11 15:33:06
航天九院,航天物联网技术有限公司,数据开发工程师,控制科学与工程 / 电子科学与技术 / 计算机,硕士及以上,1,北京,,2026-08-27,https://www.spacetalent.com.cn/jituan_xxx.html?id=122&positionId=132036431,2026-09-11 15:33:06
航天九院,航天物联网技术有限公司,云解决方案架构师,信息与通信工程 / 电子信息 / 计算机,硕士,1,北京,,2026-08-27,https://www.spacetalent.com.cn/jituan_xxx.html?id=122&positionId=132036432,2026-09-11 15:33:06
航天九院,北京航天控制仪器研究所,光学设计员,仪器科学与技术 / 光学工程 / 物理学,硕士及以上,1,北京,,2026-08-27,https://www.spacetalent.com.cn/jituan_xxx.html?id=122&positionId=132036433,2026-09-11 15:33:06
航天九院,北京航天控制仪器研究所,软件设计员,计算机科学与技术 / 计算机 / 软件工程,硕士及以上,2,北京,,2026-08-27,https://www.spacetalent.com.cn/jituan_xxx.html?id=122&positionId=132036434,2026-09-11 15:33:06
航天九院,北京航天控制仪器研究所,总体设计员,控制科学与工程 / 电子科学与技术 / 自动化,硕士及以上,1,北京,,2026-08-27,https://www.spacetalent.com.cn/jituan_xxx.html?id=122&positionId=132036435,2026-09-11 15:33:06
航天九院,北京航天控制仪器研究所,陀螺工艺员,控制科学与工程 / 机械 / 电子信息,硕士及以上,1,北京,,2026-08-27,https://www.spacetalent.com.cn/jituan_xxx.html?id=122&positionId=132036436,2026-09-11 15:33:06
航天九院,北京航天控制仪器研究所,总体设计员,控制科学与工程 / 电子信息 / 自动化,硕士及以上,1,北京,,2026-08-27,https://www.spacetalent.com.cn/jituan_xxx.html?id=122&positionId=132036437,2026-09-11 15:33:06
航天九院,北京航天控制仪器研究所,总体设计员,仪器科学与技术 / 控制科学与工程 / 航空航天,硕士及以上,1,北京,,2026-08-27,https://www.spacetalent.com.cn/jituan_xxx.html?id=122&positionId=132036438,2026-09-11 15:33:06
航天九院,北京航天控制仪器研究所,软件设计员,电子信息 / 自动化 / 计算机,硕士及以上,1,北京,,2026-08-27,https://www.spacetalent.com.cn/jituan_xxx.html?id=122&positionId=132036439,2026-09-11 15:33:06
航天九院,北京航天控制仪器研究所,软件设计员,仪器科学与技术 / 自动化 / 计算机,硕士及以上,1,北京,,2026-08-27,https://www.spacetalent.com.cn/jituan_xxx.html?id=122&positionId=132036440,2026-09-11 15:33:06
航天九院,北京航天控制仪器研究所,总计设计,光学工程 / 控制科学与工程 / 电子科学与技术,硕士及以上,1,北京,,2026-08-27,https://www.spacetalent.com.cn/jituan_xxx.html?id=122&positionId=132036441,2026-09-11 15:33:06
航天九院,北京航天控制仪器研究所,工艺技术,仪器科学与技术 / 光学工程 / 电子科学与技术,硕士及以上,1,北京,,2026-08-27,https://www.spacetalent.com.cn/jituan_xxx.html?id=122&positionId=132036442,2026-09-11 15:33:06
航天九院,北京航天控制仪器研究所,结构设计,信息与通信工程 / 机械工程 / 电子科学与技术,硕士及以上,1,北京,,2026-08-27,https://www.spacetalent.com.cn/jituan_xxx.html?id=122&positionId=132036443,2026-09-11 15:33:06
航天九院,北京航天控制仪器研究所,电路设计,控制科学与工程 / 电子信息 / 电子科学与技术,硕士及以上,1,北京,,2026-08-27,https://www.spacetalent.com.cn/jituan_xxx.html?id=122&positionId=132036444,2026-09-11 15:33:06
航天九院,北京航天控制仪器研究所,总体设计,控制科学与工程 / 电子信息 / 电子科学与技术,硕士及以上,1,北京,,2026-08-27,https://www.spacetalent.com.cn/jituan_xxx.html?id=122&positionId=132036445,2026-09-11 15:33:06
航天九院,北京航天控制仪器研究所,总体设计,仪器科学与技术 / 控制科学与工程 / 电子科学与技术,硕士及以上,1,北京,,2026-08-27,https://www.spacetalent.com.cn/jituan_xxx.html?id=122&positionId=132036446,2026-09-11 15:33:06
航天九院,北京航天控制仪器研究所,电路设计,仪器科学与技术 / 控制科学与工程 / 电子科学与技术,硕士及以上,1,北京,,2026-08-27,https://www.spacetalent.com.cn/jituan_xxx.html?id=122&positionId=132036447,2026-09-11 15:33:06
航天九院,北京航天控制仪器研究所,光电子器件设计,机械工程 / 电子信息 / 电子科学与技术,硕士及以上,1,北京,,2026-08-27,https://www.spacetalent.com.cn/jituan_xxx.html?id=122&positionId=132036448,2026-09-11 15:33:06
航天九院,北京航天控制仪器研究所,总体设计,仪器科学与技术 / 控制科学与工程 / 自动化,硕士及以上,1,北京,,2026-08-27,https://www.spacetalent.com.cn/jituan_xxx.html?id=122&positionId=132036449,2026-09-11 15:33:06
航天九院,北京航天控制仪器研究所,总体设计,信息与通信工程 / 光学工程 / 电子信息,硕士及以上,1,北京,,2026-08-27,https://www.spacetalent.com.cn/jituan_xxx.html?id=122&positionId=132036450,2026-09-11 15:33:06
航天九院,北京遥测技术研究所,结算管理,工商管理 / 统计 / 财务会计,硕士,1,北京,,2026-08-27,https://www.spacetalent.com.cn/jituan_xxx.html?id=122&positionId=132036451,2026-09-11 15:33:06
航天九院,北京遥测技术研究所,费用核算,工商管理 / 经济学 / 财务会计,硕士,1,北京,,2026-08-27,https://www.spacetalent.com.cn/jituan_xxx.html?id=122&positionId=132036452,2026-09-11 15:33:06
航天九院,北京遥测技术研究所,人力资源规划,公共管理 / 工商管理,硕士,1,北京,,2026-08-27,https://www.spacetalent.com.cn/jituan_xxx.html?id=122&positionId=132036453,2026-09-11 15:33:06
航天九院,北京遥测技术研究所,FPGA逻辑设计,控制科学与工程 / 电子信息 / 电子科学与技术,硕士,2,北京,,2026-08-27,https://www.spacetalent.com.cn/jituan_xxx.html?id=122&positionId=132036454,2026-09-11 15:33:06
航天九院,北京遥测技术研究所,硬件设计,仪器科学与技术 / 信息与通信工程 / 计算机,硕士,1,北京,,2026-08-27,https://www.spacetalent.com.cn/jituan_xxx.html?id=122&positionId=132036455,2026-09-11 15:33:06
航天九院,北京遥测技术研究所,软件设计,信息与通信工程 / 软件工程,硕士,2,北京,,2026-08-27,https://www.spacetalent.com.cn/jituan_xxx.html?id=122&positionId=132036456,2026-09-11 15:33:06
航天九院,北京遥测技术研究所,软件设计,信息与通信工程 / 控制科学与工程 / 电子信息,硕士,2,北京,,2026-08-27,https://www.spacetalent.com.cn/jituan_xxx.html?id=122&positionId=132036457,2026-09-11 15:33:06
航天九院,北京遥测技术研究所,嵌入式软件设计,信息与通信工程 / 电子信息 / 计算机,硕士,1,北京,,2026-08-27,https://www.spacetalent.com.cn/jituan_xxx.html?id=122&positionId=132036458,2026-09-11 15:33:06
航天九院,北京遥测技术研究所,总体设计,仪器科学与技术 / 信息与通信工程 / 电子科学与技术,硕士,1,北京,,2026-08-27,https://www.spacetalent.com.cn/jituan_xxx.html?id=122&positionId=132036459,2026-09-11 15:33:06
航天九院,北京遥测技术研究所,雷达系统总体设计,信息与通信工程 / 物理学 / 计算机科学与技术,博士,1,北京,,2026-08-27,https://www.spacetalent.com.cn/jituan_xxx.html?id=122&positionId=132036460,2026-09-11 15:33:06
航天九院,北京遥测技术研究所,硬件设计,信息与通信工程 / 电子科学与技术,硕士,4,北京,,2026-08-27,https://www.spacetalent.com.cn/jituan_xxx.html?id=122&positionId=132036461,2026-09-11 15:33:06
航天九院,北京遥测技术研究所,雷达系统总体设计,信息与通信工程 / 电子科学与技术 / 计算机科学与技术,硕士,1,北京,,2026-08-27,https://www.spacetalent.com.cn/jituan_xxx.html?id=122&positionId=132036462,2026-09-11 15:33:06
航天九院,北京遥测技术研究所,雷达系统总体设计,信息与通信工程 / 控制科学与工程 / 航空宇航科学与技术,博士,2,北京,,2026-08-27,https://www.spacetalent.com.cn/jituan_xxx.html?id=122&positionId=132036463,2026-09-11 15:33:06
航天九院,北京遥测技术研究所,雷达信号处理,数学 / 电子信息 / 计算机科学与技术,博士,1,北京,,2026-08-27,https://www.spacetalent.com.cn/jituan_xxx.html?id=122&positionId=132036464,2026-09-11 15:33:06
航天九院,北京遥测技术研究所,射频电路设计,机械 / 电子信息 / 电子科学与技术,硕士,1,北京,,2026-08-27,https://www.spacetalent.com.cn/jituan_xxx.html?id=122&positionId=132036465,2026-09-11 15:33:06
航天九院,北京遥测技术研究所,基带软件工程师,电子信息 / 计算机 / 软件工程,硕士,1,北京,,2026-08-27,https://www.spacetalent.com.cn/jituan_xxx.html?id=122&positionId=132036466,2026-09-11 15:33:06
航天九院,北京遥测技术研究所,总体设计,控制科学与工程 / 电子信息 / 软件工程,博士,1,北京,,2026-08-27,https://www.spacetalent.com.cn/jituan_xxx.html?id=122&positionId=132036467,2026-09-11 15:33:06
航天九院,北京遥测技术研究所,总体设计,信息与通信工程 / 控制科学与工程 / 计算机科学与技术,硕士,2,北京,,2026-08-27,https://www.spacetalent.com.cn/jituan_xxx.html?id=122&positionId=132036468,2026-09-11 15:33:06
航天九院,北京遥测技术研究所,无线通信研发,控制科学与工程 / 电子信息 / 计算机科学与技术,硕士,1,北京,,2026-08-27,https://www.spacetalent.com.cn/jituan_xxx.html?id=122&positionId=132036469,2026-09-11 15:33:06
航天九院,北京遥测技术研究所,智能网络研究,信息与通信工程 / 电子信息 / 计算机,博士,3,北京,,2026-08-27,https://www.spacetalent.com.cn/jituan_xxx.html?id=122&positionId=132036470,2026-09-11 15:33:06
航天九院,北京遥测技术研究所,激光研发设计,信息与通信工程 / 光学工程 / 电子科学与技术,硕士,1,北京,,2026-08-27,https://www.spacetalent.com.cn/jituan_xxx.html?id=122&positionId=132036471,2026-09-11 15:33:06
航天九院,北京遥测技术研究所,激光通信产品光学设计,仪器科学与技术 / 光学工程 / 电子信息,博士,1,北京,,2026-08-27,https://www.spacetalent.com.cn/jituan_xxx.html?id=122&positionId=132036472,2026-09-11 15:33:06
航天九院,北京遥测技术研究所,激光通信产品光学设计,信息与通信工程 / 光学工程 / 电子信息,硕士,2,北京,,2026-08-27,https://www.spacetalent.com.cn/jituan_xxx.html?id=122&positionId=132036473,2026-09-11 15:33:06
航天九院,北京遥测技术研究所,激光通信产品总体设计,信息与通信工程 / 光学工程 / 电子信息,博士,1,北京,,2026-08-27,https://www.spacetalent.com.cn/jituan_xxx.html?id=122&positionId=132036474,2026-09-11 15:33:06
航天九院,北京遥测技术研究所,激光通信产品总体设计,信息与通信工程 / 光学工程 / 电子信息,硕士,1,北京,,2026-08-27,https://www.spacetalent.com.cn/jituan_xxx.html?id=122&positionId=132036475,2026-09-11 15:33:06
航天九院,北京遥测技术研究所,激光通信产品结构设计,仪器科学与技术 / 机械工程 / 物理学,硕士,1,北京,,2026-08-27,https://www.spacetalent.com.cn/jituan_xxx.html?id=122&positionId=132036476,2026-09-11 15:33:06
航天九院,北京遥测技术研究所,硬件设计,信息与通信工程 / 控制科学与工程 / 电子信息,硕士,3,北京,,2026-08-27,https://www.spacetalent.com.cn/jituan_xxx.html?id=122&positionId=132036477,2026-09-11 15:33:06
航天九院,北京遥测技术研究所,系统总体设计,信息与通信工程 / 控制科学与工程 / 电子科学与技术,博士,3,北京,,2026-08-27,https://www.spacetalent.com.cn/jituan_xxx.html?id=122&positionId=132036478,2026-09-11 15:33:06
航天九院,北京遥测技术研究所,系统总体设计,信息与通信工程 / 控制科学与工程 / 电子科学与技术,硕士,5,北京,,2026-08-27,https://www.spacetalent.com.cn/jituan_xxx.html?id=122&positionId=132036479,2026-09-11 15:33:06
航天九院,北京遥测技术研究所,路由组网工程师,电子信息 / 电子科学与技术 / 计算机,硕士,2,北京,,2026-08-27,https://www.spacetalent.com.cn/jituan_xxx.html?id=122&positionId=132036480,2026-09-11 15:33:06
航天九院,北京遥测技术研究所,软件设计,仪器科学与技术 / 信息与通信工程 / 软件工程,硕士,2,北京,,2026-08-27,https://www.spacetalent.com.cn/jituan_xxx.html?id=122&positionId=132036481,2026-09-11 15:33:06
航天九院,北京遥测技术研究所,通信算法FPGA工程师（激光、微波）,信息与通信工程 / 电子信息 / 计算机,硕士,3,北京,,2026-08-27,https://www.spacetalent.com.cn/jituan_xxx.html?id=122&positionId=132036482,2026-09-11 15:33:06
航天九院,北京遥测技术研究所,抗干扰设计,信息与通信工程 / 机械工程 / 测绘科学与技术,硕士,1,北京,,2026-08-27,https://www.spacetalent.com.cn/jituan_xxx.html?id=122&positionId=132036483,2026-09-11 15:33:06
航天九院,北京遥测技术研究所,卫星导航信号处理,控制科学与工程 / 测绘科学与技术 / 电子信息,博士,1,北京,,2026-08-27,https://www.spacetalent.com.cn/jituan_xxx.html?id=122&positionId=132036484,2026-09-11 15:33:06
航天九院,北京遥测技术研究所,软件设计,仪器科学与技术 / 测绘科学与技术 / 电子信息,硕士,1,北京,,2026-08-27,https://www.spacetalent.com.cn/jituan_xxx.html?id=122&positionId=132036485,2026-09-11 15:33:06
航天九院,北京遥测技术研究所,传感器总体设计,信息与通信工程 / 光学工程 / 控制科学与工程,博士,1,北京,,2026-08-27,https://www.spacetalent.com.cn/jituan_xxx.html?id=122&positionId=132036486,2026-09-11 15:33:06
航天九院,北京遥测技术研究所,传感器光学设计,仪器科学与技术 / 信息与通信工程 / 光学工程,硕士,1,北京,,2026-08-27,https://www.spacetalent.com.cn/jituan_xxx.html?id=122&positionId=132036487,2026-09-11 15:33:06
航天九院,北京遥测技术研究所,无线传感技术研究,兵器科学与技术 / 电子信息 / 电子科学与技术,博士,1,北京,,2026-08-27,https://www.spacetalent.com.cn/jituan_xxx.html?id=122&positionId=132036488,2026-09-11 15:33:06
航天九院,北京遥测技术研究所,MEMS工艺研发,仪器科学与技术 / 机械 / 材料,硕士,1,北京,,2026-08-27,https://www.spacetalent.com.cn/jituan_xxx.html?id=122&positionId=132036489,2026-09-11 15:33:06
航天九院,北京遥测技术研究所,传感器总体设计,仪器科学与技术 / 兵器科学与技术 / 电子信息,硕士,1,北京,,2026-08-27,https://www.spacetalent.com.cn/jituan_xxx.html?id=122&positionId=132036490,2026-09-11 15:33:06
航天九院,北京遥测技术研究所,传感器ASIC电路设计,控制科学与工程 / 材料 / 电子信息,硕士,1,北京,,2026-08-27,https://www.spacetalent.com.cn/jituan_xxx.html?id=122&positionId=132036491,2026-09-11 15:33:06
航天九院,北京遥测技术研究所,射频微系统工艺设计,机械 / 材料科学与工程 / 电子科学与技术,硕士,1,北京,,2026-08-27,https://www.spacetalent.com.cn/jituan_xxx.html?id=122&positionId=132036492,2026-09-11 15:33:06
航天九院,北京遥测技术研究所,微系统设计,控制科学与工程 / 电子信息 / 电子科学与技术,博士,1,北京,,2026-08-27,https://www.spacetalent.com.cn/jituan_xxx.html?id=122&positionId=132036493,2026-09-11 15:33:06
航天九院,北京遥测技术研究所,算法设计,数学 / 计算机,博士,1,北京,,2026-08-27,https://www.spacetalent.com.cn/jituan_xxx.html?id=122&positionId=132036494,2026-09-11 15:33:06
航天九院,北京遥测技术研究所,总体设计,信息与通信工程 / 电子科学与技术 / 计算机科学与技术,博士,1,北京,,2026-08-27,https://www.spacetalent.com.cn/jituan_xxx.html?id=122&positionId=132036495,2026-09-11 15:33:06
航天九院,北京遥测技术研究所,硬件设计,控制科学与工程 / 电子科学与技术 / 网络空间安全,硕士,1,北京,,2026-08-27,https://www.spacetalent.com.cn/jituan_xxx.html?id=122&positionId=132036496,2026-09-11 15:33:06
航天九院,北京遥测技术研究所,算法设计,数学 / 电子信息 / 计算机科学与技术,硕士,1,北京,,2026-08-27,https://www.spacetalent.com.cn/jituan_xxx.html?id=122&positionId=132036497,2026-09-11 15:33:06
航天九院,北京遥测技术研究所,软件设计,仪器科学与技术 / 数学 / 软件工程,硕士,1,北京,,2026-08-27,https://www.spacetalent.com.cn/jituan_xxx.html?id=122&positionId=132036498,2026-09-11 15:33:06
航天九院,北京遥测技术研究所,天线设计,动力工程及工程热物理 / 机械 / 电子科学与技术,硕士,1,北京,,2026-08-27,https://www.spacetalent.com.cn/jituan_xxx.html?id=122&positionId=132036499,2026-09-11 15:33:06
航天九院,北京遥测技术研究所,天线设计,仪器科学与技术 / 电子信息 / 电子科学与技术,硕士,1,北京,,2026-08-27,https://www.spacetalent.com.cn/jituan_xxx.html?id=122&positionId=132036500,2026-09-11 15:33:06
航天九院,北京遥测技术研究所,雷达数据Ai智能运算,大气科学 / 海洋科学 / 电子信息,博士,1,北京,,2026-08-27,https://www.spacetalent.com.cn/jituan_xxx.html?id=122&positionId=132036501,2026-09-11 15:33:06
航天九院,北京遥测技术研究所,雷达总体设计,大气科学 / 海洋科学 / 电子信息,硕士,1,北京,,2026-08-27,https://www.spacetalent.com.cn/jituan_xxx.html?id=122&positionId=132036502,2026-09-11 15:33:06
航天九院,北京遥测技术研究所,先进光学系统总体设计,仪器科学与技术 / 光学工程 / 物理学,博士,1,北京,,2026-08-27,https://www.spacetalent.com.cn/jituan_xxx.html?id=122&positionId=132036503,2026-09-11 15:33:06
航天九院,北京遥测技术研究所,雷达信号处理,数学 / 电子信息 / 计算机科学与技术,硕士,2,北京,,2026-08-27,https://www.spacetalent.com.cn/jituan_xxx.html?id=122&positionId=132036504,2026-09-11 15:33:06
航天九院,北京微电子技术研究所,NPU硬件开发工程师,信息与通信工程 / 电子信息 / 计算机,硕士,5,北京,,2026-08-27,https://www.spacetalent.com.cn/jituan_xxx.html?id=122&positionId=132036505,2026-09-11 15:33:06
航天九院,北京微电子技术研究所,芯粒集成研发工程师,材料 / 电子信息 / 电子科学与技术,博士,1,北京,,2026-08-27,https://www.spacetalent.com.cn/jituan_xxx.html?id=122&positionId=132036506,2026-09-11 15:33:06
航天九院,北京微电子技术研究所,车规级芯片研发工程师,控制科学与工程 / 电子信息 / 电子科学与技术,硕士,2,北京,,2026-08-27,https://www.spacetalent.com.cn/jituan_xxx.html?id=122&positionId=132036507,2026-09-11 15:33:06
航天九院,北京微电子技术研究所,高速转换器测试工程师,信息与通信工程 / 电子信息 / 电子科学与技术,硕士,1,北京,,2026-08-27,https://www.spacetalent.com.cn/jituan_xxx.html?id=122&positionId=132036508,2026-09-11 15:33:06
航天九院,北京微电子技术研究所,智能感知算法工程师,信息与通信工程 / 电子信息 / 计算机,硕士,1,北京,,2026-08-27,https://www.spacetalent.com.cn/jituan_xxx.html?id=122&positionId=132036509,2026-09-11 15:33:06
航天九院,北京微电子技术研究所,信号处理数字IC设计岗,信息与通信工程 / 电子信息 / 电子科学与技术,硕士,2,北京,,2026-08-27,https://www.spacetalent.com.cn/jituan_xxx.html?id=122&positionId=132036510,2026-09-11 15:33:06
航天九院,北京微电子技术研究所,SDR软件开发工程师,电子信息 / 电子科学与技术 / 计算机,硕士,1,北京,,2026-08-27,https://www.spacetalent.com.cn/jituan_xxx.html?id=122&positionId=132036511,2026-09-11 15:33:06
航天九院,北京微电子技术研究所,射频微波电路测试工程师,仪器科学与技术 / 电子信息 / 电子科学与技术,硕士,1,北京,,2026-08-27,https://www.spacetalent.com.cn/jituan_xxx.html?id=122&positionId=132036512,2026-09-11 15:33:06
航天九院,北京微电子技术研究所,FPGA AI编译与工具链研发工程师,电子信息 / 电子科学与技术 / 计算机,博士,1,北京,,2026-08-27,https://www.spacetalent.com.cn/jituan_xxx.html?id=122&positionId=132036513,2026-09-11 15:33:06
航天九院,北京微电子技术研究所,GPGPU硬件开发工程师,控制科学与工程 / 电子科学与技术 / 计算机,硕士,2,北京,,2026-08-27,https://www.spacetalent.com.cn/jituan_xxx.html?id=122&positionId=132036514,2026-09-11 15:33:06
航天九院,北京微电子技术研究所,车规级转换器研发工程师,电子信息 / 电子科学与技术 / 自动化,硕士,2,北京,,2026-08-27,https://www.spacetalent.com.cn/jituan_xxx.html?id=122&positionId=132036515,2026-09-11 15:33:06
航天九院,北京微电子技术研究所,芯粒架构设计工程师,控制科学与工程 / 电子科学与技术 / 计算机科学与技术,硕士,1,北京,,2026-08-27,https://www.spacetalent.com.cn/jituan_xxx.html?id=122&positionId=132036516,2026-09-11 15:33:06
航天九院,北京微电子技术研究所,射频应用工程师,信息与通信工程 / 电子信息 / 电子科学与技术,硕士,1,北京,,2026-08-27,https://www.spacetalent.com.cn/jituan_xxx.html?id=122&positionId=132036517,2026-09-11 15:33:06
航天九院,北京微电子技术研究所,集成封装设计工程师,信息与通信工程 / 电子科学与技术 / 计算机科学与技术,硕士,1,北京,,2026-08-27,https://www.spacetalent.com.cn/jituan_xxx.html?id=122&positionId=132036518,2026-09-11 15:33:06
航天九院,北京微电子技术研究所,AI软件开发工程师,控制科学与工程 / 电子科学与技术 / 计算机科学与技术,硕士,1,北京,,2026-08-27,https://www.spacetalent.com.cn/jituan_xxx.html?id=122&positionId=132036519,2026-09-11 15:33:06
航天九院,北京微电子技术研究所,芯粒应用开发工程师,控制科学与工程 / 电子科学与技术 / 计算机科学与技术,硕士,1,北京,,2026-08-27,https://www.spacetalent.com.cn/jituan_xxx.html?id=122&positionId=132036520,2026-09-11 15:33:06
航天九院,北京微电子技术研究所,CPU硬件开发工程师,信息与通信工程 / 电子科学与技术 / 计算机,博士,2,北京,,2026-08-27,https://www.spacetalent.com.cn/jituan_xxx.html?id=122&positionId=132036521,2026-09-11 15:33:06
航天九院,北京微电子技术研究所,芯粒集成工艺工程师,材料 / 电子信息 / 电子科学与技术,硕士,1,北京,,2026-08-27,https://www.spacetalent.com.cn/jituan_xxx.html?id=122&positionId=132036522,2026-09-11 15:33:06
航天九院,北京微电子技术研究所,全栈工程师,计算机科学与技术 / 计算机 / 软件工程,硕士,1,北京,,2026-08-27,https://www.spacetalent.com.cn/jituan_xxx.html?id=122&positionId=132036523,2026-09-11 15:33:06
航天九院,北京微电子技术研究所,模拟集成电路设计工程师,电子信息 / 电子科学与技术 / 电气工程,硕士,1,北京,,2026-08-27,https://www.spacetalent.com.cn/jituan_xxx.html?id=122&positionId=132036524,2026-09-11 15:33:06
航天九院,北京微电子技术研究所,微系统设计,信息与通信工程 / 电子信息 / 电子科学与技术,硕士,1,北京,,2026-08-27,https://www.spacetalent.com.cn/jituan_xxx.html?id=122&positionId=132036525,2026-09-11 15:33:06
航天九院,北京微电子技术研究所,AI算法工程师,信息与通信工程 / 电子信息 / 计算机,博士,1,北京,,2026-08-27,https://www.spacetalent.com.cn/jituan_xxx.html?id=122&positionId=132036526,2026-09-11 15:33:06
航天九院,北京微电子技术研究所,嵌入式AI软件程师,信息与通信工程 / 电子信息 / 计算机,硕士,2,北京,,2026-08-27,https://www.spacetalent.com.cn/jituan_xxx.html?id=122&positionId=132036527,2026-09-11 15:33:06
航天九院,北京微电子技术研究所,高速转换器设计工程师,信息与通信工程 / 电子信息 / 电子科学与技术,硕士,2,北京,,2026-08-27,https://www.spacetalent.com.cn/jituan_xxx.html?id=122&positionId=132036528,2026-09-11 15:33:06
航天九院,北京微电子技术研究所,FPGA AI工具链应用开发工程师,电子信息 / 电子科学与技术 / 计算机,硕士,1,北京,,2026-08-27,https://www.spacetalent.com.cn/jituan_xxx.html?id=122&positionId=132036529,2026-09-11 15:33:06
航天九院,北京微电子技术研究所,射频直采转换器设计工程师,信息与通信工程 / 电子信息 / 电子科学与技术,硕士,1,北京,,2026-08-27,https://www.spacetalent.com.cn/jituan_xxx.html?id=122&positionId=132036530,2026-09-11 15:33:06
航天九院,北京微电子技术研究所,高精度转换器设计工程师,信息与通信工程 / 电子信息 / 电子科学与技术,硕士,1,北京,,2026-08-27,https://www.spacetalent.com.cn/jituan_xxx.html?id=122&positionId=132036531,2026-09-11 15:33:06
航天九院,北京微电子技术研究所,嵌入式AI开发工程师,电子信息 / 计算机科学与技术 / 计算机,硕士,1,北京,,2026-08-27,https://www.spacetalent.com.cn/jituan_xxx.html?id=122&positionId=132036532,2026-09-11 15:33:06
航天九院,北京微电子技术研究所,可编程SoC系统开发工程师,电子信息 / 计算机科学与技术 / 计算机,硕士,1,北京,,2026-08-27,https://www.spacetalent.com.cn/jituan_xxx.html?id=122&positionId=132036533,2026-09-11 15:33:06
航天九院,北京微电子技术研究所,高速DAC设计工程师,控制科学与工程 / 电子信息 / 电子科学与技术,硕士,1,北京,,2026-08-27,https://www.spacetalent.com.cn/jituan_xxx.html?id=122&positionId=132036534,2026-09-11 15:33:06
航天九院,北京微电子技术研究所,嵌入式转换器射频前端设计,控制科学与工程 / 电子信息 / 电子科学与技术,硕士,1,北京,,2026-08-27,https://www.spacetalent.com.cn/jituan_xxx.html?id=122&positionId=132036535,2026-09-11 15:33:06
航天九院,北京微电子技术研究所,GPGPU硬件开发工程师,电子信息 / 电子科学与技术 / 计算机,硕士,7,北京,,2026-08-27,https://www.spacetalent.com.cn/jituan_xxx.html?id=122&positionId=132036536,2026-09-11 15:33:06
航天九院,北京微电子技术研究所,CPU硬件开发工程师,控制科学与工程 / 电子科学与技术 / 计算机,硕士,6,北京,,2026-08-27,https://www.spacetalent.com.cn/jituan_xxx.html?id=122&positionId=132036537,2026-09-11 15:33:06
航天九院,北京微电子技术研究所,SoC系统集成软件工程师,电子信息 / 计算机科学与技术 / 软件工程,硕士,5,北京,,2026-08-27,https://www.spacetalent.com.cn/jituan_xxx.html?id=122&positionId=132036538,2026-09-11 15:33:06
航天九院,北京微电子技术研究所,GPGPU硬件开发工程师,电子信息 / 电子科学与技术 / 计算机,博士,5,北京,,2026-08-27,https://www.spacetalent.com.cn/jituan_xxx.html?id=122&positionId=132036539,2026-09-11 15:33:06
航天九院,北京微电子技术研究所,CPU软件开发工程师,计算机科学与技术 / 计算机 / 软件工程,硕士,4,北京,,2026-08-27,https://www.spacetalent.com.cn/jituan_xxx.html?id=122&positionId=132036540,2026-09-11 15:33:06
航天九院,北京微电子技术研究所,SoC系统集成硬件工程师,控制科学与工程 / 电子科学与技术 / 计算机,硕士,7,北京,,2026-08-27,https://www.spacetalent.com.cn/jituan_xxx.html?id=122&positionId=132036541,2026-09-11 15:33:06
航天九院,北京微电子技术研究所,SoC系统集成硬件工程师,控制科学与工程 / 电子科学与技术 / 计算机,博士,3,北京,,2026-08-27,https://www.spacetalent.com.cn/jituan_xxx.html?id=122&positionId=132036542,2026-09-11 15:33:06
航天九院,北京微电子技术研究所,NPU软件开发工程师,计算机科学与技术 / 计算机 / 软件工程,硕士,6,北京,,2026-08-27,https://www.spacetalent.com.cn/jituan_xxx.html?id=122&positionId=132036543,2026-09-11 15:33:06
航天九院,北京微电子技术研究所,NPU硬件开发工程师,控制科学与工程 / 电子科学与技术 / 计算机科学与技术,博士,3,北京,,2026-08-27,https://www.spacetalent.com.cn/jituan_xxx.html?id=122&positionId=132036544,2026-09-11 15:33:06
航天九院,北京微电子技术研究所,GPGPU软件开发工程师,电子信息 / 计算机 / 软件工程,硕士,5,北京,,2026-08-27,https://www.spacetalent.com.cn/jituan_xxx.html?id=122&positionId=132036545,2026-09-11 15:33:06
航天九院,北京微电子技术研究所,CPU硬件开发工程师,控制科学与工程 / 电子科学与技术 / 计算机,硕士,1,北京,,2026-08-27,https://www.spacetalent.com.cn/jituan_xxx.html?id=122&positionId=132036546,2026-09-11 15:33:06
航天九院,北京微电子技术研究所,射频收发器架构设计岗,信息与通信工程 / 电子信息 / 电子科学与技术,博士,1,北京,,2026-08-27,https://www.spacetalent.com.cn/jituan_xxx.html?id=122&positionId=132036547,2026-09-11 15:33:06
航天九院,北京微电子技术研究所,射频锁相环电路设计岗,信息与通信工程 / 电子信息 / 电子科学与技术,硕士,1,北京,,2026-08-27,https://www.spacetalent.com.cn/jituan_xxx.html?id=122&positionId=132036548,2026-09-11 15:33:06
航天九院,北京微电子技术研究所,幅相多功能电路设计工程师,电子信息 / 电子科学与技术 / 计算机,硕士,2,北京,,2026-08-27,https://www.spacetalent.com.cn/jituan_xxx.html?id=122&positionId=132036549,2026-09-11 15:33:06
航天九院,北京微电子技术研究所,模拟电路设计工程师,控制科学与工程 / 电子信息 / 电子科学与技术,硕士,2,北京,,2026-08-27,https://www.spacetalent.com.cn/jituan_xxx.html?id=122&positionId=132036550,2026-09-11 15:33:06
航天九院,北京微电子技术研究所,AI算法工程师,信息与通信工程 / 电子信息 / 计算机,硕士,1,北京,,2026-08-27,https://www.spacetalent.com.cn/jituan_xxx.html?id=122&positionId=132036551,2026-09-11 15:33:06
航天九院,北京微电子技术研究所,AI辅助芯片设计工程师,电子信息 / 电子科学与技术 / 计算机科学与技术,硕士,1,北京,,2026-08-27,https://www.spacetalent.com.cn/jituan_xxx.html?id=122&positionId=132036552,2026-09-11 15:33:06
航天九院,北京微电子技术研究所,多目标优化算法研究工程师,数学 / 电子信息 / 计算机,硕士,1,北京,,2026-08-27,https://www.spacetalent.com.cn/jituan_xxx.html?id=122&positionId=132036553,2026-09-11 15:33:06
航天九院,北京微电子技术研究所,算力芯片可靠性研究工程师,电子信息 / 电子科学与技术 / 计算机科学与技术,博士,2,北京,,2026-08-27,https://www.spacetalent.com.cn/jituan_xxx.html?id=122&positionId=132036554,2026-09-11 15:33:06
航天九院,北京微电子技术研究所,高安全EDA开发工程师,电子信息 / 计算机科学与技术 / 计算机,硕士,1,北京,,2026-08-27,https://www.spacetalent.com.cn/jituan_xxx.html?id=122&positionId=132036555,2026-09-11 15:33:06
航天九院,北京微电子技术研究所,高安全EDA架构工程师,电子信息 / 计算机科学与技术 / 计算机,博士,2,北京,,2026-08-27,https://www.spacetalent.com.cn/jituan_xxx.html?id=122&positionId=132036556,2026-09-11 15:33:06
航天九院,北京微电子技术研究所,测试工程师,电子信息 / 电子科学与技术 / 计算机科学与技术,硕士,1,北京,,2026-08-27,https://www.spacetalent.com.cn/jituan_xxx.html?id=122&positionId=132036557,2026-09-11 15:33:06
航天九院,北京微电子技术研究所,测试工程师,控制科学与工程 / 电子科学与技术 / 计算机科学与技术,硕士,1,北京,,2026-08-27,https://www.spacetalent.com.cn/jituan_xxx.html?id=122&positionId=132036558,2026-09-11 15:33:06
航天九院,北京微电子技术研究所,软件安全工程师,电子信息 / 计算机科学与技术 / 计算机,硕士,1,北京,,2026-08-27,https://www.spacetalent.com.cn/jituan_xxx.html?id=122&positionId=132036559,2026-09-11 15:33:06
航天九院,北京微电子技术研究所,网络管理与软件开发,计算机科学与技术 / 计算机 / 软件工程,硕士,1,北京,,2026-08-27,https://www.spacetalent.com.cn/jituan_xxx.html?id=122&positionId=132036560,2026-09-11 15:33:06
航天九院,北京微电子技术研究所,嵌入式软件工程师,电子信息 / 电子科学与技术 / 计算机,硕士,1,北京,,2026-08-27,https://www.spacetalent.com.cn/jituan_xxx.html?id=122&positionId=132036561,2026-09-11 15:33:06
航天九院,北京微电子技术研究所,软件架构设计工程师,电子信息 / 计算机科学与技术 / 计算机,博士,1,北京,,2026-08-27,https://www.spacetalent.com.cn/jituan_xxx.html?id=122&positionId=132036562,2026-09-11 15:33:06
航天九院,北京微电子技术研究所,SoC系统集成硬件工程师,控制科学与工程 / 电子科学与技术 / 计算机,硕士,1,北京,,2026-08-27,https://www.spacetalent.com.cn/jituan_xxx.html?id=122&positionId=132036563,2026-09-11 15:33:06
航天九院,陕西航天时代导航设备有限公司,工艺员,机械工程 / 电气工程,硕士,2,陕西宝鸡,,2026-08-27,https://www.spacetalent.com.cn/jituan_xxx.html?id=122&positionId=132036564,2026-09-11 15:33:06
航天九院,陕西航天时代导航设备有限公司,编程员,机械工程,硕士,2,陕西宝鸡,,2026-08-27,https://www.spacetalent.com.cn/jituan_xxx.html?id=122&positionId=132036565,2026-09-11 15:33:06
航天九院,陕西航天时代导航设备有限公司,设计员,控制科学与工程 / 机械工程,硕士,1,陕西宝鸡,,2026-08-27,https://www.spacetalent.com.cn/jituan_xxx.html?id=122&positionId=132036566,2026-09-11 15:33:06
航天九院,陕西航天时代导航设备有限公司,设计员,电气工程,硕士,1,陕西西安,,2026-08-27,https://www.spacetalent.com.cn/jituan_xxx.html?id=122&positionId=132036567,2026-09-11 15:33:06
航天九院,陕西航天时代导航设备有限公司,工艺员,机械工程,硕士,1,陕西宝鸡,,2026-08-27,https://www.spacetalent.com.cn/jituan_xxx.html?id=122&positionId=132036568,2026-09-11 15:33:06
航天九院,上海航天电子有限公司,FPGA工程师,信息与通信工程 / 电子信息 / 电子科学与技术,硕士,1,上海,,2026-08-27,https://www.spacetalent.com.cn/jituan_xxx.html?id=122&positionId=132036569,2026-09-11 15:33:06
航天九院,上海航天电子有限公司,FPGA工程师,信息与通信工程 / 电子信息 / 电子科学与技术,硕士,1,上海,,2026-08-27,https://www.spacetalent.com.cn/jituan_xxx.html?id=122&positionId=132036570,2026-09-11 15:33:06
航天九院,上海航天电子有限公司,天线工程师,信息与通信工程 / 电子信息 / 电子科学与技术,硕士,1,上海,,2026-08-27,https://www.spacetalent.com.cn/jituan_xxx.html?id=122&positionId=132036571,2026-09-11 15:33:06
航天九院,上海航天电子有限公司,FPGA工程师,信息与通信工程 / 电子信息 / 电子科学与技术,硕士,1,上海,,2026-08-27,https://www.spacetalent.com.cn/jituan_xxx.html?id=122&positionId=132036572,2026-09-11 15:33:06
航天九院,上海航天电子有限公司, 研发工程师,信息与通信工程 / 电子信息 / 电子科学与技术,博士,1,上海,,2026-08-27,https://www.spacetalent.com.cn/jituan_xxx.html?id=122&positionId=132036573,2026-09-11 15:33:06
航天九院,上海航天电子有限公司,通信算法工程师,信息与通信工程 / 电子信息 / 电子科学与技术,硕士,2,上海,,2026-08-27,https://www.spacetalent.com.cn/jituan_xxx.html?id=122&positionId=132036574,2026-09-11 15:33:06
航天九院,上海航天电子有限公司,FPGA工程师,信息与通信工程 / 电子信息 / 电子科学与技术,硕士,3,上海,,2026-08-27,https://www.spacetalent.com.cn/jituan_xxx.html?id=122&positionId=132036575,2026-09-11 15:33:06
航天九院,上海航天电子有限公司,研发工程师,信息与通信工程 / 电子信息 / 电子科学与技术,硕士,1,上海,,2026-08-27,https://www.spacetalent.com.cn/jituan_xxx.html?id=122&positionId=132036576,2026-09-11 15:33:06
航天九院,上海航天电子有限公司,研发工程师,信息与通信工程 / 电子信息 / 电子科学与技术,博士,1,上海,,2026-08-27,https://www.spacetalent.com.cn/jituan_xxx.html?id=122&positionId=132036577,2026-09-11 15:33:06
航天九院,上海航天电子有限公司, 研发工程师,动力工程及工程热物理 / 控制科学与工程 / 电气工程,硕士,1,上海,,2026-08-27,https://www.spacetalent.com.cn/jituan_xxx.html?id=122&positionId=132036578,2026-09-11 15:33:06
航天九院,桂林航天电子有限公司,研发技术、工艺技术,机械设计制造 / 电气工程 / 自动化,硕士,1,广西桂林,,2026-08-27,https://www.spacetalent.com.cn/jituan_xxx.html?id=122&positionId=132036579,2026-09-11 15:33:06
航天九院,桂林航天电子有限公司,研发技术、工艺技术,机械工程 / 电子科学与技术 / 自动化,硕士,2,广西桂林,,2026-08-27,https://www.spacetalent.com.cn/jituan_xxx.html?id=122&positionId=132036580,2026-09-11 15:33:06
航天九院,桂林航天电子有限公司,研发技术、工艺技术,机械工程 / 电气工程 / 自动化,硕士,2,广西桂林,,2026-08-27,https://www.spacetalent.com.cn/jituan_xxx.html?id=122&positionId=132036581,2026-09-11 15:33:06
航天九院,桂林航天电子有限公司,工艺技术,化学 / 机械设计制造 / 自动化,硕士,1,广西桂林,,2026-08-27,https://www.spacetalent.com.cn/jituan_xxx.html?id=122&positionId=132036582,2026-09-11 15:33:06
航天九院,桂林航天电子有限公司,研发技术、工艺技术,控制科学与工程 / 电子信息 / 计算机科学与技术,硕士,2,广西桂林,,2026-08-27,https://www.spacetalent.com.cn/jituan_xxx.html?id=122&positionId=132036583,2026-09-11 15:33:06
航天九院,杭州航天电子技术有限公司,产品设计,机械,硕士,2,浙江杭州,,2026-08-27,https://www.spacetalent.com.cn/jituan_xxx.html?id=122&positionId=132036584,2026-09-11 15:33:06
航天九院,杭州航天电子技术有限公司,产品工艺,机械工程 / 机械,硕士,1,浙江杭州,,2026-08-27,https://www.spacetalent.com.cn/jituan_xxx.html?id=122&positionId=132036585,2026-09-11 15:33:06
航天九院,杭州航天电子技术有限公司,产品设计,机械工程 / 机械,硕士,1,浙江杭州,,2026-08-27,https://www.spacetalent.com.cn/jituan_xxx.html?id=122&positionId=132036586,2026-09-11 15:33:06
航天九院,杭州航天电子技术有限公司,试验技术,控制科学与工程 / 机械 / 电子信息,硕士,1,浙江杭州,,2026-08-27,https://www.spacetalent.com.cn/jituan_xxx.html?id=122&positionId=132036587,2026-09-11 15:33:06
航天九院,杭州航天电子技术有限公司,产品设计,仪器 / 机械,硕士,2,浙江杭州,,2026-08-27,https://www.spacetalent.com.cn/jituan_xxx.html?id=122&positionId=132036588,2026-09-11 15:33:06
航天九院,杭州航天电子技术有限公司,产品工艺,机械工程 / 机械,硕士,2,浙江杭州,,2026-08-27,https://www.spacetalent.com.cn/jituan_xxx.html?id=122&positionId=132036589,2026-09-11 15:33:06
航天九院,杭州航天电子技术有限公司,人力资源管理,工商管理,硕士,1,浙江杭州,,2026-08-27,https://www.spacetalent.com.cn/jituan_xxx.html?id=122&positionId=132036590,2026-09-11 15:33:06
航天九院,杭州航天电子技术有限公司,产品工艺,仪器 / 机械 / 材料,硕士,3,浙江杭州,,2026-08-27,https://www.spacetalent.com.cn/jituan_xxx.html?id=122&positionId=132036591,2026-09-11 15:33:06
航天九院,杭州航天电子技术有限公司,产品设计,仪器 / 机械 / 电气,硕士及以上,3,浙江杭州,,2026-08-27,https://www.spacetalent.com.cn/jituan_xxx.html?id=122&positionId=132036592,2026-09-11 15:33:06
航天九院,郑州航天电子技术有限公司,电连接器工艺,自动化,硕士,1,河南郑州,,2026-08-27,https://www.spacetalent.com.cn/jituan_xxx.html?id=122&positionId=132036593,2026-09-11 15:33:06
航天九院,郑州航天电子技术有限公司,电缆网事业部,机械 / 电子信息 / 自动化,硕士,1,河南郑州,,2026-08-27,https://www.spacetalent.com.cn/jituan_xxx.html?id=122&positionId=132036594,2026-09-11 15:33:06
航天九院,郑州航天电子技术有限公司,电子仪器设计开发,仪器科学与技术 / 电子信息 / 电气,硕士,1,河南郑州,,2026-08-27,https://www.spacetalent.com.cn/jituan_xxx.html?id=122&positionId=132036595,2026-09-11 15:33:06
航天九院,郑州航天电子技术有限公司,电连接器设计开发,机械,硕士,1,河南郑州,,2026-08-27,https://www.spacetalent.com.cn/jituan_xxx.html?id=122&positionId=132036596,2026-09-11 15:33:06
航天九院,郑州航天电子技术有限公司,电连接器工艺,机械,硕士,1,河南郑州,,2026-08-27,https://www.spacetalent.com.cn/jituan_xxx.html?id=122&positionId=132036597,2026-09-11 15:33:06
航天九院,郑州航天电子技术有限公司,电连接器工艺,电气,硕士,1,河南郑州,,2026-08-27,https://www.spacetalent.com.cn/jituan_xxx.html?id=122&positionId=132036598,2026-09-11 15:33:06
航天九院,郑州航天电子技术有限公司,人力资源管理,公共管理 / 工商管理 / 经济学,硕士,1,河南郑州,,2026-08-27,https://www.spacetalent.com.cn/jituan_xxx.html?id=122&positionId=132036599,2026-09-11 15:33:06
航天九院,郑州航天电子技术有限公司,电连接器设计开发,机械 / 电子信息 / 自动化,硕士,3,河南郑州,,2026-08-27,https://www.spacetalent.com.cn/jituan_xxx.html?id=122&positionId=132036600,2026-09-11 15:33:06
航天九院,重庆航天火箭电子技术有限公司,伺服控制设计,自动化,硕士,1,重庆,,2026-08-27,https://www.spacetalent.com.cn/jituan_xxx.html?id=122&positionId=132036601,2026-09-11 15:33:06
航天九院,重庆航天火箭电子技术有限公司,总体设计,仪器科学与技术 / 信息与通信工程 / 电子信息,硕士,2,重庆,,2026-08-27,https://www.spacetalent.com.cn/jituan_xxx.html?id=122&positionId=132036602,2026-09-11 15:33:06
航天九院,重庆航天火箭电子技术有限公司,基带算发设计,仪器科学与技术 / 信息与通信工程 / 电子信息,硕士,1,重庆,,2026-08-27,https://www.spacetalent.com.cn/jituan_xxx.html?id=122&positionId=132036603,2026-09-11 15:33:06
航天九院,重庆航天火箭电子技术有限公司,FPGA软件开发,仪器科学与技术 / 信息与通信工程 / 电子信息,硕士,2,重庆,,2026-08-27,https://www.spacetalent.com.cn/jituan_xxx.html?id=122&positionId=132036604,2026-09-11 15:33:06
航天九院,重庆航天火箭电子技术有限公司,系统工艺设计,机械 / 电子信息 / 自动化,硕士,1,重庆,,2026-08-27,https://www.spacetalent.com.cn/jituan_xxx.html?id=122&positionId=132036605,2026-09-11 15:33:06
航天九院,重庆航天火箭电子技术有限公司,系统工艺设计,材料 / 电子信息 / 自动化,硕士,1,重庆,,2026-08-27,https://www.spacetalent.com.cn/jituan_xxx.html?id=122&positionId=132036606,2026-09-11 15:33:06
航天九院,重庆航天火箭电子技术有限公司,性能设计,电子信息 / 自动化 / 航空航天,硕士,3,重庆,,2026-08-27,https://www.spacetalent.com.cn/jituan_xxx.html?id=122&positionId=132036607,2026-09-11 15:33:06
航天九院,重庆航天火箭电子技术有限公司,总体设计,电子信息 / 航空宇航科学与技术 / 航空航天,硕士,4,重庆,,2026-08-27,https://www.spacetalent.com.cn/jituan_xxx.html?id=122&positionId=132036608,2026-09-11 15:33:06
航天九院,重庆航天火箭电子技术有限公司,应用设计开发,计算机科学与技术 / 计算机 / 软件工程,硕士,1,重庆,,2026-08-27,https://www.spacetalent.com.cn/jituan_xxx.html?id=122&positionId=132036609,2026-09-11 15:33:06
航天九院,重庆航天火箭电子技术有限公司,通信研发设计,电子信息 / 电子科学与技术,硕士,3,重庆,,2026-08-27,https://www.spacetalent.com.cn/jituan_xxx.html?id=122&positionId=132036610,2026-09-11 15:33:06
航天九院,重庆航天火箭电子技术有限公司,技术服务,机械设计制造 / 电子信息 / 软件工程,硕士,2,重庆,,2026-08-27,https://www.spacetalent.com.cn/jituan_xxx.html?id=122&positionId=132036611,2026-09-11 15:33:06
航天九院,重庆航天火箭电子技术有限公司,发动机测试,能源动力,硕士,1,重庆,,2026-08-27,https://www.spacetalent.com.cn/jituan_xxx.html?id=122&positionId=132036612,2026-09-11 15:33:06
航天九院,重庆航天火箭电子技术有限公司,质量保证,电子信息 / 电气 / 自动化,硕士,3,重庆,,2026-08-27,https://www.spacetalent.com.cn/jituan_xxx.html?id=122&positionId=132036613,2026-09-11 15:33:06
航天九院,重庆航天火箭电子技术有限公司,应用软件开发,计算机,硕士,1,重庆,,2026-08-27,https://www.spacetalent.com.cn/jituan_xxx.html?id=122&positionId=132036614,2026-09-11 15:33:06
航天九院,北京航天光华电子技术有限公司,专业设计师,控制科学与工程 / 电子信息 / 电子科学与技术,硕士及以上,2,北京,,2026-08-27,https://www.spacetalent.com.cn/jituan_xxx.html?id=122&positionId=132036615,2026-09-11 15:33:06
航天九院,北京航天光华电子技术有限公司,专业设计师,仪器 / 动力工程及工程热物理 / 机械,硕士及以上,1,北京,,2026-08-27,https://www.spacetalent.com.cn/jituan_xxx.html?id=122&positionId=132036616,2026-09-11 15:33:06
航天九院,北京航天光华电子技术有限公司,工艺员,机械 / 电子信息 / 电子科学与技术,硕士及以上,3,北京,,2026-08-27,https://www.spacetalent.com.cn/jituan_xxx.html?id=122&positionId=132036617,2026-09-11 15:33:06
航天九院,北京航天光华电子技术有限公司,软件开发工程师,电子信息 / 计算机 / 软件工程,硕士及以上,1,北京,,2026-08-27,https://www.spacetalent.com.cn/jituan_xxx.html?id=122&positionId=132036618,2026-09-11 15:33:06
航天九院,北京航天光华电子技术有限公司,专业设计师,仪器 / 信息与通信工程 / 电子信息,硕士及以上,1,北京,,2026-08-27,https://www.spacetalent.com.cn/jituan_xxx.html?id=122&positionId=132036619,2026-09-11 15:33:06
航天九院,北京航天光华电子技术有限公司,专业设计师,信息与通信工程 / 计算机 / 软件工程,硕士及以上,2,北京,,2026-08-27,https://www.spacetalent.com.cn/jituan_xxx.html?id=122&positionId=132036620,2026-09-11 15:33:06
航天九院,北京航天光华电子技术有限公司,工艺员,信息与通信工程 / 光学工程 / 材料,硕士及以上,2,北京,,2026-08-27,https://www.spacetalent.com.cn/jituan_xxx.html?id=122&positionId=132036621,2026-09-11 15:33:06
航天九院,北京航天光华电子技术有限公司,工艺员,仪器 / 电子信息 / 自动化,硕士及以上,2,北京,,2026-08-27,https://www.spacetalent.com.cn/jituan_xxx.html?id=122&positionId=132036622,2026-09-11 15:33:06
航天九院,西安航天精密机电研究所,设计,控制科学与工程 / 自动化,硕士及以上,1,陕西西安,,2026-08-27,https://www.spacetalent.com.cn/jituan_xxx.html?id=122&positionId=132036623,2026-09-11 15:33:06
航天九院,西安航天精密机电研究所,设计,电气,硕士及以上,1,陕西西安,,2026-08-27,https://www.spacetalent.com.cn/jituan_xxx.html?id=122&positionId=132036624,2026-09-11 15:33:06
航天九院,航天时代低空科技有限公司,数字孪生仿真总体设计,交通运输 / 电子信息 / 计算机,博士,1,北京,,2026-08-27,https://www.spacetalent.com.cn/jituan_xxx.html?id=122&positionId=132036625,2026-09-11 15:33:06
航天九院,航天时代低空科技有限公司,低空运行技术研究,电子信息 / 航空航天 / 计算机,博士,1,北京,,2026-08-27,https://www.spacetalent.com.cn/jituan_xxx.html?id=122&positionId=132036626,2026-09-11 15:33:06
航天九院,航天时代低空科技有限公司,低空产品策划岗,电子信息 / 计算机科学与技术,博士,1,北京,,2026-08-27,https://www.spacetalent.com.cn/jituan_xxx.html?id=122&positionId=132036627,2026-09-11 15:33:06
航天九院,航天时代低空科技有限公司,云边端架构及系统工程设计,电子信息 / 系统科学 / 计算机,博士,1,北京,,2026-08-27,https://www.spacetalent.com.cn/jituan_xxx.html?id=122&positionId=132036628,2026-09-11 15:33:06
航天九院,航天时代低空科技有限公司,系统结构设计工程师,机械工程 / 电子信息,硕士及以上,2,重庆,,2026-08-27,https://www.spacetalent.com.cn/jituan_xxx.html?id=122&positionId=132036629,2026-09-11 15:33:06
航天九院,航天时代低空科技有限公司,电磁环境监测系统工程师/复杂电磁环境构建系统工程师,信息与通信工程 / 电子信息,硕士及以上,2,重庆,,2026-08-27,https://www.spacetalent.com.cn/jituan_xxx.html?id=122&positionId=132036630,2026-09-11 15:33:06
航天九院,航天时代低空科技有限公司,标准编制,信息与通信工程 / 电子信息,硕士及以上,1,重庆,,2026-08-27,https://www.spacetalent.com.cn/jituan_xxx.html?id=122&positionId=132036631,2026-09-11 15:33:06
航天九院,航天时代低空科技有限公司,方案论证工程师,交通运输 / 信息与通信工程 / 计算机,硕士及以上,1,重庆,,2026-08-27,https://www.spacetalent.com.cn/jituan_xxx.html?id=122&positionId=132036632,2026-09-11 15:33:06
航天九院,航天时代低空科技有限公司,解决方案工程师,电子信息 / 系统科学 / 计算机,博士,1,北京,,2026-08-27,https://www.spacetalent.com.cn/jituan_xxx.html?id=122&positionId=132036633,2026-09-11 15:33:06
航天九院,航天时代低空科技有限公司,产品经理,计算机 / 软件工程,硕士及以上,2,浙江杭州,,2026-08-27,https://www.spacetalent.com.cn/jituan_xxx.html?id=122&positionId=132036634,2026-09-11 15:33:06
航天九院,航天时代低空科技有限公司,后端开发工程师,计算机,硕士及以上,2,浙江杭州,,2026-08-27,https://www.spacetalent.com.cn/jituan_xxx.html?id=122&positionId=132036635,2026-09-11 15:33:06
航天九院,航天时代低空科技有限公司,算法工程师,交通运输 / 计算机,博士,1,浙江杭州,,2026-08-27,https://www.spacetalent.com.cn/jituan_xxx.html?id=122&positionId=132036636,2026-09-11 15:33:06
航天九院,航天时代低空科技有限公司,系统集成工程师,电子信息 / 系统科学 / 计算机,博士,1,北京,,2026-08-27,https://www.spacetalent.com.cn/jituan_xxx.html?id=122&positionId=132036637,2026-09-11 15:33:06
航天九院,航天时代低空科技有限公司,数智飞行技术研究,交通运输 / 电子信息 / 计算机,博士,1,北京,,2026-08-27,https://www.spacetalent.com.cn/jituan_xxx.html?id=122&positionId=132036638,2026-09-11 15:33:06
航天九院,航天时代低空科技有限公司,试验系统设计,控制科学与工程 / 电子信息 / 计算机,博士,2,重庆,,2026-08-27,https://www.spacetalent.com.cn/jituan_xxx.html?id=122&positionId=132036639,2026-09-11 15:33:06
中国航天科技集团有限公司,航天十一院,系统研发岗,计算机科学与技术 / 软件工程,硕士,2,北京,,2026-08-27,https://www.spacetalent.com.cn/jituan_xxx.html?id=147&positionId=132036680,2026-09-11 15:33:06
中国航天科技集团有限公司,航天十一院,法律顾问岗,法学,硕士,1,北京,,2026-08-27,https://www.spacetalent.com.cn/jituan_xxx.html?id=147&positionId=132036681,2026-09-11 15:33:06
中国航天科技集团有限公司,航天十一院,档案管理岗,图书情报与档案管理,硕士,1,北京,,2026-08-27,https://www.spacetalent.com.cn/jituan_xxx.html?id=147&positionId=132036682,2026-09-11 15:33:06
中国航天科技集团有限公司,航天十一院,报表管理岗,工商管理 / 应用经济学,硕士,1,北京,,2026-08-27,https://www.spacetalent.com.cn/jituan_xxx.html?id=147&positionId=132036683,2026-09-11 15:33:06
中国航天科技集团有限公司,航天十一院,网络安全管理岗,信息与通信工程 / 计算机科学与技术,硕士,1,北京,,2026-08-27,https://www.spacetalent.com.cn/jituan_xxx.html?id=147&positionId=132036684,2026-09-11 15:33:06
航天十一院,中国航天科技集团临近空间无人机总体部,航电系统设计,电子信息 / 电气 / 航空宇航科学与技术,硕士及以上,2,北京,,2026-08-27,https://www.spacetalent.com.cn/jituan_xxx.html?id=147&positionId=132036685,2026-09-11 15:33:06
航天十一院,中国航天科技集团临近空间无人机总体部,控制律设计,力学 / 控制科学与工程 / 航空宇航科学与技术,硕士及以上,1,北京,,2026-08-27,https://www.spacetalent.com.cn/jituan_xxx.html?id=147&positionId=132036686,2026-09-11 15:33:06
航天十一院,中国航天科技集团临近空间无人机总体部,综合保障系统设计,交通运输工程 / 机械工程 / 电气工程,硕士,1,北京,,2026-08-27,https://www.spacetalent.com.cn/jituan_xxx.html?id=147&positionId=132036687,2026-09-11 15:33:06
航天十一院,中国航天科技集团临近空间无人机总体部,机构分析,力学 / 机械工程 / 航空宇航科学与技术,硕士及以上,1,北京,,2026-08-27,https://www.spacetalent.com.cn/jituan_xxx.html?id=147&positionId=132036688,2026-09-11 15:33:06
航天十一院,中国航天科技集团临近空间无人机总体部,飞控系统设计,控制科学与工程 / 自动化 / 航空宇航科学与技术,硕士及以上,1,北京,,2026-08-27,https://www.spacetalent.com.cn/jituan_xxx.html?id=147&positionId=132036689,2026-09-11 15:33:06
航天十一院,中国航天科技集团临近空间无人机总体部,飞控系统设计,控制科学与工程 / 电子科学与技术 / 航空宇航科学与技术,硕士及以上,1,北京,,2026-08-27,https://www.spacetalent.com.cn/jituan_xxx.html?id=147&positionId=132036690,2026-09-11 15:33:06
航天十一院,中国航天科技集团临近空间无人机总体部,载荷应用设计,机械工程 / 电子信息 / 航空宇航科学与技术,硕士及以上,1,北京,,2026-08-27,https://www.spacetalent.com.cn/jituan_xxx.html?id=147&positionId=132036691,2026-09-11 15:33:06
航天十一院,中国航天科技集团临近空间无人机总体部,电磁兼容设计与试验,电子信息 / 电气 / 航空宇航科学与技术,硕士及以上,1,北京,,2026-08-27,https://www.spacetalent.com.cn/jituan_xxx.html?id=147&positionId=132036692,2026-09-11 15:33:06
航天十一院,中国航天科技集团临近空间无人机总体部,软件开发,控制科学与工程 / 计算机科学与技术 / 软件工程,硕士及以上,2,北京,,2026-08-27,https://www.spacetalent.com.cn/jituan_xxx.html?id=147&positionId=132036693,2026-09-11 15:33:06
航天十一院,中国航天科技集团临近空间无人机总体部,测控系统设计,机械工程 / 电子信息 / 电子科学与技术,硕士及以上,1,北京,,2026-08-27,https://www.spacetalent.com.cn/jituan_xxx.html?id=147&positionId=132036694,2026-09-11 15:33:06
航天十一院,中国航天科技集团临近空间无人机总体部,测试系统开发,电子信息 / 电气 / 航空宇航科学与技术,硕士及以上,1,北京,,2026-08-27,https://www.spacetalent.com.cn/jituan_xxx.html?id=147&positionId=132036695,2026-09-11 15:33:06
航天十一院,中国航天科技集团临近空间无人机总体部,结构设计,力学 / 机械工程 / 航空宇航科学与技术,硕士及以上,1,北京,,2026-08-27,https://www.spacetalent.com.cn/jituan_xxx.html?id=147&positionId=132036696,2026-09-11 15:33:06
航天十一院,中国航天科技集团临近空间无人机总体部,气动设计,力学 / 航空宇航科学与技术,硕士,1,北京,,2026-08-27,https://www.spacetalent.com.cn/jituan_xxx.html?id=147&positionId=132036697,2026-09-11 15:33:06
航天十一院,中国航天科技集团临近空间无人机总体部,机电设计,电气工程 / 能源动力 / 航空宇航科学与技术,硕士及以上,1,北京,,2026-08-27,https://www.spacetalent.com.cn/jituan_xxx.html?id=147&positionId=132036698,2026-09-11 15:33:06
航天十一院,中国航天科技集团临近空间无人机总体部,推进系统设计,机械工程 / 机械 / 电气工程,硕士及以上,2,北京,,2026-08-27,https://www.spacetalent.com.cn/jituan_xxx.html?id=147&positionId=132036699,2026-09-11 15:33:06
航天十一院,中国航天科技集团临近空间无人机总体部,能源系统设计,控制科学与工程 / 电子信息 / 电气工程,博士,1,北京,,2026-08-27,https://www.spacetalent.com.cn/jituan_xxx.html?id=147&positionId=132036700,2026-09-11 15:33:06
航天十一院,中国航天科技集团临近空间无人机总体部,总体设计,交通运输工程 / 力学 / 航空宇航科学与技术,硕士及以上,3,北京,,2026-08-27,https://www.spacetalent.com.cn/jituan_xxx.html?id=147&positionId=132036701,2026-09-11 15:33:06
航天十一院,中国航天科技集团临近空间无人机总体部,机构设计,力学 / 机械工程 / 航空宇航科学与技术,硕士及以上,1,北京,,2026-08-27,https://www.spacetalent.com.cn/jituan_xxx.html?id=147&positionId=132036702,2026-09-11 15:33:06
航天十一院,创新与应用中心,应用系统设计岗,信息与通信工程 / 控制科学与工程 / 电子信息,硕士及以上,2,北京、浙江台州,,2026-08-27,https://www.spacetalent.com.cn/jituan_xxx.html?id=147&positionId=132036703,2026-09-11 15:33:06
航天十一院,创新与应用中心,任管系统设计,控制科学与工程 / 计算机科学与技术 / 软件工程,硕士及以上,3,北京、浙江台州,,2026-08-27,https://www.spacetalent.com.cn/jituan_xxx.html?id=147&positionId=132036704,2026-09-11 15:33:06
航天十一院,创新与应用中心,导引头设计,兵器科学与技术 / 机械工程 / 航空宇航科学与技术,硕士及以上,1,北京、浙江台州,,2026-08-27,https://www.spacetalent.com.cn/jituan_xxx.html?id=147&positionId=132036705,2026-09-11 15:33:06
航天十一院,创新与应用中心,惯导与伺服,兵器科学与技术 / 力学 / 航空宇航科学与技术,硕士及以上,1,北京、浙江台州,,2026-08-27,https://www.spacetalent.com.cn/jituan_xxx.html?id=147&positionId=132036706,2026-09-11 15:33:06
航天十一院,创新与应用中心,飞控系统设计,控制科学与工程 / 电子信息 / 航空宇航科学与技术,硕士及以上,2,北京、浙江台州,,2026-08-27,https://www.spacetalent.com.cn/jituan_xxx.html?id=147&positionId=132036707,2026-09-11 15:33:06
航天十一院,创新与应用中心,火控系统设计,兵器科学与技术 / 电子信息 / 航空宇航科学与技术,硕士及以上,1,北京、浙江台州,,2026-08-27,https://www.spacetalent.com.cn/jituan_xxx.html?id=147&positionId=132036708,2026-09-11 15:33:06
航天十一院,创新与应用中心,控制律设计,控制科学与工程 / 电子信息 / 航空宇航科学与技术,硕士及以上,1,北京、浙江台州,,2026-08-27,https://www.spacetalent.com.cn/jituan_xxx.html?id=147&positionId=132036709,2026-09-11 15:33:06
航天十一院,创新与应用中心,引信设计,兵器科学与技术 / 机械工程 / 航空宇航科学与技术,硕士及以上,1,北京、浙江台州,,2026-08-27,https://www.spacetalent.com.cn/jituan_xxx.html?id=147&positionId=132036710,2026-09-11 15:33:06
航天十一院,创新与应用中心,装备控制设计,控制科学与工程 / 电子信息,硕士及以上,1,北京、浙江台州,,2026-08-27,https://www.spacetalent.com.cn/jituan_xxx.html?id=147&positionId=132036711,2026-09-11 15:33:06
航天十一院,创新与应用中心,仿真与测试,控制科学与工程 / 机械工程 / 航空宇航科学与技术,硕士及以上,1,北京、浙江台州,,2026-08-27,https://www.spacetalent.com.cn/jituan_xxx.html?id=147&positionId=132036712,2026-09-11 15:33:06
航天十一院,创新与应用中心,无人机总体设计岗,航空宇航科学与技术,硕士及以上,1,北京、浙江台州,,2026-08-27,https://www.spacetalent.com.cn/jituan_xxx.html?id=147&positionId=132036713,2026-09-11 15:33:06
航天十一院,创新与应用中心,电动选型与集成,电气工程,硕士及以上,2,北京、浙江台州,,2026-08-27,https://www.spacetalent.com.cn/jituan_xxx.html?id=147&positionId=132036714,2026-09-11 15:33:06
航天十一院,创新与应用中心,型号主管岗,机械工程 / 航空宇航科学与技术,硕士,1,北京、浙江台州,,2026-08-27,https://www.spacetalent.com.cn/jituan_xxx.html?id=147&positionId=132036715,2026-09-11 15:33:06
航天十一院,创新与应用中心,体系研究岗,电子信息 / 系统科学 / 航空宇航科学与技术,硕士及以上,2,北京、浙江台州,,2026-08-27,https://www.spacetalent.com.cn/jituan_xxx.html?id=147&positionId=132036716,2026-09-11 15:33:06
航天十一院,创新与应用中心,软件开发岗,控制科学与工程 / 计算机科学与技术 / 软件工程,硕士及以上,2,北京、浙江台州,,2026-08-27,https://www.spacetalent.com.cn/jituan_xxx.html?id=147&positionId=132036717,2026-09-11 15:33:06
航天十一院,创新与应用中心,硬件设计,力学 / 机械工程 / 航空宇航科学与技术,硕士及以上,1,北京、浙江台州,,2026-08-27,https://www.spacetalent.com.cn/jituan_xxx.html?id=147&positionId=132036718,2026-09-11 15:33:06
航天十一院,创新与应用中心,软件开发,电子信息 / 计算机科学与技术 / 软件工程,硕士及以上,1,北京、浙江台州,,2026-08-27,https://www.spacetalent.com.cn/jituan_xxx.html?id=147&positionId=132036719,2026-09-11 15:33:06
航天十一院,创新与应用中心,气动设计与验证（旋翼方向）,力学 / 航空宇航科学与技术,硕士及以上,1,北京、浙江台州,,2026-08-27,https://www.spacetalent.com.cn/jituan_xxx.html?id=147&positionId=132036720,2026-09-11 15:33:06
航天十一院,创新与应用中心,气动设计与验证（固定翼方向）,力学 / 航空宇航科学与技术,硕士及以上,1,北京、浙江台州,,2026-08-27,https://www.spacetalent.com.cn/jituan_xxx.html?id=147&positionId=132036721,2026-09-11 15:33:06
航天十一院,创新与应用中心,数字化建设岗,控制科学与工程 / 机械工程 / 航空宇航科学与技术,硕士及以上,1,北京、浙江台州,,2026-08-27,https://www.spacetalent.com.cn/jituan_xxx.html?id=147&positionId=132036722,2026-09-11 15:33:06
航天十一院,创新与应用中心,综保系统设计,机械工程 / 电子信息 / 航空宇航科学与技术,硕士及以上,1,北京、浙江台州,,2026-08-27,https://www.spacetalent.com.cn/jituan_xxx.html?id=147&positionId=132036723,2026-09-11 15:33:06
航天十一院,创新与应用中心,飞行性能,力学 / 航空宇航科学与技术,硕士及以上,1,北京、浙江台州,,2026-08-27,https://www.spacetalent.com.cn/jituan_xxx.html?id=147&positionId=132036724,2026-09-11 15:33:06
航天十一院,创新与应用中心,培训体系设计,机械工程 / 航空宇航科学与技术,硕士及以上,1,北京、浙江台州,,2026-08-27,https://www.spacetalent.com.cn/jituan_xxx.html?id=147&positionId=132036725,2026-09-11 15:33:06
航天十一院,创新与应用中心,技术体系规划与建设岗,机械工程 / 航空宇航科学与技术,硕士,1,北京、浙江台州,,2026-08-27,https://www.spacetalent.com.cn/jituan_xxx.html?id=147&positionId=132036726,2026-09-11 15:33:06
航天十一院,创新与应用中心,应用系统开发岗,计算机科学与技术 / 软件工程,硕士及以上,1,北京、浙江台州,,2026-08-27,https://www.spacetalent.com.cn/jituan_xxx.html?id=147&positionId=132036727,2026-09-11 15:33:06
航天十一院,创新与应用中心,装备总体设计,兵器科学与技术 / 机械工程 / 航空宇航科学与技术,硕士及以上,2,北京、浙江台州,,2026-08-27,https://www.spacetalent.com.cn/jituan_xxx.html?id=147&positionId=132036728,2026-09-11 15:33:06
航天十一院,创新与应用中心,电气系统设计,仪器科学与技术 / 机械工程 / 电气工程,硕士及以上,2,北京、浙江台州,,2026-08-27,https://www.spacetalent.com.cn/jituan_xxx.html?id=147&positionId=132036729,2026-09-11 15:33:06
航天十一院,创新与应用中心,装备电气系统设计,兵器科学与技术 / 电气工程 / 航空宇航科学与技术,硕士及以上,1,北京、浙江台州,,2026-08-27,https://www.spacetalent.com.cn/jituan_xxx.html?id=147&positionId=132036730,2026-09-11 15:33:06
航天十一院,创新与应用中心,环控系统设计,动力工程及工程热物理 / 机械工程 / 航空宇航科学与技术,硕士及以上,1,北京、浙江台州,,2026-08-27,https://www.spacetalent.com.cn/jituan_xxx.html?id=147&positionId=132036731,2026-09-11 15:33:06
航天十一院,创新与应用中心,结构强度设计,力学 / 机械工程 / 航空宇航科学与技术,硕士及以上,2,北京、浙江台州,,2026-08-27,https://www.spacetalent.com.cn/jituan_xxx.html?id=147&positionId=132036732,2026-09-11 15:33:06
航天十一院,创新与应用中心,结构系统设计,力学 / 机械工程 / 航空宇航科学与技术,硕士及以上,2,北京、浙江台州,,2026-08-27,https://www.spacetalent.com.cn/jituan_xxx.html?id=147&positionId=132036733,2026-09-11 15:33:06
航天十一院,创新与应用中心,部装工艺设计岗,机械工程 / 航空宇航科学与技术,硕士及以上,1,北京、浙江台州,,2026-08-27,https://www.spacetalent.com.cn/jituan_xxx.html?id=147&positionId=132036734,2026-09-11 15:33:06
航天十一院,创新与应用中心,复材工艺设计岗,化学工程与技术 / 机械工程 / 航空宇航科学与技术,硕士及以上,1,北京、浙江台州,,2026-08-27,https://www.spacetalent.com.cn/jituan_xxx.html?id=147&positionId=132036735,2026-09-11 15:33:06
航天十一院,创新与应用中心,电装工艺设计岗,电子科学与技术 / 电气工程,硕士及以上,1,北京、浙江台州,,2026-08-27,https://www.spacetalent.com.cn/jituan_xxx.html?id=147&positionId=132036736,2026-09-11 15:33:06
航天十一院,创新与应用中心,机械系统设计,动力工程及工程热物理 / 机械工程 / 航空宇航科学与技术,硕士及以上,1,北京、浙江台州,,2026-08-27,https://www.spacetalent.com.cn/jituan_xxx.html?id=147&positionId=132036737,2026-09-11 15:33:06
航天十一院,创新与应用中心,燃油系统设计,动力工程及工程热物理 / 机械工程 / 航空宇航科学与技术,硕士及以上,1,北京、浙江台州,,2026-08-27,https://www.spacetalent.com.cn/jituan_xxx.html?id=147&positionId=132036738,2026-09-11 15:33:06
航天十一院,创新与应用中心,总体设计,力学 / 机械工程 / 航空宇航科学与技术,硕士,1,北京,,2026-08-27,https://www.spacetalent.com.cn/jituan_xxx.html?id=147&positionId=132036739,2026-09-11 15:33:06
航天十一院,创新与应用中心,电气总体设计,信息与通信工程 / 电子科学与技术 / 电气工程,硕士,1,北京,,2026-08-27,https://www.spacetalent.com.cn/jituan_xxx.html?id=147&positionId=132036740,2026-09-11 15:33:06
航天十一院,创新与应用中心,制导控制设计,信息与通信工程 / 控制科学与工程 / 航空宇航科学与技术,硕士,1,北京,,2026-08-27,https://www.spacetalent.com.cn/jituan_xxx.html?id=147&positionId=132036741,2026-09-11 15:33:06
航天十一院,创新与应用中心,六性设计,机械工程 / 航空宇航科学与技术,硕士及以上,1,北京、浙江台州,,2026-08-27,https://www.spacetalent.com.cn/jituan_xxx.html?id=147&positionId=132036742,2026-09-11 15:33:06
航天十一院,创新与应用中心,起落架系统设计,力学 / 机械工程 / 航空宇航科学与技术,硕士及以上,1,北京、浙江台州,,2026-08-27,https://www.spacetalent.com.cn/jituan_xxx.html?id=147&positionId=132036743,2026-09-11 15:33:06
航天十一院,创新与应用中心,装备动力设计,兵器科学与技术 / 动力工程及工程热物理 / 航空宇航科学与技术,硕士及以上,1,北京、浙江台州,,2026-08-27,https://www.spacetalent.com.cn/jituan_xxx.html?id=147&positionId=132036744,2026-09-11 15:33:06
航天十一院,空气动力科学中心,基础科学研究,力学 / 数学 / 航空宇航科学与技术,博士,3,北京,,2026-08-27,https://www.spacetalent.com.cn/jituan_xxx.html?id=147&positionId=132036745,2026-09-11 15:33:06
航天十一院,第三研究所,气动总体设计,力学 / 航空宇航科学与技术,硕士,1,北京,,2026-08-27,https://www.spacetalent.com.cn/jituan_xxx.html?id=147&positionId=132036746,2026-09-11 15:33:06
航天十一院,第三研究所,结构设计,机械工程,硕士,1,北京,,2026-08-27,https://www.spacetalent.com.cn/jituan_xxx.html?id=147&positionId=132036747,2026-09-11 15:33:06
航天十一院,无人机配套事业部,软件开发,仪器科学与技术 / 软件工程,硕士及以上,1,北京,,2026-08-27,https://www.spacetalent.com.cn/jituan_xxx.html?id=147&positionId=132036748,2026-09-11 15:33:06
航天十一院,无人机配套事业部,航电系统工程师,电子信息 / 航空宇航科学与技术 / 软件工程,硕士及以上,1,北京,,2026-08-27,https://www.spacetalent.com.cn/jituan_xxx.html?id=147&positionId=132036749,2026-09-11 15:33:06
航天十一院,无人机配套事业部,嵌入式系统设计,控制科学与工程 / 电子信息 / 计算机科学与技术,硕士及以上,1,北京,,2026-08-27,https://www.spacetalent.com.cn/jituan_xxx.html?id=147&positionId=132036750,2026-09-11 15:33:06
航天十一院,空气动力研究所,总体气动设计岗,航空宇航科学与技术,硕士及以上,1,北京,,2026-08-27,https://www.spacetalent.com.cn/jituan_xxx.html?id=147&positionId=132036751,2026-09-11 15:33:06
航天十一院,空气动力研究所,智能气动设计,力学 / 航空宇航科学与技术,硕士,1,北京,,2026-08-27,https://www.spacetalent.com.cn/jituan_xxx.html?id=147&positionId=132036752,2026-09-11 15:33:06
航天十一院,空气动力研究所,气动布局设计岗,力学 / 航空宇航科学与技术,硕士及以上,1,北京,,2026-08-27,https://www.spacetalent.com.cn/jituan_xxx.html?id=147&positionId=132036753,2026-09-11 15:33:06
航天十一院,空气动力研究所,试验技术研发,力学 / 控制科学与工程 / 航空宇航科学与技术,硕士,1,北京,,2026-08-27,https://www.spacetalent.com.cn/jituan_xxx.html?id=147&positionId=132036754,2026-09-11 15:33:06
航天十一院,空气动力研究所,天平设计,力学 / 机械工程 / 航空宇航科学与技术,硕士,1,北京,,2026-08-27,https://www.spacetalent.com.cn/jituan_xxx.html?id=147&positionId=132036755,2026-09-11 15:33:06
航天十一院,空气动力研究所,课题分析岗1,力学 / 航空宇航科学与技术,硕士,1,北京,,2026-08-27,https://www.spacetalent.com.cn/jituan_xxx.html?id=147&positionId=132036756,2026-09-11 15:33:06
航天十一院,空气动力研究所,课题分析岗2,光学工程 / 力学 / 物理学,博士,1,北京,,2026-08-27,https://www.spacetalent.com.cn/jituan_xxx.html?id=147&positionId=132036757,2026-09-11 15:33:06
航天十一院,空气动力研究所,设备研发,力学 / 电气工程,硕士,3,北京,,2026-08-27,https://www.spacetalent.com.cn/jituan_xxx.html?id=147&positionId=132036758,2026-09-11 15:33:06
航天十一院,空气动力研究所,先进水动技术应用,电子信息 / 电子科学与技术 / 船舶与海洋工程,硕士,1,北京,,2026-08-27,https://www.spacetalent.com.cn/jituan_xxx.html?id=147&positionId=132036759,2026-09-11 15:33:06
航天十一院,空气动力研究所,技术创新,控制科学与工程 / 机械 / 计算机科学与技术,硕士,1,北京,,2026-08-27,https://www.spacetalent.com.cn/jituan_xxx.html?id=147&positionId=132036760,2026-09-11 15:33:06
航天十一院,航天彩虹无人机股份有限公司,机加工艺设计岗,机械工程 / 航空宇航科学与技术,硕士,1,浙江台州,,2026-08-27,https://www.spacetalent.com.cn/jituan_xxx.html?id=147&positionId=132036761,2026-09-11 15:33:06
航天十一院,航天彩虹无人机股份有限公司,供应链体系规划岗,机械工程 / 航空宇航科学与技术,本科及以上,1,北京、浙江台州,,2026-08-27,https://www.spacetalent.com.cn/jituan_xxx.html?id=147&positionId=132036762,2026-09-11 15:33:06
航天十一院,航天彩虹无人机股份有限公司,供应能力岗,机械工程 / 航空宇航科学与技术,本科及以上,1,北京、浙江台州,,2026-08-27,https://www.spacetalent.com.cn/jituan_xxx.html?id=147&positionId=132036763,2026-09-11 15:33:06
航天十一院,航天彩虹无人机股份有限公司,测控系统设计,信息与通信工程 / 电子信息 / 电子科学与技术,硕士,1,北京、浙江台州,,2026-08-27,https://www.spacetalent.com.cn/jituan_xxx.html?id=147&positionId=132036764,2026-09-11 15:33:06
航天十一院,航天彩虹无人机股份有限公司,应用系统测试岗,自动化 / 航空宇航科学与技术,本科,2,北京、浙江台州,,2026-08-27,https://www.spacetalent.com.cn/jituan_xxx.html?id=147&positionId=132036765,2026-09-11 15:33:06
航天十一院,航天彩虹无人机股份有限公司,测控系统操作员,信息与通信工程 / 电子信息,硕士,2,北京、浙江台州,,2026-08-27,https://www.spacetalent.com.cn/jituan_xxx.html?id=147&positionId=132036766,2026-09-11 15:33:06
航天十一院,航天彩虹无人机股份有限公司,电气系统设计,仪器科学与技术 / 机械工程 / 电气工程,本科及以上,1,北京、浙江台州,,2026-08-27,https://www.spacetalent.com.cn/jituan_xxx.html?id=147&positionId=132036767,2026-09-11 15:33:06
航天十一院,航天彩虹无人机股份有限公司,装配工艺工程师,机械工程 / 航空宇航科学与技术,本科及以上,1,浙江台州,,2026-08-27,https://www.spacetalent.com.cn/jituan_xxx.html?id=147&positionId=132036768,2026-09-11 15:33:06
航天十一院,航天彩虹无人机股份有限公司,结构设计工程师,机械工程 / 电气工程,本科及以上,1,浙江台州,,2026-08-27,https://www.spacetalent.com.cn/jituan_xxx.html?id=147&positionId=132036769,2026-09-11 15:33:06
航天十一院,航天彩虹无人机股份有限公司,设备及工装结构设计岗,机械工程 / 航空宇航科学与技术,硕士,1,浙江台州,,2026-08-27,https://www.spacetalent.com.cn/jituan_xxx.html?id=147&positionId=132036770,2026-09-11 15:33:06
航天十一院,航天彩虹无人机股份有限公司,外部协调岗,机械工程 / 航空宇航科学与技术,本科及以上,2,北京、浙江台州,,2026-08-27,https://www.spacetalent.com.cn/jituan_xxx.html?id=147&positionId=132036771,2026-09-11 15:33:06
航天十一院,航天彩虹无人机股份有限公司,涂装工艺设计岗,化学工程与技术,硕士,1,浙江台州,,2026-08-27,https://www.spacetalent.com.cn/jituan_xxx.html?id=147&positionId=132036772,2026-09-11 15:33:06
航天十一院,航天彩虹无人机股份有限公司,结构设计,控制科学与工程 / 航空宇航科学与技术,本科及以上,2,天津,,2026-08-27,https://www.spacetalent.com.cn/jituan_xxx.html?id=147&positionId=132036773,2026-09-11 15:33:06
航天十一院,航天彩虹无人机股份有限公司,复材工艺,机械工程 / 航空宇航科学与技术,本科及以上,4,天津,,2026-08-27,https://www.spacetalent.com.cn/jituan_xxx.html?id=147&positionId=132036774,2026-09-11 15:33:06
航天十一院,航天彩虹无人机股份有限公司,装配工艺,机械工程 / 电气工程,本科及以上,2,天津,,2026-08-27,https://www.spacetalent.com.cn/jituan_xxx.html?id=147&positionId=132036775,2026-09-11 15:33:06
航天十一院,航天彩虹无人机股份有限公司,工艺工程师,化学工程与技术 / 材料科学与工程 / 电气工程,本科及以上,3,浙江台州,,2026-08-27,https://www.spacetalent.com.cn/jituan_xxx.html?id=147&positionId=132036776,2026-09-11 15:33:06
航天十一院,航天彩虹无人机股份有限公司,设备工程师,机械工程 / 电气工程,本科及以上,6,浙江台州,,2026-08-27,https://www.spacetalent.com.cn/jituan_xxx.html?id=147&positionId=132036777,2026-09-11 15:33:06
航天十一院,航天彩虹无人机股份有限公司,研发工程师,化学 / 材料科学与工程,硕士及以上,3,浙江宁波,,2026-08-27,https://www.spacetalent.com.cn/jituan_xxx.html?id=147&positionId=132036778,2026-09-11 15:33:06
中国航天科技集团有限公司,中国卫通集团股份有限公司,数智技术研发岗,电子信息 / 网络空间安全 / 软件工程,硕士及以上,5,北京,,2026-08-27,https://www.spacetalent.com.cn/jituan_xxx.html?id=148&positionId=132036851,2026-09-11 15:33:06
中国航天科技集团有限公司,中国卫通集团股份有限公司,技术研发岗,信息与通信工程 / 电子信息 / 计算机科学与技术,硕士及以上,30,北京,,2026-08-27,https://www.spacetalent.com.cn/jituan_xxx.html?id=148&positionId=132036852,2026-09-11 15:33:06
中国航天科技集团有限公司,中国卫通集团股份有限公司,技术研发岗,信息与通信工程 / 测绘地理信息 / 测绘科学与技术,硕士及以上,5,北京,,2026-08-27,https://www.spacetalent.com.cn/jituan_xxx.html?id=148&positionId=132036853,2026-09-11 15:33:06
中国航天科技集团有限公司,中国卫通集团股份有限公司,技术研发岗,控制科学与工程 / 机械工程 / 航空宇航科学与技术,硕士及以上,5,北京,,2026-08-27,https://www.spacetalent.com.cn/jituan_xxx.html?id=148&positionId=132036854,2026-09-11 15:33:06
中国航天科技集团有限公司,中国卫通集团股份有限公司,技术研发岗,信息与通信工程 / 电子信息 / 电子科学与技术,硕士及以上,5,北京,,2026-08-27,https://www.spacetalent.com.cn/jituan_xxx.html?id=148&positionId=132036855,2026-09-11 15:33:06
中国航天科技集团有限公司,中国乐凯集团有限公司,沈阳感光化工研究院有限公司总会计师,财务会计 / 经济学,本科及以上,1,辽宁沈阳,否,2023-03-23,https://www.spacetalent.com.cn/jituan_xxx.html?id=155&positionId=1313332,2026-09-11 15:33:06
中国航天科技集团有限公司,中国乐凯集团有限公司,总会计师（沈阳感光化工研究院有限公司）,财务会计 / 财务管理 / 经济学,本科及以上,1,辽宁沈阳,否,2023-03-23,https://www.spacetalent.com.cn/jituan_xxx.html?id=155&positionId=1313334,2026-09-11 15:33:06
中国航天科技集团有限公司,中国乐凯集团有限公司,专业技术人才培训与开发,公共管理 / 工商管理,本科及以上,1,河北保定,,2026-08-27,https://www.spacetalent.com.cn/jituan_xxx.html?id=155&positionId=132036857,2026-09-11 15:33:06
中国航天科技集团有限公司,中国乐凯集团有限公司,人才引进与员工培养,工商管理,本科及以上,1,河北保定,,2026-08-27,https://www.spacetalent.com.cn/jituan_xxx.html?id=155&positionId=132036858,2026-09-11 15:33:06
中国航天科技集团有限公司,中国乐凯集团有限公司,宣传,新闻传播学 / 马克思主义理论,本科及以上,1,河北保定,,2026-08-27,https://www.spacetalent.com.cn/jituan_xxx.html?id=155&positionId=132036859,2026-09-11 15:33:06
中国航天科技集团有限公司,中国乐凯集团有限公司,人才引进与员工培养,工商管理,本科及以上,1,河北保定,,2026-08-27,https://www.spacetalent.com.cn/jituan_xxx.html?id=155&positionId=132036860,2026-09-11 15:33:06
中国航天科技集团有限公司,中国乐凯集团有限公司,法务,法学,本科及以上,1,河北保定,,2026-08-27,https://www.spacetalent.com.cn/jituan_xxx.html?id=155&positionId=132036861,2026-09-11 15:33:06
中国航天科技集团有限公司,中国乐凯集团有限公司,信息化管理,计算机,本科及以上,1,河北保定,,2026-08-27,https://www.spacetalent.com.cn/jituan_xxx.html?id=155&positionId=132036862,2026-09-11 15:33:06
中国乐凯集团有限公司,研究院,研发工程师,化学 / 材料,硕士,1,河北保定,,2026-08-27,https://www.spacetalent.com.cn/jituan_xxx.html?id=155&positionId=132036863,2026-09-11 15:33:06
中国乐凯集团有限公司,研究院,研发工程师,化学 / 材料,硕士,1,河北保定,,2026-08-27,https://www.spacetalent.com.cn/jituan_xxx.html?id=155&positionId=132036864,2026-09-11 15:33:06
中国乐凯集团有限公司,研究院,柔性传感研发,电子信息 / 电子科学与技术,硕士,1,河北保定,,2026-08-27,https://www.spacetalent.com.cn/jituan_xxx.html?id=155&positionId=132036865,2026-09-11 15:33:06
中国乐凯集团有限公司,研究院,机器学习工程师,材料 / 物理学,博士,1,河北保定,,2026-08-27,https://www.spacetalent.com.cn/jituan_xxx.html?id=155&positionId=132036866,2026-09-11 15:33:06
中国乐凯集团有限公司,研究院,太空光伏研发,材料 / 物理学,硕士及以上,2,河北保定,,2026-08-27,https://www.spacetalent.com.cn/jituan_xxx.html?id=155&positionId=132036867,2026-09-11 15:33:06
中国航天科技集团有限公司,中国乐凯集团有限公司,技术员,仪器,本科及以上,1,河北保定,,2026-08-27,https://www.spacetalent.com.cn/jituan_xxx.html?id=155&positionId=132036868,2026-09-11 15:33:06
中国航天科技集团有限公司,中国乐凯集团有限公司,技术员,土建施工,本科,1,河北保定,,2026-08-27,https://www.spacetalent.com.cn/jituan_xxx.html?id=155&positionId=132036869,2026-09-11 15:33:06
中国航天科技集团有限公司,中国乐凯集团有限公司,技术员,电气 / 能源动力,本科及以上,2,河北保定,,2026-08-27,https://www.spacetalent.com.cn/jituan_xxx.html?id=155&positionId=132036870,2026-09-11 15:33:06
中国乐凯集团有限公司,乐凯华光印刷科技有限公司,研发,化学,硕士,4,河南南阳,,2026-08-27,https://www.spacetalent.com.cn/jituan_xxx.html?id=155&positionId=132036871,2026-09-11 15:33:06
中国乐凯集团有限公司,乐凯华光印刷科技有限公司,研发技术,材料科学与工程,硕士及以上,3,河南南阳,,2026-08-27,https://www.spacetalent.com.cn/jituan_xxx.html?id=155&positionId=132036872,2026-09-11 15:33:06
中国乐凯集团有限公司,乐凯华光印刷科技有限公司,技术员,机械设计制造 / 电气,本科,3,河南南阳,,2026-08-27,https://www.spacetalent.com.cn/jituan_xxx.html?id=155&positionId=132036873,2026-09-11 15:33:06
中国乐凯集团有限公司,乐凯华光印刷科技有限公司,工艺技术员,化学工程与技术,本科,3,河南南阳,,2026-08-27,https://www.spacetalent.com.cn/jituan_xxx.html?id=155&positionId=132036874,2026-09-11 15:33:06
中国乐凯集团有限公司,乐凯华光印刷科技有限公司,研发工程师,化学工程与技术,博士,1,河南南阳,,2026-08-27,https://www.spacetalent.com.cn/jituan_xxx.html?id=155&positionId=132036875,2026-09-11 15:33:06
中国乐凯集团有限公司,乐凯华光印刷科技有限公司,工艺技术员,化学,本科及以上,2,河南南阳,,2026-08-27,https://www.spacetalent.com.cn/jituan_xxx.html?id=155&positionId=132036876,2026-09-11 15:33:06
中国乐凯集团有限公司,乐凯华光印刷科技有限公司,动力设计、仪表设计,电气工程 / 能源动力,本科及以上,2,河南南阳,,2026-08-27,https://www.spacetalent.com.cn/jituan_xxx.html?id=155&positionId=132036877,2026-09-11 15:33:06
中国乐凯集团有限公司,乐凯华光印刷科技有限公司,法律顾问,法学,本科及以上,2,河南南阳,,2026-08-27,https://www.spacetalent.com.cn/jituan_xxx.html?id=155&positionId=132036878,2026-09-11 15:33:06
中国乐凯集团有限公司,乐凯华光印刷科技有限公司,科研管理,化学,硕士,1,河南南阳,,2026-08-27,https://www.spacetalent.com.cn/jituan_xxx.html?id=155&positionId=132036879,2026-09-11 15:33:06
中国乐凯集团有限公司,乐凯华光印刷科技有限公司,技术员,机械设计制造,本科及以上,2,河南南阳,,2026-08-27,https://www.spacetalent.com.cn/jituan_xxx.html?id=155&positionId=132036880,2026-09-11 15:33:06
中国乐凯集团有限公司,乐凯华光印刷科技有限公司,检测分析,化学工程与技术 / 化学,硕士,2,河南南阳,,2026-08-27,https://www.spacetalent.com.cn/jituan_xxx.html?id=155&positionId=132036881,2026-09-11 15:33:06
中国乐凯集团有限公司,乐凯华光印刷科技有限公司,技术员,化学,本科及以上,3,河南南阳,,2026-08-27,https://www.spacetalent.com.cn/jituan_xxx.html?id=155&positionId=132036882,2026-09-11 15:33:06
中国乐凯集团有限公司,乐凯华光印刷科技有限公司,设备管理与维护,机械设计制造,本科,2,河南南阳,,2026-08-27,https://www.spacetalent.com.cn/jituan_xxx.html?id=155&positionId=132036883,2026-09-11 15:33:06
中国乐凯集团有限公司,乐凯华光印刷科技有限公司,销售工程师,印刷,本科及以上,2,河南南阳,,2026-08-27,https://www.spacetalent.com.cn/jituan_xxx.html?id=155&positionId=132036884,2026-09-11 15:33:06
中国乐凯集团有限公司,乐凯华光印刷科技有限公司,技术员,机械设计制造 / 电气工程,本科,6,福建厦门,,2026-08-27,https://www.spacetalent.com.cn/jituan_xxx.html?id=155&positionId=132036885,2026-09-11 15:33:06
中国乐凯集团有限公司,乐凯华光印刷科技有限公司,IT工程师,电子科学与技术 / 计算机科学与技术 / 软件工程,本科及以上,1,河南南阳，内乡,,2026-08-27,https://www.spacetalent.com.cn/jituan_xxx.html?id=155&positionId=132036886,2026-09-11 15:33:06
中国乐凯集团有限公司,乐凯华光印刷科技有限公司,工艺技术员,化学工程与技术 / 化学,本科及以上,2,山东威海,,2026-08-27,https://www.spacetalent.com.cn/jituan_xxx.html?id=155&positionId=132036887,2026-09-11 15:33:06
中国乐凯集团有限公司,乐凯华光印刷科技有限公司,设备技术员,电气工程 / 电气,本科及以上,2,山东威海,,2026-08-27,https://www.spacetalent.com.cn/jituan_xxx.html?id=155&positionId=132036888,2026-09-11 15:33:06
中国乐凯集团有限公司,乐凯华光印刷科技有限公司,会计,工商管理 / 财务会计,本科及以上,1,湖北襄阳,,2026-08-27,https://www.spacetalent.com.cn/jituan_xxx.html?id=155&positionId=132036889,2026-09-11 15:33:06
中国乐凯集团有限公司,乐凯胶片股份有限公司,技术员,机械,本科及以上,1,河北保定,,2026-08-27,https://www.spacetalent.com.cn/jituan_xxx.html?id=155&positionId=132036890,2026-09-11 15:33:06
中国乐凯集团有限公司,乐凯胶片股份有限公司,客户经理,化学工程与技术 / 化学,本科及以上,5,河北保定,,2026-08-27,https://www.spacetalent.com.cn/jituan_xxx.html?id=155&positionId=132036891,2026-09-11 15:33:06
中国乐凯集团有限公司,乐凯胶片股份有限公司,工艺技术员,化学工程与技术 / 化学,本科及以上,4,河北保定,,2026-08-27,https://www.spacetalent.com.cn/jituan_xxx.html?id=155&positionId=132036892,2026-09-11 15:33:06
中国乐凯集团有限公司,乐凯胶片股份有限公司,电气技术员,电气工程,本科及以上,2,河北保定,,2026-08-27,https://www.spacetalent.com.cn/jituan_xxx.html?id=155&positionId=132036893,2026-09-11 15:33:06
中国乐凯集团有限公司,乐凯胶片股份有限公司,电气技术,电气工程 / 电气,本科及以上,4,河北保定,,2026-08-27,https://www.spacetalent.com.cn/jituan_xxx.html?id=155&positionId=132036894,2026-09-11 15:33:06
中国乐凯集团有限公司,乐凯胶片股份有限公司,设备技术,机械工程,本科及以上,1,河北保定,,2026-08-27,https://www.spacetalent.com.cn/jituan_xxx.html?id=155&positionId=132036895,2026-09-11 15:33:06
中国乐凯集团有限公司,乐凯胶片股份有限公司,材料研发,材料科学与工程,硕士及以上,1,河北保定,,2026-08-27,https://www.spacetalent.com.cn/jituan_xxx.html?id=155&positionId=132036896,2026-09-11 15:33:06
中国乐凯集团有限公司,乐凯胶片股份有限公司,研发岗,化学工程与技术,硕士及以上,2,河北保定,,2026-08-27,https://www.spacetalent.com.cn/jituan_xxx.html?id=155&positionId=132036897,2026-09-11 15:33:06
中国乐凯集团有限公司,乐凯胶片股份有限公司,研发,材料科学与工程 / 材料,硕士及以上,1,河北保定,,2026-08-27,https://www.spacetalent.com.cn/jituan_xxx.html?id=155&positionId=132036898,2026-09-11 15:33:06
中国乐凯集团有限公司,乐凯胶片股份有限公司,技术支持,化学工程与技术 / 化学,硕士,2,河北保定,,2026-08-27,https://www.spacetalent.com.cn/jituan_xxx.html?id=155&positionId=132036899,2026-09-11 15:33:06
中国乐凯集团有限公司,乐凯胶片股份有限公司,机械技术,机械工程,本科及以上,1,河北保定,,2026-08-27,https://www.spacetalent.com.cn/jituan_xxx.html?id=155&positionId=132036900,2026-09-11 15:33:06
中国乐凯集团有限公司,乐凯胶片股份有限公司,工艺管理,化学工程与技术 / 化学,本科及以上,4,河北保定,,2026-08-27,https://www.spacetalent.com.cn/jituan_xxx.html?id=155&positionId=132036901,2026-09-11 15:33:06
中国乐凯集团有限公司,乐凯胶片股份有限公司,技术员,化学工程与技术 / 化学,本科及以上,3,河北保定,,2026-08-27,https://www.spacetalent.com.cn/jituan_xxx.html?id=155&positionId=132036902,2026-09-11 15:33:06
中国乐凯集团有限公司,乐凯胶片股份有限公司,质量管理,化学工程与技术 / 化学,本科及以上,1,河北保定,,2026-08-27,https://www.spacetalent.com.cn/jituan_xxx.html?id=155&positionId=132036903,2026-09-11 15:33:06
中国乐凯集团有限公司,乐凯胶片股份有限公司,安全管理,安全,本科及以上,1,河北保定,,2026-08-27,https://www.spacetalent.com.cn/jituan_xxx.html?id=155&positionId=132036904,2026-09-11 15:33:06
中国乐凯集团有限公司,乐凯胶片股份有限公司,采购管理,工商管理,本科及以上,1,河北保定,,2026-08-27,https://www.spacetalent.com.cn/jituan_xxx.html?id=155&positionId=132036905,2026-09-11 15:33:06
中国乐凯集团有限公司,乐凯胶片股份有限公司,标准管理,化学,本科及以上,1,河北保定,,2026-08-27,https://www.spacetalent.com.cn/jituan_xxx.html?id=155&positionId=132036906,2026-09-11 15:33:06
中国乐凯集团有限公司,乐凯胶片股份有限公司,物化分析,化学工程与技术 / 化学,本科及以上,2,河北保定,,2026-08-27,https://www.spacetalent.com.cn/jituan_xxx.html?id=155&positionId=132036907,2026-09-11 15:33:06
中国乐凯集团有限公司,乐凯胶片股份有限公司,分析技术员,化学,硕士,1,河北保定,,2026-08-27,https://www.spacetalent.com.cn/jituan_xxx.html?id=155&positionId=132036908,2026-09-11 15:33:06
中国乐凯集团有限公司,乐凯胶片股份有限公司,研发,材料,硕士,3,河北保定,,2026-08-27,https://www.spacetalent.com.cn/jituan_xxx.html?id=155&positionId=132036909,2026-09-11 15:33:06
中国乐凯集团有限公司,乐凯胶片股份有限公司,市场营销,工商管理,本科及以上,2,河北保定,,2026-08-27,https://www.spacetalent.com.cn/jituan_xxx.html?id=155&positionId=132036910,2026-09-11 15:33:06
中国乐凯集团有限公司,乐凯胶片股份有限公司,工艺技术员,生物工程 / 生物技术 / 生物科学,硕士,1,河北保定,,2026-08-27,https://www.spacetalent.com.cn/jituan_xxx.html?id=155&positionId=132036911,2026-09-11 15:33:06
中国乐凯集团有限公司,乐凯胶片股份有限公司,研发员,化学工程与技术 / 化学,硕士,4,河北保定,,2026-08-27,https://www.spacetalent.com.cn/jituan_xxx.html?id=155&positionId=132036912,2026-09-11 15:33:06
中国乐凯集团有限公司,合肥乐凯科技产业有限公司,工艺助理工程师/工程师,化学工程与技术 / 材料科学与工程 / 材料,本科及以上,2,安徽合肥,,2026-08-27,https://www.spacetalent.com.cn/jituan_xxx.html?id=155&positionId=132036913,2026-09-11 15:33:06
中国乐凯集团有限公司,合肥乐凯科技产业有限公司,研发工程师,化学工程与技术 / 化学 / 材料科学与工程,硕士及以上,1,安徽合肥,,2026-08-27,https://www.spacetalent.com.cn/jituan_xxx.html?id=155&positionId=132036914,2026-09-11 15:33:06
中国乐凯集团有限公司,合肥乐凯科技产业有限公司,人力资源专员,工商管理,本科及以上,1,安徽合肥,,2026-08-27,https://www.spacetalent.com.cn/jituan_xxx.html?id=155&positionId=132036915,2026-09-11 15:33:06
中国乐凯集团有限公司,合肥乐凯科技产业有限公司,客服技术员/工程师,化学,本科及以上,1,安徽合肥,,2026-08-27,https://www.spacetalent.com.cn/jituan_xxx.html?id=155&positionId=132036916,2026-09-11 15:33:06
中国乐凯集团有限公司,合肥乐凯科技产业有限公司,暖通助理工程师/工程师,动力工程及工程热物理 / 新能源发电工程,本科及以上,1,安徽合肥,,2026-08-27,https://www.spacetalent.com.cn/jituan_xxx.html?id=155&positionId=132036917,2026-09-11 15:33:06
中国乐凯集团有限公司,合肥乐凯科技产业有限公司,机械助理工程师/工程师,机械工程 / 机电设备,本科及以上,1,安徽合肥,,2026-08-27,https://www.spacetalent.com.cn/jituan_xxx.html?id=155&positionId=132036918,2026-09-11 15:33:06
中国乐凯集团有限公司,合肥乐凯科技产业有限公司,电气助理工程师/工程师,电气工程 / 电气 / 自动化,本科及以上,1,安徽合肥,,2026-08-27,https://www.spacetalent.com.cn/jituan_xxx.html?id=155&positionId=132036919,2026-09-11 15:33:06
中国乐凯集团有限公司,合肥乐凯科技产业有限公司,工艺助理工程师/工程师,化学工程与技术 / 材料科学与工程 / 材料,本科及以上,1,安徽合肥,,2026-08-27,https://www.spacetalent.com.cn/jituan_xxx.html?id=155&positionId=132036920,2026-09-11 15:33:06
中国乐凯集团有限公司,合肥乐凯科技产业有限公司,暖通助理工程师/工程师,建筑设备 / 能源动力,本科及以上,1,安徽合肥,,2026-08-27,https://www.spacetalent.com.cn/jituan_xxx.html?id=155&positionId=132036921,2026-09-11 15:33:06
中国乐凯集团有限公司,合肥乐凯科技产业有限公司,工艺助理工程师/工程师,化学工程与技术 / 材料科学与工程 / 材料,本科及以上,4,安徽合肥,,2026-08-27,https://www.spacetalent.com.cn/jituan_xxx.html?id=155&positionId=132036922,2026-09-11 15:33:06
中国乐凯集团有限公司,合肥乐凯科技产业有限公司,工艺助理工程师/工程师,化学工程与技术 / 材料科学与工程 / 材料,本科及以上,3,安徽合肥,,2026-08-27,https://www.spacetalent.com.cn/jituan_xxx.html?id=155&positionId=132036923,2026-09-11 15:33:06
中国乐凯集团有限公司,合肥乐凯科技产业有限公司,质检助理工程师,化学 / 材料,本科及以上,1,安徽合肥,,2026-08-27,https://www.spacetalent.com.cn/jituan_xxx.html?id=155&positionId=132036924,2026-09-11 15:33:06
中国乐凯集团有限公司,沈阳感光化工研究院有限公司,工艺员,化学工程与技术 / 化工与制药,本科及以上,1,辽宁沈阳,,2026-08-27,https://www.spacetalent.com.cn/jituan_xxx.html?id=155&positionId=132036925,2026-09-11 15:33:06
中国乐凯集团有限公司,沈阳感光化工研究院有限公司,研发师,化学工程与技术 / 化工与制药,硕士,2,辽宁沈阳,,2026-08-27,https://www.spacetalent.com.cn/jituan_xxx.html?id=155&positionId=132036926,2026-09-11 15:33:06
中国乐凯集团有限公司,沈阳感光化工研究院有限公司,工程师,电气工程 / 电气,本科及以上,1,辽宁沈阳,,2026-08-27,https://www.spacetalent.com.cn/jituan_xxx.html?id=155&positionId=132036927,2026-09-11 15:33:06
中国乐凯集团有限公司,沈阳感光化工研究院有限公司,总账,工商管理 / 财务会计,本科及以上,1,辽宁沈阳,,2026-08-27,https://www.spacetalent.com.cn/jituan_xxx.html?id=155&positionId=132036928,2026-09-11 15:33:06
中国乐凯集团有限公司,河北乐凯化工工程设计有限公司,自控设计师,控制科学与工程,本科及以上,1,河北保定,,2026-08-27,https://www.spacetalent.com.cn/jituan_xxx.html?id=155&positionId=132036929,2026-09-11 15:33:06
中国乐凯集团有限公司,河北乐凯化工工程设计有限公司,暖通设计师,土木,本科及以上,1,河北保定,,2026-08-27,https://www.spacetalent.com.cn/jituan_xxx.html?id=155&positionId=132036930,2026-09-11 15:33:06
中国乐凯集团有限公司,河北乐凯化工工程设计有限公司,工艺工程师,化学工程与技术,本科及以上,1,河北保定,,2026-08-27,https://www.spacetalent.com.cn/jituan_xxx.html?id=155&positionId=132036931,2026-09-11 15:33:06
中国乐凯集团有限公司,河北乐凯化工工程设计有限公司,给排水设计师,市政工程,本科及以上,1,河北保定,,2026-08-27,https://www.spacetalent.com.cn/jituan_xxx.html?id=155&positionId=132036932,2026-09-11 15:33:06
中国乐凯集团有限公司,河北乐凯化工工程设计有限公司,造价工程师,管理科学与工程,本科及以上,1,河北保定,,2026-08-27,https://www.spacetalent.com.cn/jituan_xxx.html?id=155&positionId=132036933,2026-09-11 15:33:06
中国乐凯集团有限公司,乐凯光电材料有限公司,电气技术,电气工程 / 电气 / 自动化,本科及以上,1,江苏宿迁,,2026-08-27,https://www.spacetalent.com.cn/jituan_xxx.html?id=155&positionId=132036938,2026-09-11 15:33:06
中国乐凯集团有限公司,乐凯光电材料有限公司,研发技术,化学工程与技术 / 材料科学与工程 / 材料,硕士及以上,4,江苏宿迁,,2026-08-27,https://www.spacetalent.com.cn/jituan_xxx.html?id=155&positionId=132036939,2026-09-11 15:33:06
中国乐凯集团有限公司,乐凯光电材料有限公司,综合事务管理,公共管理 / 工商管理,本科及以上,1,江苏宿迁,,2026-08-27,https://www.spacetalent.com.cn/jituan_xxx.html?id=155&positionId=132036940,2026-09-11 15:33:06
中国乐凯集团有限公司,乐凯光电材料有限公司,电气技术,电气工程 / 电气 / 自动化,本科及以上,1,江苏宿迁,,2026-08-27,https://www.spacetalent.com.cn/jituan_xxx.html?id=155&positionId=132036941,2026-09-11 15:33:06
中国乐凯集团有限公司,乐凯光电材料有限公司,工艺技术,化学工程与技术 / 化学 / 材料,本科及以上,2,江苏宿迁,,2026-08-27,https://www.spacetalent.com.cn/jituan_xxx.html?id=155&positionId=132036942,2026-09-11 15:33:06
中国乐凯集团有限公司,乐凯光电材料有限公司,销售管理,化学工程与技术 / 外国语言文学 / 应用经济学,本科及以上,1,江苏宿迁,,2026-08-27,https://www.spacetalent.com.cn/jituan_xxx.html?id=155&positionId=132036943,2026-09-11 15:33:06
中国乐凯集团有限公司,乐凯光电材料有限公司,党群管理,哲学 / 马克思主义理论,硕士,1,江苏宿迁,,2026-08-27,https://www.spacetalent.com.cn/jituan_xxx.html?id=155&positionId=132036944,2026-09-11 15:33:06
中国乐凯集团有限公司,乐凯光电材料有限公司,工程技术（暖通）,土木工程 / 土木,本科及以上,1,江苏宿迁,,2026-08-27,https://www.spacetalent.com.cn/jituan_xxx.html?id=155&positionId=132036945,2026-09-11 15:33:06
中国乐凯集团有限公司,合肥乐凯科技产业有限公司,设备技术员,机械工程 / 机械 / 机电设备,本科及以上,2,天津,,2026-08-27,https://www.spacetalent.com.cn/jituan_xxx.html?id=155&positionId=132036946,2026-09-11 15:33:06
中国乐凯集团有限公司,合肥乐凯科技产业有限公司,工艺技术员,化学工程与技术 / 材料科学与工程 / 材料,本科及以上,2,天津,,2026-08-27,https://www.spacetalent.com.cn/jituan_xxx.html?id=155&positionId=132036947,2026-09-11 15:33:06
中国长城工业集团有限公司,航天长城贸易有限公司,法务经理、专员,诉讼法学,本科及以上,1,北京,否,2023-12-18,https://www.spacetalent.com.cn/jituan_xxx.html?id=165&positionId=1315943,2026-09-11 15:33:06
中国长城工业集团有限公司,北京大观园酒店有限责任公司,网络通信员,计算机类其他专业,本科,1,北京/济南,否,2023-12-18,https://www.spacetalent.com.cn/jituan_xxx.html?id=165&positionId=1315944,2026-09-11 15:33:06
中国长城工业集团有限公司,北京大观园酒店有限责任公司,文员,工商管理,,1,北京,,2025-10-27,https://www.spacetalent.com.cn/jituan_xxx.html?id=165&positionId=132022703,2026-09-11 15:33:06
中国长城工业集团有限公司,长城国际展览有限责任公司,三级技术员,外国语言文学 / 工商管理 / 法律实务,硕士,3,北京,,2026-08-27,https://www.spacetalent.com.cn/jituan_xxx.html?id=165&positionId=132036948,2026-09-11 15:33:06
中国长城工业集团有限公司,长城国际展览有限责任公司,三级技术员,外国语言文学 / 工商管理 / 法律实务,硕士,3,北京,,2026-08-27,https://www.spacetalent.com.cn/jituan_xxx.html?id=165&positionId=132036949,2026-09-11 15:33:06
中国长城工业集团有限公司,北京航天长城卫星应用科技有限公司,研发工程师,信息与通信工程 / 机械工程 / 电子科学与技术,硕士,2,北京,,2026-08-27,https://www.spacetalent.com.cn/jituan_xxx.html?id=165&positionId=132036950,2026-09-11 15:33:06
中国长城工业集团有限公司,北京航天长城卫星应用科技有限公司,研发工程师,外国语言文学 / 控制科学与工程 / 航空航天,硕士,3,北京,,2026-08-27,https://www.spacetalent.com.cn/jituan_xxx.html?id=165&positionId=132036951,2026-09-11 15:33:06
中国长城工业集团有限公司,北京大观园酒店有限责任公司,数智化工程师,电子信息 / 计算机科学与技术 / 计算机,本科,1,北京,,2026-08-27,https://www.spacetalent.com.cn/jituan_xxx.html?id=165&positionId=132036952,2026-09-11 15:33:06
中国长城工业集团有限公司,北京大观园酒店有限责任公司,设备设施运维管理员,公安技术 / 土木 / 电气,本科,1,北京,,2026-08-27,https://www.spacetalent.com.cn/jituan_xxx.html?id=165&positionId=132036953,2026-09-11 15:33:06
中国长城工业集团有限公司,航天新商务信息科技有限公司,用户运营岗,信息与通信工程 / 物流管理与工程 / 电子信息,硕士,1,北京,,2026-08-27,https://www.spacetalent.com.cn/jituan_xxx.html?id=165&positionId=132036954,2026-09-11 15:33:06
中国长城工业集团有限公司,航天新商务信息科技有限公司,供应链技术支持,外国语言文学 / 控制科学与工程 / 软件工程,硕士,3,北京,,2026-08-27,https://www.spacetalent.com.cn/jituan_xxx.html?id=165&positionId=132036955,2026-09-11 15:33:06
中国长城工业集团有限公司,航天新商务信息科技有限公司,供应链技术支持,机械 / 电子科学与技术 / 自动化,硕士,1,北京,,2026-08-27,https://www.spacetalent.com.cn/jituan_xxx.html?id=165&positionId=132036956,2026-09-11 15:33:06
中国长城工业集团有限公司,航天新商务信息科技有限公司,数据库开发工程师,信息与通信工程 / 航空航天 / 计算机,硕士,2,北京,,2026-08-27,https://www.spacetalent.com.cn/jituan_xxx.html?id=165&positionId=132036957,2026-09-11 15:33:06
中国航天科技集团有限公司,中国航天科技集团商业火箭有限公司,软件设计,软件工程 / 导航、制导与控制,硕士及以上,2,上海,否,2024-11-29,https://www.spacetalent.com.cn/jituan_xxx.html?id=317&positionId=1318407,2026-09-11 15:33:06
中国航天科技集团有限公司,中国航天科技集团商业火箭有限公司,气动与热环境,飞行器动力工程,博士,1,上海,否,2024-11-29,https://www.spacetalent.com.cn/jituan_xxx.html?id=317&positionId=1318409,2026-09-11 15:33:06
中国航天科技集团有限公司,中国航天科技集团商业火箭有限公司,IT架构设计师,计算机 / 软件工程 / 力学,硕士及以上,1,上海,否,2024-11-29,https://www.spacetalent.com.cn/jituan_xxx.html?id=317&positionId=1318419,2026-09-11 15:33:06
中国航天科技集团有限公司,中国航天科技集团商业火箭有限公司,IT项目经理,计算机 / 软件工程 / 控制科学与工程,硕士及以上,2,上海,否,2024-11-29,https://www.spacetalent.com.cn/jituan_xxx.html?id=317&positionId=1318420,2026-09-11 15:33:06
中国航天科技集团有限公司,中国航天科技集团商业火箭有限公司,任务总体制导与导航设计,导航、制导与控制 / 控制理论与控制工程,硕士及以上,2,上海,否,2024-12-12,https://www.spacetalent.com.cn/jituan_xxx.html?id=317&positionId=1318434,2026-09-11 15:33:06
中国航天科技集团有限公司,中国航天科技集团商业火箭有限公司,总体结构与地面,机械工程 / 飞行器设计与工程,硕士及以上,3,上海,否,2024-12-12,https://www.spacetalent.com.cn/jituan_xxx.html?id=317&positionId=1318435,2026-09-11 15:33:06
中国航天科技集团有限公司,中国航天科技集团商业火箭有限公司,载荷与动力学、强度设计,力学 / 机械工程,硕士及以上,2,上海,否,2024-12-12,https://www.spacetalent.com.cn/jituan_xxx.html?id=317&positionId=1318436,2026-09-11 15:33:06
中国航天科技集团有限公司,中国航天科技集团商业火箭有限公司,总体动力设计,动力工程及工程热物理 / 机械工程 / 航空宇航科学与技术,硕士及以上,3,上海,否,2024-12-12,https://www.spacetalent.com.cn/jituan_xxx.html?id=317&positionId=1318437,2026-09-11 15:33:06
中国航天科技集团有限公司,中国航天科技集团商业火箭有限公司,电气总体,电子科学与技术 / 电气工程 / 控制科学与工程,硕士及以上,4,上海,否,2024-12-12,https://www.spacetalent.com.cn/jituan_xxx.html?id=317&positionId=1318438,2026-09-11 15:33:06
中国航天科技集团有限公司,中国航天科技集团商业火箭有限公司,姿控总体设计,控制科学与工程 / 航空宇航科学与技术,硕士及以上,3,上海,,2026-08-27,https://www.spacetalent.com.cn/jituan_xxx.html?id=317&positionId=132036779,2026-09-11 15:33:06
中国航天科技集团有限公司,中国航天科技集团商业火箭有限公司,总体结构设计,机械工程 / 机械,硕士及以上,6,上海,,2026-08-27,https://www.spacetalent.com.cn/jituan_xxx.html?id=317&positionId=132036780,2026-09-11 15:33:06
中国航天科技集团有限公司,中国航天科技集团商业火箭有限公司,总体性能设计,控制科学与工程 / 航空宇航科学与技术 / 航空航天,硕士及以上,3,上海,,2026-08-27,https://www.spacetalent.com.cn/jituan_xxx.html?id=317&positionId=132036781,2026-09-11 15:33:06
中国航天科技集团有限公司,中国航天科技集团商业火箭有限公司,气动与热环境设计,力学 / 动力工程及工程热物理,硕士及以上,4,上海,,2026-08-27,https://www.spacetalent.com.cn/jituan_xxx.html?id=317&positionId=132036782,2026-09-11 15:33:06
中国航天科技集团有限公司,中国航天科技集团商业火箭有限公司,发射支持系统设计,力学 / 机械工程,硕士及以上,3,上海,,2026-08-27,https://www.spacetalent.com.cn/jituan_xxx.html?id=317&positionId=132036783,2026-09-11 15:33:06
中国航天科技集团有限公司,中国航天科技集团商业火箭有限公司,结构机构设计,力学 / 机械工程,硕士及以上,7,上海,,2026-08-27,https://www.spacetalent.com.cn/jituan_xxx.html?id=317&positionId=132036784,2026-09-11 15:33:06
中国航天科技集团有限公司,中国航天科技集团商业火箭有限公司,发动机设计,动力工程及工程热物理 / 机械工程 / 航空宇航科学与技术,硕士及以上,4,上海,,2026-08-27,https://www.spacetalent.com.cn/jituan_xxx.html?id=317&positionId=132036785,2026-09-11 15:33:06
中国航天科技集团有限公司,中国航天科技集团商业火箭有限公司,动力系统设计,力学 / 动力工程及工程热物理 / 航空宇航科学与技术,硕士及以上,4,上海,,2026-08-27,https://www.spacetalent.com.cn/jituan_xxx.html?id=317&positionId=132036786,2026-09-11 15:33:06
中国航天科技集团有限公司,中国航天科技集团商业火箭有限公司,流体传动设计,力学 / 机械工程 / 航空宇航科学与技术,硕士及以上,3,上海,,2026-08-27,https://www.spacetalent.com.cn/jituan_xxx.html?id=317&positionId=132036787,2026-09-11 15:33:06
中国航天科技集团有限公司,中国航天科技集团商业火箭有限公司,电气设计,信息与通信工程 / 电子科学与技术 / 电气工程,硕士及以上,5,上海,,2026-08-27,https://www.spacetalent.com.cn/jituan_xxx.html?id=317&positionId=132036788,2026-09-11 15:33:06
中国航天科技集团有限公司,中国航天科技集团商业火箭有限公司,导航、控制及仿真设计,控制科学与工程,硕士及以上,3,上海,,2026-08-27,https://www.spacetalent.com.cn/jituan_xxx.html?id=317&positionId=132036789,2026-09-11 15:33:06
中国航天科技集团有限公司,中国航天科技集团商业火箭有限公司,软件设计,计算机科学与技术 / 计算机,硕士及以上,6,上海,,2026-08-27,https://www.spacetalent.com.cn/jituan_xxx.html?id=317&positionId=132036790,2026-09-11 15:33:06
中国航天科技集团有限公司,中国航天科技集团商业火箭有限公司,发射场系统总体设计,机械工程 / 电气 / 航空航天,硕士,6,上海,,2026-08-27,https://www.spacetalent.com.cn/jituan_xxx.html?id=317&positionId=132036791,2026-09-11 15:33:06
中国航天科技集团有限公司,中国航天科技集团商业火箭有限公司,智能TGNC设计,力学 / 控制科学与工程 / 航空宇航科学与技术,硕士及以上,3,上海,,2026-08-27,https://www.spacetalent.com.cn/jituan_xxx.html?id=317&positionId=132036792,2026-09-11 15:33:06
中国航天科技集团有限公司,中国航天科技集团商业火箭有限公司,强度仿真设计,力学 / 机械 / 航空宇航科学与技术,硕士及以上,4,上海,,2026-08-27,https://www.spacetalent.com.cn/jituan_xxx.html?id=317&positionId=132036793,2026-09-11 15:33:06
中国航天科技集团有限公司,中国航天科技集团商业火箭有限公司,AI与架构设计,计算机科学与技术,硕士及以上,2,上海,,2026-08-27,https://www.spacetalent.com.cn/jituan_xxx.html?id=317&positionId=132036794,2026-09-11 15:33:06
中国航天科技集团有限公司,中国航天科技集团商业火箭有限公司,人工智能技术应用设计,航空宇航科学与技术 / 计算机科学与技术,硕士及以上,4,上海,,2026-08-27,https://www.spacetalent.com.cn/jituan_xxx.html?id=317&positionId=132036795,2026-09-11 15:33:06
中国航天科技集团有限公司,中国航天科技集团商业卫星有限公司,网络架构与协议开发岗,信息与通信工程 / 电子科学与技术 / 计算机科学与技术,硕士及以上,5,北京,否,2024-12-21,https://www.spacetalent.com.cn/jituan_xxx.html?id=316&positionId=1318421,2026-09-11 15:33:06
中国航天科技集团有限公司,中国航天科技集团商业卫星有限公司,通信体制总体设计岗,信息与通信工程 / 电子科学与技术 / 计算机科学与技术,硕士及以上,5,北京,否,2024-12-21,https://www.spacetalent.com.cn/jituan_xxx.html?id=316&positionId=1318422,2026-09-11 15:33:06
中国航天科技集团有限公司,中国航天科技集团商业卫星有限公司,软件架构设计,计算机科学与技术 / 软件工程 / 自动化,硕士及以上,10,北京,否,2024-12-21,https://www.spacetalent.com.cn/jituan_xxx.html?id=316&positionId=1318424,2026-09-11 15:33:06
中国航天科技集团有限公司,中国航天科技集团商业卫星有限公司,软件代码开发工程师,软件技术 / 软件工程 / 自动化,硕士及以上,5,北京,否,2024-12-21,https://www.spacetalent.com.cn/jituan_xxx.html?id=316&positionId=1318425,2026-09-11 15:33:06
中国航天科技集团有限公司,中国航天科技集团商业卫星有限公司,软件测试,软件技术 / 软件工程 / 自动化,硕士及以上,5,北京,否,2024-12-21,https://www.spacetalent.com.cn/jituan_xxx.html?id=316&positionId=1318426,2026-09-11 15:33:06
中国航天科技集团有限公司,中国航天科技集团商业卫星有限公司,计划管理,航空航天 / 电气工程 / 计算机,硕士及以上,3,北京,否,2024-12-21,https://www.spacetalent.com.cn/jituan_xxx.html?id=316&positionId=1318427,2026-09-11 15:33:06
中国航天科技集团有限公司,中国航天科技集团商业卫星有限公司,产保工程师,航空航天 / 信息与通信工程 / 电气工程,硕士及以上,4,北京,否,2024-12-21,https://www.spacetalent.com.cn/jituan_xxx.html?id=316&positionId=1318428,2026-09-11 15:33:06
中国航天科技集团有限公司,中国航天科技集团商业卫星有限公司,通信卫星电测工程师,航空航天 / 信息与通信工程 / 电子科学与技术,硕士及以上,10,北京,否,2024-12-21,https://www.spacetalent.com.cn/jituan_xxx.html?id=316&positionId=1318429,2026-09-11 15:33:06
中国航天科技集团有限公司,中国航天科技集团商业卫星有限公司,硬件架构设计,信息与通信工程 / 电子科学与技术 / 计算机科学与技术,硕士及以上,5,北京,否,2024-12-21,https://www.spacetalent.com.cn/jituan_xxx.html?id=316&positionId=1318430,2026-09-11 15:33:06
中国航天科技集团有限公司,中国航天科技集团商业卫星有限公司,热控总体,动力工程及工程热物理,硕士及以上,2,北京,否,2024-12-21,https://www.spacetalent.com.cn/jituan_xxx.html?id=316&positionId=1318431,2026-09-11 15:33:06
中国航天科技集团有限公司,中国航天科技集团商业卫星有限公司,产保经理,信息与通信工程 / 电子科学与技术 / 计算机科学与技术,硕士及以上,5,北京,否,2024-12-21,https://www.spacetalent.com.cn/jituan_xxx.html?id=316&positionId=1318432,2026-09-11 15:33:06
中国航天科技集团有限公司,中国航天科技集团商业卫星有限公司,载荷总体岗,信息与通信工程 / 电子科学与技术 / 航空宇航科学与技术,硕士及以上,3,北京,否,2024-12-21,https://www.spacetalent.com.cn/jituan_xxx.html?id=316&positionId=1318433,2026-09-11 15:33:06
中国航天科技集团商业卫星有限公司,上海航天空间技术有限公司,卫星机械总体岗,力学 / 机械 / 航空航天,硕士及以上,3,上海,,2026-08-27,https://www.spacetalent.com.cn/jituan_xxx.html?id=316&positionId=132036174,2026-09-11 15:33:06
中国航天科技集团商业卫星有限公司,上海航天空间技术有限公司,测控/GNSS分系统设计储备岗,信息与通信工程 / 电子信息 / 电子科学与技术,硕士及以上,1,上海,,2026-08-27,https://www.spacetalent.com.cn/jituan_xxx.html?id=316&positionId=132036175,2026-09-11 15:33:06
中国航天科技集团商业卫星有限公司,上海航天空间技术有限公司,信息化岗,计算机,硕士及以上,2,上海,,2026-08-27,https://www.spacetalent.com.cn/jituan_xxx.html?id=316&positionId=132036176,2026-09-11 15:33:06
中国航天科技集团商业卫星有限公司,上海航天空间技术有限公司,质量岗,工业工程 / 机械,硕士及以上,4,上海,,2026-08-27,https://www.spacetalent.com.cn/jituan_xxx.html?id=316&positionId=132036177,2026-09-11 15:33:06
中国航天科技集团商业卫星有限公司,上海航天空间技术有限公司,供应链岗,电气 / 计算机,硕士及以上,3,上海,,2026-08-27,https://www.spacetalent.com.cn/jituan_xxx.html?id=316&positionId=132036178,2026-09-11 15:33:06
中国航天科技集团商业卫星有限公司,上海航天空间技术有限公司,软件体系岗,计算机,硕士及以上,1,上海,,2026-08-27,https://www.spacetalent.com.cn/jituan_xxx.html?id=316&positionId=132036179,2026-09-11 15:33:06
中国航天科技集团商业卫星有限公司,上海航天空间技术有限公司,总装/产品工艺岗,机械 / 航空航天,硕士及以上,4,上海,,2026-08-27,https://www.spacetalent.com.cn/jituan_xxx.html?id=316&positionId=132036180,2026-09-11 15:33:06
中国航天科技集团商业卫星有限公司,上海航天空间技术有限公司,总装/产品装配操作岗,机械 / 航空航天,本科及以上,6,上海,,2026-08-27,https://www.spacetalent.com.cn/jituan_xxx.html?id=316&positionId=132036181,2026-09-11 15:33:06
中国航天科技集团商业卫星有限公司,上海航天空间技术有限公司,人力资源管理,工商管理,硕士及以上,1,上海,,2026-08-27,https://www.spacetalent.com.cn/jituan_xxx.html?id=316&positionId=132036182,2026-09-11 15:33:06
中国航天科技集团商业卫星有限公司,上海航天空间技术有限公司,财务岗,工商管理 / 财务会计,硕士及以上,1,上海,,2026-08-27,https://www.spacetalent.com.cn/jituan_xxx.html?id=316&positionId=132036183,2026-09-11 15:33:06
中国航天科技集团商业卫星有限公司,上海航天空间技术有限公司,控制总体岗,控制科学与工程,硕士及以上,1,上海,,2026-08-27,https://www.spacetalent.com.cn/jituan_xxx.html?id=316&positionId=132036184,2026-09-11 15:33:06
中国航天科技集团商业卫星有限公司,上海航天空间技术有限公司,载荷总体岗,光学工程 / 物理学 / 电子信息,硕士及以上,3,上海,,2026-08-27,https://www.spacetalent.com.cn/jituan_xxx.html?id=316&positionId=132036185,2026-09-11 15:33:06
中国航天科技集团商业卫星有限公司,上海航天空间技术有限公司,卫星结构设计岗,力学 / 机械 / 航空航天,硕士及以上,2,上海,,2026-08-27,https://www.spacetalent.com.cn/jituan_xxx.html?id=316&positionId=132036186,2026-09-11 15:33:06
中国航天科技集团商业卫星有限公司,上海航天空间技术有限公司,嵌入式软件开发岗,电子信息 / 自动化 / 计算机,硕士及以上,2,上海,,2026-08-27,https://www.spacetalent.com.cn/jituan_xxx.html?id=316&positionId=132036187,2026-09-11 15:33:06
中国航天科技集团商业卫星有限公司,上海航天空间技术有限公司,机械产品岗,机械工程 / 机械 / 航空航天,硕士及以上,3,上海,,2026-08-27,https://www.spacetalent.com.cn/jituan_xxx.html?id=316&positionId=132036188,2026-09-11 15:33:06
中国航天科技集团商业卫星有限公司,上海航天空间技术有限公司,AI研发岗,电子信息 / 自动化 / 计算机,硕士及以上,2,上海,,2026-08-27,https://www.spacetalent.com.cn/jituan_xxx.html?id=316&positionId=132036189,2026-09-11 15:33:06
中国航天科技集团商业卫星有限公司,上海航天空间技术有限公司,综合电子分系统设计储备岗,电子信息 / 自动化 / 计算机,硕士及以上,3,上海,,2026-08-27,https://www.spacetalent.com.cn/jituan_xxx.html?id=316&positionId=132036190,2026-09-11 15:33:06
中国航天科技集团商业卫星有限公司,上海航天空间技术有限公司,测试系统岗,电子信息 / 电气 / 自动化,硕士及以上,4,上海,,2026-08-27,https://www.spacetalent.com.cn/jituan_xxx.html?id=316&positionId=132036191,2026-09-11 15:33:06
中国航天科技集团商业卫星有限公司,上海航天空间技术有限公司,供配电总体岗,电气工程 / 电气 / 自动化,硕士及以上,3,上海,,2026-08-27,https://www.spacetalent.com.cn/jituan_xxx.html?id=316&positionId=132036192,2026-09-11 15:33:06
中国航天科技集团商业卫星有限公司,上海航天空间技术有限公司,热控总体岗,力学 / 动力工程及工程热物理,硕士及以上,6,上海,,2026-08-27,https://www.spacetalent.com.cn/jituan_xxx.html?id=316&positionId=132036193,2026-09-11 15:33:06
中国航天科技集团商业卫星有限公司,上海航天空间技术有限公司,软件产保岗,电子信息 / 自动化 / 计算机,硕士及以上,1,上海,,2026-08-27,https://www.spacetalent.com.cn/jituan_xxx.html?id=316&positionId=132036194,2026-09-11 15:33:06
中国航天科技集团商业卫星有限公司,上海航天空间技术有限公司,数传/通信分系统设计储备岗,信息与通信工程 / 电子信息 / 电子科学与技术,硕士及以上,2,上海,,2026-08-27,https://www.spacetalent.com.cn/jituan_xxx.html?id=316&positionId=132036195,2026-09-11 15:33:06
中国航天科技集团商业卫星有限公司,上海航天空间技术有限公司,软件研发岗,电子信息 / 自动化 / 计算机,硕士及以上,5,上海,,2026-08-27,https://www.spacetalent.com.cn/jituan_xxx.html?id=316&positionId=132036196,2026-09-11 15:33:06
中国航天科技集团商业卫星有限公司,上海航天空间技术有限公司,软件测试岗,电子信息 / 自动化 / 计算机,硕士及以上,2,上海,,2026-08-27,https://www.spacetalent.com.cn/jituan_xxx.html?id=316&positionId=132036197,2026-09-11 15:33:06
中国航天科技集团有限公司,中国航天科技集团商业卫星有限公司,科研综合岗,公共管理 / 管理科学与工程,硕士及以上,1,河北雄安,,2026-08-27,https://www.spacetalent.com.cn/jituan_xxx.html?id=316&positionId=132036796,2026-09-11 15:33:06
中国航天科技集团有限公司,中国航天科技集团商业卫星有限公司,计划经理岗,管理科学与工程 / 航空宇航科学与技术,硕士及以上,2,河北雄安,,2026-08-27,https://www.spacetalent.com.cn/jituan_xxx.html?id=316&positionId=132036797,2026-09-11 15:33:06
中国航天科技集团有限公司,中国航天科技集团商业卫星有限公司,交换路由技术设计,信息与通信工程 / 电子信息 / 通信,硕士及以上,2,河北雄安,,2026-08-27,https://www.spacetalent.com.cn/jituan_xxx.html?id=316&positionId=132036798,2026-09-11 15:33:06
中国航天科技集团有限公司,中国航天科技集团商业卫星有限公司,信息系统开发,计算机科学与技术 / 计算机 / 软件工程,硕士及以上,4,河北雄安,,2026-08-27,https://www.spacetalent.com.cn/jituan_xxx.html?id=316&positionId=132036799,2026-09-11 15:33:06
中国航天科技集团有限公司,中国航天科技集团商业卫星有限公司,射频技术设计,信息与通信工程 / 电子信息 / 通信,硕士及以上,2,河北雄安,,2026-08-27,https://www.spacetalent.com.cn/jituan_xxx.html?id=316&positionId=132036800,2026-09-11 15:33:06
中国航天科技集团有限公司,中国航天科技集团商业卫星有限公司,高层协议技术设计,信息与通信工程 / 电子信息 / 通信,硕士及以上,2,河北雄安,,2026-08-27,https://www.spacetalent.com.cn/jituan_xxx.html?id=316&positionId=132036801,2026-09-11 15:33:06
中国航天科技集团有限公司,中国航天科技集团商业卫星有限公司,物理层技术设计,信息与通信工程 / 电子信息 / 通信,硕士及以上,2,河北雄安,,2026-08-27,https://www.spacetalent.com.cn/jituan_xxx.html?id=316&positionId=132036802,2026-09-11 15:33:06
中国航天科技集团有限公司,中国航天科技集团商业卫星有限公司,载荷总体岗,信息与通信工程 / 电子信息 / 通信,硕士及以上,5,河北雄安,,2026-08-27,https://www.spacetalent.com.cn/jituan_xxx.html?id=316&positionId=132036803,2026-09-11 15:33:06
中国航天科技集团有限公司,中国航天科技集团商业卫星有限公司,载荷产品测试岗,电子信息 / 电子科学与技术 / 电气工程,硕士及以上,2,河北雄安,,2026-08-27,https://www.spacetalent.com.cn/jituan_xxx.html?id=316&positionId=132036804,2026-09-11 15:33:06
中国航天科技集团有限公司,中国航天科技集团商业卫星有限公司,综合管理,公共管理 / 政治学 / 管理科学与工程,硕士,1,河北雄安,,2026-08-27,https://www.spacetalent.com.cn/jituan_xxx.html?id=316&positionId=132036805,2026-09-11 15:33:06
中国航天科技集团有限公司,中国航天科技集团商业卫星有限公司,综合电子及热控测试岗,电子信息 / 电子科学与技术 / 电气工程,硕士及以上,4,河北雄安,,2026-08-27,https://www.spacetalent.com.cn/jituan_xxx.html?id=316&positionId=132036806,2026-09-11 15:33:06
中国航天科技集团有限公司,中国航天科技集团商业卫星有限公司,电测总控岗,电子信息 / 电子科学与技术 / 电气工程,硕士及以上,4,河北雄安,,2026-08-27,https://www.spacetalent.com.cn/jituan_xxx.html?id=316&positionId=132036807,2026-09-11 15:33:06
中国航天科技集团有限公司,中国航天科技集团商业卫星有限公司,测控测试岗,电子信息 / 电子科学与技术 / 电气工程,硕士及以上,4,河北雄安,,2026-08-27,https://www.spacetalent.com.cn/jituan_xxx.html?id=316&positionId=132036808,2026-09-11 15:33:06
中国航天科技集团有限公司,中国航天科技集团商业卫星有限公司,数字AI设计师,计算机科学与技术 / 计算机 / 软件工程,硕士及以上,1,河北雄安,,2026-08-27,https://www.spacetalent.com.cn/jituan_xxx.html?id=316&positionId=132036809,2026-09-11 15:33:06
中国航天科技集团有限公司,中国航天科技集团商业卫星有限公司,控制推进测试岗,电子信息 / 电子科学与技术 / 电气工程,硕士及以上,4,河北雄安,,2026-08-27,https://www.spacetalent.com.cn/jituan_xxx.html?id=316&positionId=132036810,2026-09-11 15:33:06
中国航天科技集团有限公司,中国航天科技集团商业卫星有限公司,卫星通信系统设计,信息与通信工程 / 电子信息 / 通信,硕士及以上,2,河北雄安,,2026-08-27,https://www.spacetalent.com.cn/jituan_xxx.html?id=316&positionId=132036811,2026-09-11 15:33:06
中国航天科技集团有限公司,中国航天科技集团商业卫星有限公司,供配电设计,电子信息 / 电子科学与技术 / 电气工程,硕士及以上,4,河北雄安,,2026-08-27,https://www.spacetalent.com.cn/jituan_xxx.html?id=316&positionId=132036812,2026-09-11 15:33:06
中国航天科技集团有限公司,中国航天科技集团商业卫星有限公司,供配电测试岗,电子信息 / 电子科学与技术 / 电气工程,硕士及以上,2,河北雄安,,2026-08-27,https://www.spacetalent.com.cn/jituan_xxx.html?id=316&positionId=132036813,2026-09-11 15:33:06
中国航天科技集团有限公司,中国航天科技集团商业卫星有限公司,体制协议设计,信息与通信工程 / 电子信息 / 通信,硕士及以上,2,河北雄安,,2026-08-27,https://www.spacetalent.com.cn/jituan_xxx.html?id=316&positionId=132036814,2026-09-11 15:33:06
中国航天科技集团有限公司,中国航天科技集团商业卫星有限公司,卫星智能体工程师,计算机科学与技术 / 计算机 / 软件工程,硕士及以上,1,河北雄安,,2026-08-27,https://www.spacetalent.com.cn/jituan_xxx.html?id=316&positionId=132036815,2026-09-11 15:33:06
中国航天科技集团有限公司,中国航天科技集团商业卫星有限公司,产品工程技术,电子信息 / 电子科学与技术 / 电气工程,硕士及以上,2,河北雄安,,2026-08-27,https://www.spacetalent.com.cn/jituan_xxx.html?id=316&positionId=132036816,2026-09-11 15:33:06
中国航天科技集团有限公司,中国航天科技集团商业卫星有限公司,阵列天线技术设计,信息与通信工程 / 电子信息 / 通信,硕士及以上,2,河北雄安,,2026-08-27,https://www.spacetalent.com.cn/jituan_xxx.html?id=316&positionId=132036817,2026-09-11 15:33:06
中国航天科技集团有限公司,中国航天科技集团商业卫星有限公司,载荷分系统测试岗,信息与通信工程 / 电子信息 / 通信,硕士及以上,6,河北雄安,,2026-08-27,https://www.spacetalent.com.cn/jituan_xxx.html?id=316&positionId=132036818,2026-09-11 15:33:06
中国航天科技集团有限公司,中国航天科技集团商业卫星有限公司,法律与合规审计管理岗,法学,硕士及以上,1,河北雄安,,2026-08-27,https://www.spacetalent.com.cn/jituan_xxx.html?id=316&positionId=132036819,2026-09-11 15:33:06
中国航天科技集团有限公司,中国航天科技集团商业卫星有限公司,党建管理岗,政治学 / 管理科学与工程 / 马克思主义理论,硕士及以上,1,河北雄安,,2026-08-27,https://www.spacetalent.com.cn/jituan_xxx.html?id=316&positionId=132036820,2026-09-11 15:33:06
中国航天科技集团有限公司,中国航天科技集团商业卫星有限公司,出纳岗,工商管理 / 财务会计 / 财政税务,硕士及以上,1,河北雄安,,2026-08-27,https://www.spacetalent.com.cn/jituan_xxx.html?id=316&positionId=132036821,2026-09-11 15:33:06
中国航天科技集团有限公司,中国航天科技集团商业卫星有限公司,人力信息化建设岗,公共管理 / 工商管理,硕士及以上,1,河北雄安,,2026-08-27,https://www.spacetalent.com.cn/jituan_xxx.html?id=316&positionId=132036822,2026-09-11 15:33:06
中国航天科技集团有限公司,中国航天科技集团商业卫星有限公司,专职安全员,安全科学与工程 / 安全 / 工业工程,硕士及以上,1,河北雄安,,2026-08-27,https://www.spacetalent.com.cn/jituan_xxx.html?id=316&positionId=132036823,2026-09-11 15:33:06
中国航天科技集团有限公司,中国航天科技集团商业卫星有限公司,产保助理,安全科学与工程 / 工业工程 / 航空航天,硕士及以上,1,河北雄安,,2026-08-27,https://www.spacetalent.com.cn/jituan_xxx.html?id=316&positionId=132036824,2026-09-11 15:33:06
中国航天科技集团有限公司,中国航天科技集团商业卫星有限公司,采购主管岗,工商管理 / 物流管理与工程 / 管理科学与工程,硕士及以上,1,河北雄安,,2026-08-27,https://www.spacetalent.com.cn/jituan_xxx.html?id=316&positionId=132036825,2026-09-11 15:33:06
中国航天科技集团有限公司,中国航天科技集团商业卫星有限公司,数据主管岗,信息与通信工程 / 计算机科学与技术 / 软件工程,硕士及以上,1,河北雄安,,2026-08-27,https://www.spacetalent.com.cn/jituan_xxx.html?id=316&positionId=132036826,2026-09-11 15:33:06
中国航天科技集团有限公司,中国航天科技集团商业卫星有限公司,供应商主管岗,工商管理 / 物流管理与工程 / 管理科学与工程,硕士及以上,1,河北雄安,,2026-08-27,https://www.spacetalent.com.cn/jituan_xxx.html?id=316&positionId=132036827,2026-09-11 15:33:06
中国航天科技集团商业卫星有限公司,航天卫星超级工厂（海南）有限公司,测试工程师,电子信息 / 航空航天 / 通信,硕士,10,海南文昌,,2026-08-27,https://www.spacetalent.com.cn/jituan_xxx.html?id=316&positionId=132036828,2026-09-11 15:33:06
中国航天科技集团商业卫星有限公司,航天卫星超级工厂（海南）有限公司,智能仓储工程师,物流管理与工程 / 物流,硕士,1,海南文昌,,2026-08-27,https://www.spacetalent.com.cn/jituan_xxx.html?id=316&positionId=132036829,2026-09-11 15:33:06
中国航天科技集团商业卫星有限公司,航天卫星超级工厂（海南）有限公司,卫星总装及测试试验操作工,机械 / 航空航天 / 通信,本科,15,海南文昌,,2026-08-27,https://www.spacetalent.com.cn/jituan_xxx.html?id=316&positionId=132036830,2026-09-11 15:33:06
中国航天科技集团商业卫星有限公司,航天卫星超级工厂（海南）有限公司,热试验工程师,动力工程及工程热物理 / 材料科学与工程,硕士,3,海南文昌,,2026-08-27,https://www.spacetalent.com.cn/jituan_xxx.html?id=316&positionId=132036831,2026-09-11 15:33:06
中国航天科技集团商业卫星有限公司,航天卫星超级工厂（海南）有限公司,采购管理员,物流管理与工程 / 物流,硕士,1,海南文昌,,2026-08-27,https://www.spacetalent.com.cn/jituan_xxx.html?id=316&positionId=132036832,2026-09-11 15:33:06
中国航天科技集团商业卫星有限公司,航天卫星超级工厂（海南）有限公司,计划调度工程师,机械 / 航空航天,硕士,1,海南文昌,,2026-08-27,https://www.spacetalent.com.cn/jituan_xxx.html?id=316&positionId=132036833,2026-09-11 15:33:06
中国航天科技集团商业卫星有限公司,航天卫星超级工厂（海南）有限公司,整星工艺工程师,机械 / 航空航天,硕士,1,海南文昌,,2026-08-27,https://www.spacetalent.com.cn/jituan_xxx.html?id=316&positionId=132036834,2026-09-11 15:33:06
中国航天科技集团有限公司,中国航天系统科学与工程研究院,安全生产研究,兵器 / 安全科学与工程 / 安全,硕士及以上,1,北京,,2026-08-27,https://www.spacetalent.com.cn/jituan_xxx.html?id=166&positionId=132036835,2026-09-11 15:33:06
中国航天科技集团有限公司,中国航天系统科学与工程研究院,知识产权分析评议,控制科学与工程 / 电子科学与技术 / 计算机,硕士及以上,1,北京,,2026-08-27,https://www.spacetalent.com.cn/jituan_xxx.html?id=166&positionId=132036836,2026-09-11 15:33:06
中国航天科技集团有限公司,中国航天系统科学与工程研究院,战略规划咨询,兵器 / 图书情报与档案管理 / 管理科学与工程,硕士及以上,1,北京,,2026-08-27,https://www.spacetalent.com.cn/jituan_xxx.html?id=166&positionId=132036837,2026-09-11 15:33:06
中国航天科技集团有限公司,中国航天系统科学与工程研究院,科技情报分析,信息与通信工程 / 航空航天 / 计算机科学与技术,硕士及以上,1,北京,,2026-08-27,https://www.spacetalent.com.cn/jituan_xxx.html?id=166&positionId=132036838,2026-09-11 15:33:06
中国航天科技集团有限公司,中国航天系统科学与工程研究院,体系论证评估,控制科学与工程 / 航空航天 / 计算机科学与技术,硕士及以上,2,北京,,2026-08-27,https://www.spacetalent.com.cn/jituan_xxx.html?id=166&positionId=132036839,2026-09-11 15:33:06
中国航天科技集团有限公司,中国航天系统科学与工程研究院,系统/决策建模,控制科学与工程 / 管理科学与工程 / 航空航天,博士,1,北京,,2026-08-27,https://www.spacetalent.com.cn/jituan_xxx.html?id=166&positionId=132036840,2026-09-11 15:33:06
中国航天科技集团有限公司,中国航天系统科学与工程研究院,经营管控研究,应用经济学 / 经济学 / 金融学,博士,1,北京,,2026-08-27,https://www.spacetalent.com.cn/jituan_xxx.html?id=166&positionId=132036841,2026-09-11 15:33:06
中国航天科技集团有限公司,中国航天系统科学与工程研究院,软件研发,控制科学与工程 / 电子科学与技术 / 计算机科学与技术,硕士及以上,1,北京,,2026-08-27,https://www.spacetalent.com.cn/jituan_xxx.html?id=166&positionId=132036842,2026-09-11 15:33:06
中国航天科技集团有限公司,中国航天系统科学与工程研究院,产品实施,机械 / 电子信息 / 计算机,本科及以上,1,北京,,2026-08-27,https://www.spacetalent.com.cn/jituan_xxx.html?id=166&positionId=132036843,2026-09-11 15:33:06
中国航天科技集团有限公司,中国航天系统科学与工程研究院,知识产权代理,航空航天 / 计算机 / 通信,硕士及以上,2,北京,,2026-08-27,https://www.spacetalent.com.cn/jituan_xxx.html?id=166&positionId=132036844,2026-09-11 15:33:06
中国航天科技集团有限公司,中国航天系统科学与工程研究院,网络安全测评,网络空间安全 / 计算机科学与技术 / 计算机,硕士及以上,1,北京,,2026-08-27,https://www.spacetalent.com.cn/jituan_xxx.html?id=166&positionId=132036845,2026-09-11 15:33:06
中国航天科技集团有限公司,中国航天系统科学与工程研究院,智能软件测试,网络空间安全 / 计算机科学与技术 / 计算机,硕士及以上,2,北京,,2026-08-27,https://www.spacetalent.com.cn/jituan_xxx.html?id=166&positionId=132036846,2026-09-11 15:33:06
中国航天科技集团有限公司,中国航天系统科学与工程研究院,系统测评,网络空间安全 / 计算机科学与技术 / 计算机,硕士及以上,1,北京,,2026-08-27,https://www.spacetalent.com.cn/jituan_xxx.html?id=166&positionId=132036847,2026-09-11 15:33:06
中国航天科技集团有限公司,中国航天系统科学与工程研究院,网安评估,网络空间安全 / 计算机科学与技术 / 计算机,硕士及以上,1,北京,,2026-08-27,https://www.spacetalent.com.cn/jituan_xxx.html?id=166&positionId=132036848,2026-09-11 15:33:06
中国航天系统科学与工程研究院,航天工程咨询（北京）有限公司,工程咨询,控制科学与工程 / 机械 / 电子信息,硕士及以上,1,北京,,2026-08-27,https://www.spacetalent.com.cn/jituan_xxx.html?id=166&positionId=132036849,2026-09-11 15:33:06
中国航天系统科学与工程研究院,航天工程咨询（北京）有限公司,管理咨询,管理科学与工程 / 经济学 / 金融,硕士及以上,1,北京,,2026-08-27,https://www.spacetalent.com.cn/jituan_xxx.html?id=166&positionId=132036850,2026-09-11 15:33:06
中国四维测绘技术有限公司,北京航天世景信息技术有限公司,总经理,计算机应用技术,本科及以上,1,北京,否,2025-08-28,https://www.spacetalent.com.cn/jituan_xxx.html?id=182&positionId=1313321,2026-09-11 15:33:06
中国航天科技集团有限公司,中国四维测绘技术有限公司,国内销售二部副部长,遥感科学与技术,本科及以上,1,北京,否,2024-07-31,https://www.spacetalent.com.cn/jituan_xxx.html?id=182&positionId=1315979,2026-09-11 15:33:06
中国四维测绘技术有限公司,北京航天世景信息技术有限公司,国内销售代表（销售经理）,市场营销,本科,10,北京,否,2025-03-25,https://www.spacetalent.com.cn/jituan_xxx.html?id=182&positionId=1318480,2026-09-11 15:33:06
中国航天科技集团有限公司,中国四维测绘技术有限公司,开发工程师,测绘科学与技术 / 计算机,硕士及以上,2,北京,,2026-08-27,https://www.spacetalent.com.cn/jituan_xxx.html?id=182&positionId=132036958,2026-09-11 15:33:06
中国航天科技集团有限公司,中国四维测绘技术有限公司,卫星工程总体,控制科学与工程 / 电子信息 / 航空航天,硕士及以上,5,北京,,2026-08-27,https://www.spacetalent.com.cn/jituan_xxx.html?id=182&positionId=132036959,2026-09-11 15:33:06
中国航天科技集团有限公司,中国四维测绘技术有限公司,开发工程师,信息与通信工程 / 电子科学与技术 / 软件工程,硕士及以上,2,北京,,2026-08-27,https://www.spacetalent.com.cn/jituan_xxx.html?id=182&positionId=132036960,2026-09-11 15:33:06
中国航天科技集团有限公司,中国四维测绘技术有限公司,开发工程师,地理学 / 测绘科学与技术 / 计算机,硕士及以上,3,北京,,2026-08-27,https://www.spacetalent.com.cn/jituan_xxx.html?id=182&positionId=132036961,2026-09-11 15:33:06
中国四维测绘技术有限公司,四维高景卫星遥感有限公司,解决方案工程师岗,测绘地理信息 / 计算机,硕士,2,浙江杭州,,2026-08-27,https://www.spacetalent.com.cn/jituan_xxx.html?id=182&positionId=132036962,2026-09-11 15:33:06
中国四维测绘技术有限公司,北京航天世景信息技术有限公司,解决方案工程师,农业工程 / 水利 / 计算机,硕士,1,北京,,2026-08-27,https://www.spacetalent.com.cn/jituan_xxx.html?id=182&positionId=132036963,2026-09-11 15:33:06
中国四维测绘技术有限公司,北京航天世景信息技术有限公司,遥感算法工程师（AI）,测绘地理信息 / 测绘科学与技术 / 测绘,硕士,1,北京,,2026-08-27,https://www.spacetalent.com.cn/jituan_xxx.html?id=182&positionId=132036964,2026-09-11 15:33:06
中国四维测绘技术有限公司,北京航天世景信息技术有限公司,全栈工程师,计算机科学与技术 / 计算机 / 软件工程,硕士,1, 北京,,2026-08-27,https://www.spacetalent.com.cn/jituan_xxx.html?id=182&positionId=132036965,2026-09-11 15:33:06
中国四维测绘技术有限公司,北京航天世景信息技术有限公司,项目经理,测绘地理信息 / 测绘科学与技术 / 测绘,硕士,1,北京,,2026-08-27,https://www.spacetalent.com.cn/jituan_xxx.html?id=182&positionId=132036967,2026-09-11 15:33:06
中国四维测绘技术有限公司,四维世景科技（北京）有限公司,AI工程师,电子信息 / 计算机科学与技术 / 软件工程,硕士及以上,1,北京,,2026-08-27,https://www.spacetalent.com.cn/jituan_xxx.html?id=182&positionId=132036968,2026-09-11 15:33:06
中国四维测绘技术有限公司,四维世景科技（北京）有限公司,研发工程师,地理学 / 计算机科学与技术 / 软件工程,硕士及以上,1,北京,,2026-08-27,https://www.spacetalent.com.cn/jituan_xxx.html?id=182&positionId=132036969,2026-09-11 15:33:06
中国四维测绘技术有限公司,四维世景科技（北京）有限公司,算法工程师,地理学 / 测绘科学与技术 / 计算机科学与技术,硕士及以上,1,北京,,2026-08-27,https://www.spacetalent.com.cn/jituan_xxx.html?id=182&positionId=132036970,2026-09-11 15:33:06
中国四维测绘技术有限公司,四维世景科技（北京）有限公司,研发工程师,电子信息 / 计算机科学与技术 / 软件工程,硕士及以上,1,北京,,2026-08-27,https://www.spacetalent.com.cn/jituan_xxx.html?id=182&positionId=132036971,2026-09-11 15:33:06
中国航天科技集团有限公司,航天科技财务有限责任公司,客户经理,经济学 / 财务会计 / 金融学,硕士及以上,1,北京,,2026-08-27,https://www.spacetalent.com.cn/jituan_xxx.html?id=169&positionId=132036972,2026-09-11 15:33:06
中国航天科技集团有限公司,航天科技财务有限责任公司,数字化岗,计算机科学与技术 / 软件工程,硕士及以上,1,北京,,2026-08-27,https://www.spacetalent.com.cn/jituan_xxx.html?id=169&positionId=132036973,2026-09-11 15:33:06
中国航天科技集团有限公司,航天科技财务有限责任公司,司库管理,经济学 / 财务会计 / 金融学,硕士及以上,2,北京,,2026-08-27,https://www.spacetalent.com.cn/jituan_xxx.html?id=169&positionId=132036974,2026-09-11 15:33:06
中国航天国际控股有限公司,航天科技半导体有限公司,软件工程师,计算机,本科,2,广东惠州,,2026-08-27,https://www.spacetalent.com.cn/jituan_xxx.html?id=242&positionId=132036978,2026-09-11 15:33:06
中国航天国际控股有限公司,航天科技半导体有限公司,设备技术员,机械,本科,1,广东惠州,,2026-08-27,https://www.spacetalent.com.cn/jituan_xxx.html?id=242&positionId=132036979,2026-09-11 15:33:06
中国航天国际控股有限公司,航天科技半导体有限公司,设备技术员,机械,本科,2,广东惠州,,2026-08-27,https://www.spacetalent.com.cn/jituan_xxx.html?id=242&positionId=132036980,2026-09-11 15:33:06
中国航天国际控股有限公司,航天科技半导体有限公司,工艺技术员,物理学,本科,1,广东惠州,,2026-08-27,https://www.spacetalent.com.cn/jituan_xxx.html?id=242&positionId=132036981,2026-09-11 15:33:06
中国航天国际控股有限公司,航天科技半导体有限公司,电子工程师,电子信息,本科,2,广东惠州,,2026-08-27,https://www.spacetalent.com.cn/jituan_xxx.html?id=242&positionId=132036982,2026-09-11 15:33:06
中国航天国际控股有限公司,志源实业有限公司,工程师,机械设计制造 / 材料,本科,2,广东惠州,,2026-08-27,https://www.spacetalent.com.cn/jituan_xxx.html?id=242&positionId=132036983,2026-09-11 15:33:06
中国航天国际控股有限公司,志源实业有限公司,QE工程师,材料,本科,1,广东惠州,,2026-08-27,https://www.spacetalent.com.cn/jituan_xxx.html?id=242&positionId=132036984,2026-09-11 15:33:06
中国航天国际控股有限公司,志源实业有限公司,项目工程师,材料,本科,1,广东惠州,,2026-08-27,https://www.spacetalent.com.cn/jituan_xxx.html?id=242&positionId=132036985,2026-09-11 15:33:06
中国航天国际控股有限公司,志源实业有限公司,工程师,控制科学与工程 / 机械 / 电子信息,本科,2,广东惠州,,2026-08-27,https://www.spacetalent.com.cn/jituan_xxx.html?id=242&positionId=132036986,2026-09-11 15:33:06
中国航天国际控股有限公司,志源实业有限公司,工程师,机械,本科,2,广东惠州,,2026-08-27,https://www.spacetalent.com.cn/jituan_xxx.html?id=242&positionId=132036987,2026-09-11 15:33:06
中国航天国际控股有限公司,志源实业有限公司,业务员,物流管理与工程,本科,1,广东惠州,,2026-08-27,https://www.spacetalent.com.cn/jituan_xxx.html?id=242&positionId=132036988,2026-09-11 15:33:06
中国航天国际控股有限公司,志源实业有限公司,PE工程师,机械设计制造 / 材料,本科,3,广东惠州,,2026-08-27,https://www.spacetalent.com.cn/jituan_xxx.html?id=242&positionId=132036989,2026-09-11 15:33:06
中国航天国际控股有限公司,志源实业有限公司,PE工程师,材料,本科,1,广东惠州,,2026-08-27,https://www.spacetalent.com.cn/jituan_xxx.html?id=242&positionId=132036990,2026-09-11 15:33:06
中国航天国际控股有限公司,志源实业有限公司,QE工程师,材料,本科,1,广东惠州,,2026-08-27,https://www.spacetalent.com.cn/jituan_xxx.html?id=242&positionId=132036991,2026-09-11 15:33:06
中国航天国际控股有限公司,志源实业有限公司,工程师,机械设计制造 / 材料,本科,1,广东惠州,,2026-08-27,https://www.spacetalent.com.cn/jituan_xxx.html?id=242&positionId=132036992,2026-09-11 15:33:06
中国航天国际控股有限公司,志源实业有限公司,项目工程师,工业工程 / 机械设计制造 / 材料,本科,1,广东惠州,,2026-08-27,https://www.spacetalent.com.cn/jituan_xxx.html?id=242&positionId=132036993,2026-09-11 15:33:06
中国航天国际控股有限公司,志源实业有限公司,工程师,机械设计制造,本科,2,广东深圳,,2026-08-27,https://www.spacetalent.com.cn/jituan_xxx.html?id=242&positionId=132036994,2026-09-11 15:33:06
中国航天国际控股有限公司,志源实业有限公司,项目工程师,机械工程 / 机械 / 材料,本科,1,广东惠州,,2026-08-27,https://www.spacetalent.com.cn/jituan_xxx.html?id=242&positionId=132036995,2026-09-11 15:33:06
中国航天国际控股有限公司,志源实业有限公司,电镀工程师,化学工程与技术 / 化学,本科,1,广东惠州,,2026-08-27,https://www.spacetalent.com.cn/jituan_xxx.html?id=242&positionId=132036996,2026-09-11 15:33:06
中国航天国际控股有限公司,志源实业有限公司,品质工程师,化学,本科,1,广东惠州,,2026-08-27,https://www.spacetalent.com.cn/jituan_xxx.html?id=242&positionId=132036997,2026-09-11 15:33:06
中国航天国际控股有限公司,志源实业有限公司,工程师,机械 / 材料,本科,3,越南海防,,2026-08-27,https://www.spacetalent.com.cn/jituan_xxx.html?id=242&positionId=132036998,2026-09-11 15:33:06
中国航天国际控股有限公司,志顺电业有限公司,助理工程师,工业工程 / 控制科学与工程 / 电气工程,本科及以上,1,广东惠州,,2026-08-27,https://www.spacetalent.com.cn/jituan_xxx.html?id=242&positionId=132036999,2026-09-11 15:33:06
中国航天国际控股有限公司,志顺电业有限公司,助理工程师,机械设计制造 / 电气工程,本科及以上,1,广东惠州,,2026-08-27,https://www.spacetalent.com.cn/jituan_xxx.html?id=242&positionId=132037000,2026-09-11 15:33:06
中国航天国际控股有限公司,志顺电业有限公司,助理工程师,工商管理 / 电气工程 / 经济贸易,本科及以上,1,广东惠州,,2026-08-27,https://www.spacetalent.com.cn/jituan_xxx.html?id=242&positionId=132037001,2026-09-11 15:33:06
中国航天国际控股有限公司,志顺电业有限公司,助理工程师,工业工程 / 控制科学与工程 / 电气工程,本科及以上,1,广东惠州,,2026-08-27,https://www.spacetalent.com.cn/jituan_xxx.html?id=242&positionId=132037002,2026-09-11 15:33:06
中国航天国际控股有限公司,志顺电业有限公司,助理工程师,控制科学与工程 / 机械设计制造 / 电气工程,本科及以上,1,广东惠州,,2026-08-27,https://www.spacetalent.com.cn/jituan_xxx.html?id=242&positionId=132037003,2026-09-11 15:33:06
中国航天国际控股有限公司,东莞康源电子有限公司,会计,财务会计,本科,1,广东东莞,,2026-08-27,https://www.spacetalent.com.cn/jituan_xxx.html?id=242&positionId=132037004,2026-09-11 15:33:06
中国航天国际控股有限公司,东莞康源电子有限公司,工程师,化学 / 材料科学与工程 / 材料,硕士,1,广东东莞,,2026-08-27,https://www.spacetalent.com.cn/jituan_xxx.html?id=242&positionId=132037005,2026-09-11 15:33:06
中国航天国际控股有限公司,东莞康源电子有限公司,工程师,化学 / 材料科学与工程 / 材料,本科,2,广东东莞,,2026-08-27,https://www.spacetalent.com.cn/jituan_xxx.html?id=242&positionId=132037006,2026-09-11 15:33:06
中国航天国际控股有限公司,东莞康源电子有限公司,生产助理,化学 / 机械 / 材料科学与工程,本科,12,广东东莞,,2026-08-27,https://www.spacetalent.com.cn/jituan_xxx.html?id=242&positionId=132037007,2026-09-11 15:33:06
中国航天国际控股有限公司,东莞康源电子有限公司,工程师,化学 / 材料科学与工程 / 材料,本科,2,广东东莞,,2026-08-27,https://www.spacetalent.com.cn/jituan_xxx.html?id=242&positionId=132037008,2026-09-11 15:33:06
中国航天国际控股有限公司,东莞康源电子有限公司,工程师,化学 / 机械 / 材料科学与工程,硕士,1,广东东莞,,2026-08-27,https://www.spacetalent.com.cn/jituan_xxx.html?id=242&positionId=132037009,2026-09-11 15:33:06
中国航天国际控股有限公司,东莞康源电子有限公司,工程师,化学 / 材料科学与工程 / 材料,本科,5,广东东莞,,2026-08-27,https://www.spacetalent.com.cn/jituan_xxx.html?id=242&positionId=132037010,2026-09-11 15:33:06
中国航天国际控股有限公司,东莞康源电子有限公司,工程师,化学 / 材料科学与工程 / 材料,本科,2,广东东莞,,2026-08-27,https://www.spacetalent.com.cn/jituan_xxx.html?id=242&positionId=132037011,2026-09-11 15:33:06
中国航天国际控股有限公司,东莞康源电子有限公司,工程师,化学 / 材料科学与工程 / 材料,本科,2,广东东莞,,2026-08-27,https://www.spacetalent.com.cn/jituan_xxx.html?id=242&positionId=132037012,2026-09-11 15:33:06
中国航天国际控股有限公司,东莞康源电子有限公司,工程师,化学 / 材料科学与工程 / 材料,本科,7,广东东莞,,2026-08-27,https://www.spacetalent.com.cn/jituan_xxx.html?id=242&positionId=132037013,2026-09-11 15:33:06
中国航天国际控股有限公司,东莞康源电子有限公司,工程师,化学 / 机械 / 材料科学与工程,硕士,3,广东东莞,,2026-08-27,https://www.spacetalent.com.cn/jituan_xxx.html?id=242&positionId=132037014,2026-09-11 15:33:06
中国航天国际控股有限公司,东莞康源电子有限公司,生产助理,化学 / 机械 / 材料科学与工程,本科,12,广东东莞,,2026-08-27,https://www.spacetalent.com.cn/jituan_xxx.html?id=242&positionId=132037015,2026-09-11 15:33:06
中国航天国际控股有限公司,东莞康源电子有限公司,工程师,化学 / 机械 / 材料科学与工程,硕士,1,广东东莞,,2026-08-27,https://www.spacetalent.com.cn/jituan_xxx.html?id=242&positionId=132037016,2026-09-11 15:33:06
中国航天国际控股有限公司,东莞康源电子有限公司,工程师,化学 / 材料科学与工程 / 材料,本科,3,广东东莞,,2026-08-27,https://www.spacetalent.com.cn/jituan_xxx.html?id=242&positionId=132037017,2026-09-11 15:33:06
中国航天国际控股有限公司,东莞康源电子有限公司,工程师,化学 / 材料科学与工程 / 材料,硕士,1,广东东莞,,2026-08-27,https://www.spacetalent.com.cn/jituan_xxx.html?id=242&positionId=132037018,2026-09-11 15:33:06
中国航天国际控股有限公司,东莞康源电子有限公司,工程师,化学 / 材料科学与工程 / 材料,本科,2,广东东莞,,2026-08-27,https://www.spacetalent.com.cn/jituan_xxx.html?id=242&positionId=132037019,2026-09-11 15:33:06
中国航天国际控股有限公司,东莞康源电子有限公司,工程师,化学 / 材料科学与工程 / 材料,本科,5,广东东莞,,2026-08-27,https://www.spacetalent.com.cn/jituan_xxx.html?id=242&positionId=132037020,2026-09-11 15:33:06
中国航天国际控股有限公司,东莞康源电子有限公司,工程师,化学 / 材料科学与工程 / 材料,本科,4,广东东莞,,2026-08-27,https://www.spacetalent.com.cn/jituan_xxx.html?id=242&positionId=132037021,2026-09-11 15:33:06
中国航天国际控股有限公司,东莞康源电子有限公司,生产助理,化学 / 机械 / 材料科学与工程,本科,8,广东东莞,,2026-08-27,https://www.spacetalent.com.cn/jituan_xxx.html?id=242&positionId=132037022,2026-09-11 15:33:06
中国航天国际控股有限公司,东莞康源电子有限公司,工程师,化学 / 材料科学与工程 / 材料,本科,2,广东东莞,,2026-08-27,https://www.spacetalent.com.cn/jituan_xxx.html?id=242&positionId=132037023,2026-09-11 15:33:06
中国航天国际控股有限公司,东莞康源电子有限公司,工程师,化学 / 材料科学与工程 / 材料,本科,1,广东东莞,,2026-08-27,https://www.spacetalent.com.cn/jituan_xxx.html?id=242&positionId=132037024,2026-09-11 15:33:06
中国航天国际控股有限公司,东莞康源电子有限公司,工程师,化学 / 材料科学与工程 / 材料,本科,1,广东东莞,,2026-08-27,https://www.spacetalent.com.cn/jituan_xxx.html?id=242&positionId=132037025,2026-09-11 15:33:06
中国航天国际控股有限公司,东莞康源电子有限公司,生产助理,化学 / 机械 / 材料科学与工程,本科,2,广东东莞,,2026-08-27,https://www.spacetalent.com.cn/jituan_xxx.html?id=242&positionId=132037026,2026-09-11 15:33:06
中国航天国际控股有限公司,东莞康源电子有限公司,工程师,化学 / 材料科学与工程 / 材料,本科,1,广东东莞,,2026-08-27,https://www.spacetalent.com.cn/jituan_xxx.html?id=242&positionId=132037027,2026-09-11 15:33:06
中国航天国际控股有限公司,东莞康源电子有限公司,工程师,化学 / 机械 / 材料科学与工程,硕士,4,广东东莞,,2026-08-27,https://www.spacetalent.com.cn/jituan_xxx.html?id=242&positionId=132037028,2026-09-11 15:33:06
中国航天国际控股有限公司,东莞康源电子有限公司,工程师,机械设计制造 / 环境科学与工程 / 自动化,本科,2,广东东莞,,2026-08-27,https://www.spacetalent.com.cn/jituan_xxx.html?id=242&positionId=132037029,2026-09-11 15:33:06
中国航天国际控股有限公司,东莞康源电子有限公司,工程师,机械 / 电子信息 / 计算机,本科,4,广东东莞,,2026-08-27,https://www.spacetalent.com.cn/jituan_xxx.html?id=242&positionId=132037030,2026-09-11 15:33:06
中国航天国际控股有限公司,东莞康源电子有限公司,工程师,化学 / 材料科学与工程 / 材料,硕士,1,广东东莞,,2026-08-27,https://www.spacetalent.com.cn/jituan_xxx.html?id=242&positionId=132037031,2026-09-11 15:33:06
中国航天国际控股有限公司,东莞康源电子有限公司,工程师,化学 / 材料科学与工程 / 材料,硕士,2,广东东莞,,2026-08-27,https://www.spacetalent.com.cn/jituan_xxx.html?id=242&positionId=132037032,2026-09-11 15:33:06
中国航天国际控股有限公司,东莞康源电子有限公司,工程师,化学 / 机械 / 材料科学与工程,硕士,1,广东东莞,,2026-08-27,https://www.spacetalent.com.cn/jituan_xxx.html?id=242&positionId=132037033,2026-09-11 15:33:06
中国航天国际控股有限公司,航天科技（惠州）工业园发展有限公司,IT工程师,电子信息 / 计算机科学与技术,本科,1,广东惠州,,2026-08-27,https://www.spacetalent.com.cn/jituan_xxx.html?id=242&positionId=132037034,2026-09-11 15:33:06
中国航天国际控股有限公司,航天科技（惠州）工业园发展有限公司,会计,财务会计,本科,1,广东惠州,,2026-08-27,https://www.spacetalent.com.cn/jituan_xxx.html?id=242&positionId=132037035,2026-09-11 15:33:06
中国航天国际控股有限公司,航科新世纪科技发展（深圳）有限公司,IT工程师,计算机科学与技术 / 计算机 / 软件工程,本科及以上,1,广东惠州,,2026-08-27,https://www.spacetalent.com.cn/jituan_xxx.html?id=242&positionId=132037036,2026-09-11 15:33:06
中国航天国际控股有限公司,航科新世纪科技发展（深圳）有限公司,人事专员,公共管理 / 工商管理,本科及以上,1,广东惠州,,2026-08-27,https://www.spacetalent.com.cn/jituan_xxx.html?id=242&positionId=132037037,2026-09-11 15:33:06
中国航天国际控股有限公司,航科新世纪科技发展（深圳）有限公司,产品工程师,电子信息,本科及以上,2,广东惠州,,2026-08-27,https://www.spacetalent.com.cn/jituan_xxx.html?id=242&positionId=132037038,2026-09-11 15:33:06
中国航天国际控股有限公司,航科新世纪科技发展（深圳）有限公司,测试工程师,电子信息,本科及以上,2,广东惠州,,2026-08-27,https://www.spacetalent.com.cn/jituan_xxx.html?id=242&positionId=132037039,2026-09-11 15:33:06
中国航天国际控股有限公司,航科新世纪科技发展（深圳）有限公司,生产管理工程师,工业工程 / 电子信息,本科及以上,1,广东惠州,,2026-08-27,https://www.spacetalent.com.cn/jituan_xxx.html?id=242&positionId=132037040,2026-09-11 15:33:06
中国航天国际控股有限公司,航科新世纪科技发展（深圳）有限公司,工艺工程师,机械 / 材料科学与工程 / 电子信息,本科及以上,4,广东惠州,,2026-08-27,https://www.spacetalent.com.cn/jituan_xxx.html?id=242&positionId=132037041,2026-09-11 15:33:06
中国航天国际控股有限公司,航科新世纪科技发展（深圳）有限公司,设备工程师,机械 / 电子信息 / 自动化,本科及以上,4,广东惠州,,2026-08-27,https://www.spacetalent.com.cn/jituan_xxx.html?id=242&positionId=132037042,2026-09-11 15:33:06
中国航天国际控股有限公司,东莞康源电子有限公司,工程师,化学 / 材料科学与工程 / 材料,本科,3,江苏南通,,2026-08-27,https://www.spacetalent.com.cn/jituan_xxx.html?id=242&positionId=132037043,2026-09-11 15:33:06
中国航天国际控股有限公司,东莞康源电子有限公司,工程师,化学 / 材料科学与工程 / 材料,硕士,10,江苏南通,,2026-08-27,https://www.spacetalent.com.cn/jituan_xxx.html?id=242&positionId=132037044,2026-09-11 15:33:06
中国航天国际控股有限公司,东莞康源电子有限公司,工程师,化学 / 材料科学与工程 / 材料,硕士,10,江苏南通,,2026-08-27,https://www.spacetalent.com.cn/jituan_xxx.html?id=242&positionId=132037045,2026-09-11 15:33:06
中国航天国际控股有限公司,东莞康源电子有限公司,工程师,化学 / 材料科学与工程 / 材料,本科,5,江苏南通,,2026-08-27,https://www.spacetalent.com.cn/jituan_xxx.html?id=242&positionId=132037046,2026-09-11 15:33:06
中国航天国际控股有限公司,东莞康源电子有限公司,工程师,电子信息 / 计算机科学与技术 / 计算机,本科,5,江苏南通,,2026-08-27,https://www.spacetalent.com.cn/jituan_xxx.html?id=242&positionId=132037047,2026-09-11 15:33:06
中国航天国际控股有限公司,东莞康源电子有限公司,工程师,化学 / 材料科学与工程 / 材料,硕士,5,江苏南通,,2026-08-27,https://www.spacetalent.com.cn/jituan_xxx.html?id=242&positionId=132037048,2026-09-11 15:33:06
中国航天国际控股有限公司,东莞康源电子有限公司,工程师,化学 / 材料科学与工程 / 材料,本科,5,江苏南通,,2026-08-27,https://www.spacetalent.com.cn/jituan_xxx.html?id=242&positionId=132037049,2026-09-11 15:33:06
中国航天国际控股有限公司,东莞康源电子有限公司,工程师,化学 / 材料科学与工程 / 材料,本科,5,江苏南通,,2026-08-27,https://www.spacetalent.com.cn/jituan_xxx.html?id=242&positionId=132037050,2026-09-11 15:33:06
中国航天国际控股有限公司,东莞康源电子有限公司,工程师,电子信息 / 计算机科学与技术 / 计算机,本科,2,江苏南通,,2026-08-27,https://www.spacetalent.com.cn/jituan_xxx.html?id=242&positionId=132037051,2026-09-11 15:33:06
中国航天科技集团有限公司,北京神舟航天软件技术股份有限公司,开发工程师,计算机科学与技术 / 计算机 / 软件工程,硕士,1,河北石家庄,,2026-08-27,https://www.spacetalent.com.cn/jituan_xxx.html?id=167&positionId=132037052,2026-09-11 15:33:06
中国航天科技集团有限公司,北京神舟航天软件技术股份有限公司,开发工程师,计算机科学与技术 / 计算机 / 软件工程,硕士,2,北京,,2026-08-27,https://www.spacetalent.com.cn/jituan_xxx.html?id=167&positionId=132037053,2026-09-11 15:33:06
中国航天科技集团有限公司,北京神舟航天软件技术股份有限公司,预先研究工程师,电子信息 / 计算机 / 软件工程,硕士,3,山东济南,,2026-08-27,https://www.spacetalent.com.cn/jituan_xxx.html?id=167&positionId=132037054,2026-09-11 15:33:06
中国航天科技集团有限公司,北京神舟航天软件技术股份有限公司,运维工程师,电子信息 / 网络空间安全 / 计算机,硕士,2,北京,,2026-08-27,https://www.spacetalent.com.cn/jituan_xxx.html?id=167&positionId=132037055,2026-09-11 15:33:06
中国航天科技集团有限公司,北京神舟航天软件技术股份有限公司,开发工程师,机械 / 计算机科学与技术 / 计算机,硕士,4,北京,,2026-08-27,https://www.spacetalent.com.cn/jituan_xxx.html?id=167&positionId=132037056,2026-09-11 15:33:06
中国航天科技集团有限公司,北京神舟航天软件技术股份有限公司,管理专员,公共管理 / 工商管理 / 管理科学与工程,硕士,2,北京,,2026-08-27,https://www.spacetalent.com.cn/jituan_xxx.html?id=167&positionId=132037057,2026-09-11 15:33:06
中国航天科技集团有限公司,北京神舟航天软件技术股份有限公司,预先研究工程师,物理学 / 电子信息 / 计算机,硕士,3,北京,,2026-08-27,https://www.spacetalent.com.cn/jituan_xxx.html?id=167&positionId=132037058,2026-09-11 15:33:06
中国航天科技集团有限公司,北京神舟航天软件技术股份有限公司,测试工程师,计算机科学与技术 / 计算机 / 软件工程,硕士,3,北京,,2026-08-27,https://www.spacetalent.com.cn/jituan_xxx.html?id=167&positionId=132037059,2026-09-11 15:33:06
中国航天科技集团有限公司,北京神舟航天软件技术股份有限公司,预先研究工程师,控制科学与工程 / 计算机科学与技术 / 软件工程,博士,1,北京,,2026-08-27,https://www.spacetalent.com.cn/jituan_xxx.html?id=167&positionId=132037060,2026-09-11 15:33:06
中国航天科技集团有限公司,北京神舟航天软件技术股份有限公司,实施工程师,机械 / 计算机科学与技术 / 计算机,硕士,3,北京,,2026-08-27,https://www.spacetalent.com.cn/jituan_xxx.html?id=167&positionId=132037061,2026-09-11 15:33:06
中国航天科技集团有限公司,北京神舟航天软件技术股份有限公司,实施工程师,电子信息 / 管理科学与工程 / 软件工程,硕士,1,北京,,2026-08-27,https://www.spacetalent.com.cn/jituan_xxx.html?id=167&positionId=132037062,2026-09-11 15:33:06
中国航天科技集团有限公司,北京神舟航天软件技术股份有限公司,开发工程师,电子信息 / 计算机 / 软件工程,硕士,2,北京,,2026-08-27,https://www.spacetalent.com.cn/jituan_xxx.html?id=167&positionId=132037063,2026-09-11 15:33:06
中国航天科技集团有限公司,北京神舟航天软件技术股份有限公司,预先研究工程师,电子信息 / 计算机科学与技术 / 计算机,硕士,2,北京,,2026-08-27,https://www.spacetalent.com.cn/jituan_xxx.html?id=167&positionId=132037064,2026-09-11 15:33:06
中国航天科技集团有限公司,北京神舟航天软件技术股份有限公司,咨询工程师,数学 / 计算机 / 软件工程,博士,1,北京,,2026-08-27,https://www.spacetalent.com.cn/jituan_xxx.html?id=167&positionId=132037065,2026-09-11 15:33:06
北京神舟航天软件技术股份有限公司,航天四创科技有限责任公司,实施工程师,机械 / 计算机 / 软件工程,硕士,2,四川成都,,2026-08-27,https://www.spacetalent.com.cn/jituan_xxx.html?id=167&positionId=132037066,2026-09-11 15:33:06
北京神舟航天软件技术股份有限公司,航天四创科技有限责任公司,实施工程师,机械 / 电子信息 / 计算机,硕士,4,陕西西安,,2026-08-27,https://www.spacetalent.com.cn/jituan_xxx.html?id=167&positionId=132037067,2026-09-11 15:33:06
北京神舟航天软件技术股份有限公司,天津神舟通用数据技术有限公司,软件测试工程师,电子信息 / 计算机科学与技术 / 软件工程,硕士及以上,3,天津,,2026-08-27,https://www.spacetalent.com.cn/jituan_xxx.html?id=167&positionId=132037068,2026-09-11 15:33:06
北京神舟航天软件技术股份有限公司,天津神舟通用数据技术有限公司,软件开发工程师,电子信息 / 计算机科学与技术 / 软件工程,硕士及以上,3,重庆,,2026-08-27,https://www.spacetalent.com.cn/jituan_xxx.html?id=167&positionId=132037069,2026-09-11 15:33:06
北京神舟航天软件技术股份有限公司,天津神舟通用数据技术有限公司,财务岗,工商管理 / 管理科学与工程 / 经济学,硕士及以上,1,北京,,2026-08-27,https://www.spacetalent.com.cn/jituan_xxx.html?id=167&positionId=132037070,2026-09-11 15:33:06
北京神舟航天软件技术股份有限公司,天津神舟通用数据技术有限公司,实施部署工程师,电子信息 / 计算机科学与技术 / 软件工程,硕士及以上,2,北京,,2026-08-27,https://www.spacetalent.com.cn/jituan_xxx.html?id=167&positionId=132037071,2026-09-11 15:33:06
北京神舟航天软件技术股份有限公司,天津神舟通用数据技术有限公司,软件开发工程师,电子信息 / 计算机科学与技术 / 软件工程,硕士及以上,3,天津,,2026-08-27,https://www.spacetalent.com.cn/jituan_xxx.html?id=167&positionId=132037072,2026-09-11 15:33:06
北京神舟航天软件技术股份有限公司,航天星元数智（上海）技术有限公司,商务专员,工商管理 / 财务会计 / 财政税务,硕士,1,上海,,2026-08-27,https://www.spacetalent.com.cn/jituan_xxx.html?id=167&positionId=132037073,2026-09-11 15:33:06
北京神舟航天软件技术股份有限公司,航天星元数智（上海）技术有限公司,人事行政助理,工商管理,硕士,1,上海,,2026-08-27,https://www.spacetalent.com.cn/jituan_xxx.html?id=167&positionId=132037074,2026-09-11 15:33:06
北京神舟航天软件技术股份有限公司,航天星元数智（上海）技术有限公司,初级咨询工程师,机械,硕士,2,上海,,2026-08-27,https://www.spacetalent.com.cn/jituan_xxx.html?id=167&positionId=132037075,2026-09-11 15:33:06
北京神舟航天软件技术股份有限公司,航天星元数智（上海）技术有限公司,初级咨询工程师,机械,硕士,1,北京,,2026-08-27,https://www.spacetalent.com.cn/jituan_xxx.html?id=167&positionId=132037076,2026-09-11 15:33:06
北京神舟航天软件技术股份有限公司,航天星元数智（上海）技术有限公司,预先研究工程师,数学 / 机械 / 计算机,硕士,2,北京,,2026-08-27,https://www.spacetalent.com.cn/jituan_xxx.html?id=167&positionId=132037077,2026-09-11 15:33:06
北京神舟航天软件技术股份有限公司,航天星元数智（上海）技术有限公司,实施工程师,机械 / 计算机,硕士,3,上海,,2026-08-27,https://www.spacetalent.com.cn/jituan_xxx.html?id=167&positionId=132037078,2026-09-11 15:33:06
北京神舟航天软件技术股份有限公司,航天星元数智（上海）技术有限公司,实施工程师,机械 / 计算机,硕士,2,北京,,2026-08-27,https://www.spacetalent.com.cn/jituan_xxx.html?id=167&positionId=132037079,2026-09-11 15:33:06
中国航天科技集团有限公司,中国航天标准化与产品保证研究院,网络平台建设与运维工程师,计算机,硕士,1,北京,,2026-08-27,https://www.spacetalent.com.cn/jituan_xxx.html?id=177&positionId=132037088,2026-09-11 15:33:06
中国航天科技集团有限公司,中国航天标准化与产品保证研究院,建模仿真工程师,控制科学与工程 / 航空宇航科学与技术,硕士,1,北京,,2026-08-27,https://www.spacetalent.com.cn/jituan_xxx.html?id=177&positionId=132037089,2026-09-11 15:33:06
中国航天科技集团有限公司,中国航天标准化与产品保证研究院,人工智能算法工程师,计算机 / 软件工程,硕士,1,北京,,2026-08-27,https://www.spacetalent.com.cn/jituan_xxx.html?id=177&positionId=132037090,2026-09-11 15:33:06
中国航天科技集团有限公司,中国航天标准化与产品保证研究院,工程论证岗,机械 / 计算机,硕士及以上,2,北京,,2026-08-27,https://www.spacetalent.com.cn/jituan_xxx.html?id=177&positionId=132037091,2026-09-11 15:33:06
中国航天科技集团有限公司,中国航天标准化与产品保证研究院,测控通信标准化岗,电子信息,硕士及以上,1,北京,,2026-08-27,https://www.spacetalent.com.cn/jituan_xxx.html?id=177&positionId=132037092,2026-09-11 15:33:06
中国航天科技集团有限公司,中国航天标准化与产品保证研究院,卫星应用标准化岗,电子信息,硕士及以上,1,北京,,2026-08-27,https://www.spacetalent.com.cn/jituan_xxx.html?id=177&positionId=132037093,2026-09-11 15:33:06
中国航天科技集团有限公司,中国航天标准化与产品保证研究院,航天标准信息化与标准化宣传岗,计算机 / 软件工程,硕士及以上,1,北京,,2026-08-27,https://www.spacetalent.com.cn/jituan_xxx.html?id=177&positionId=132037094,2026-09-11 15:33:06
中国航天科技集团有限公司,中国航天标准化与产品保证研究院,质量可靠性信息管理与分析岗,工业工程,硕士及以上,1,北京,,2026-08-27,https://www.spacetalent.com.cn/jituan_xxx.html?id=177&positionId=132037095,2026-09-11 15:33:06
中国航天科技集团有限公司,中国航天标准化与产品保证研究院,数字质量技术研究应用岗,物流管理与工程,硕士及以上,1,北京,,2026-08-27,https://www.spacetalent.com.cn/jituan_xxx.html?id=177&positionId=132037096,2026-09-11 15:33:06
中国航天科技集团有限公司,中国航天标准化与产品保证研究院,装备综合保障技术总体B岗,控制科学与工程,硕士及以上,1,北京,,2026-08-27,https://www.spacetalent.com.cn/jituan_xxx.html?id=177&positionId=132037097,2026-09-11 15:33:06
中国航天科技集团有限公司,中国航天标准化与产品保证研究院,质量政策与质量监督研究A岗,管理科学与工程,硕士及以上,1,北京,,2026-08-27,https://www.spacetalent.com.cn/jituan_xxx.html?id=177&positionId=132037098,2026-09-11 15:33:06
中国航天科技集团有限公司,中国航天标准化与产品保证研究院,航天产品可靠性保证B岗,机械,硕士及以上,1,北京,,2026-08-27,https://www.spacetalent.com.cn/jituan_xxx.html?id=177&positionId=132037099,2026-09-11 15:33:06
中国航天科技集团有限公司,中国航天标准化与产品保证研究院,装备数字化试验与评价技术A岗,控制科学与工程,硕士及以上,1,北京,,2026-08-27,https://www.spacetalent.com.cn/jituan_xxx.html?id=177&positionId=132037100,2026-09-11 15:33:06
中国航天科技集团有限公司,中国航天标准化与产品保证研究院,航天数字质量技术研究应用岗,管理科学与工程,硕士及以上,1,北京,,2026-08-27,https://www.spacetalent.com.cn/jituan_xxx.html?id=177&positionId=132037101,2026-09-11 15:33:06
中国航天科技集团有限公司,中国航天标准化与产品保证研究院,质量能力提升研究与实施岗,管理科学与工程,硕士及以上,1,北京,,2026-08-27,https://www.spacetalent.com.cn/jituan_xxx.html?id=177&positionId=132037102,2026-09-11 15:33:06
中国航天科技集团有限公司,中国航天标准化与产品保证研究院,航天型号质量监督研究及支撑岗,管理科学与工程,硕士及以上,1,北京,,2026-08-27,https://www.spacetalent.com.cn/jituan_xxx.html?id=177&positionId=132037103,2026-09-11 15:33:06
中国航天科技集团有限公司,中国航天标准化与产品保证研究院,工程论证A岗,力学 / 控制科学与工程 / 电子信息,硕士及以上,2,北京,,2026-08-27,https://www.spacetalent.com.cn/jituan_xxx.html?id=177&positionId=132037104,2026-09-11 15:33:06
中国航天科技集团有限公司,中国航天标准化与产品保证研究院,数智化与信息化技术研究应用业务A岗,计算机科学与技术 / 软件工程,硕士及以上,2,北京,,2026-08-27,https://www.spacetalent.com.cn/jituan_xxx.html?id=177&positionId=132037105,2026-09-11 15:33:06
中国航天科技集团有限公司,中国航天标准化与产品保证研究院,运载火箭总体标准化B岗,航空航天,硕士及以上,1,北京,,2026-08-27,https://www.spacetalent.com.cn/jituan_xxx.html?id=177&positionId=132037106,2026-09-11 15:33:06
中国航天科技集团有限公司,中国资源卫星应用中心,硬件运维岗,计算机,硕士,1,北京,,2026-08-27,https://www.spacetalent.com.cn/jituan_xxx.html?id=295&positionId=132037083,2026-09-11 15:33:06
中国航天科技集团有限公司,中国资源卫星应用中心,数据管理设计与建设岗,地理学 / 测绘科学与技术 / 计算机,硕士,1,北京,,2026-08-27,https://www.spacetalent.com.cn/jituan_xxx.html?id=295&positionId=132037084,2026-09-11 15:33:06
中国航天科技集团有限公司,中国资源卫星应用中心,卫星运控核心算法研发岗,控制科学与工程 / 测绘科学与技术 / 计算机,硕士,1,北京,,2026-08-27,https://www.spacetalent.com.cn/jituan_xxx.html?id=295&positionId=132037086,2026-09-11 15:33:06
中国航天科技集团有限公司,中国资源卫星应用中心,光学卫星运行管理岗,测绘科学与技术 / 电子信息 / 航空航天,硕士,1,北京,,2026-08-27,https://www.spacetalent.com.cn/jituan_xxx.html?id=295&positionId=132037087,2026-09-11 15:33:06
深圳航天科技创新研究院,深圳市航天新源科技有限公司,软件工程师,电子信息,本科及以上,2,广东深圳,,2026-08-27,https://www.spacetalent.com.cn/jituan_xxx.html?id=172&positionId=132037080,2026-09-11 15:33:06
深圳航天科技创新研究院,深圳市航天新源科技有限公司,硬件工程师,电子信息,本科及以上,3,广东深圳,,2026-08-27,https://www.spacetalent.com.cn/jituan_xxx.html?id=172&positionId=132037081,2026-09-11 15:33:06
深圳航天科技创新研究院,深圳市航天新源科技有限公司,电源工程师,电气工程,本科及以上,10,广东深圳、山东烟台,,2026-08-27,https://www.spacetalent.com.cn/jituan_xxx.html?id=172&positionId=132037082,2026-09-11 15:33:06
中国航天科技集团有限公司,中国航天科技国际交流中心,研究咨询,公共管理 / 工商管理 / 应用经济学,硕士,1,北京,,2026-08-27,https://www.spacetalent.com.cn/jituan_xxx.html?id=178&positionId=132037107,2026-09-11 15:33:06
中国航天科技集团有限公司,中国航天科技国际交流中心,期刊编辑,兵器 / 电子信息 / 航空航天,硕士,1,北京,,2026-08-27,https://www.spacetalent.com.cn/jituan_xxx.html?id=178&positionId=132037108,2026-09-11 15:33:06
中国航天科技集团有限公司,中国航天科技国际交流中心,图书编辑,控制科学与工程 / 机械 / 电子科学与技术,硕士,1,北京,,2026-08-27,https://www.spacetalent.com.cn/jituan_xxx.html?id=178&positionId=132037109,2026-09-11 15:33:06
中国航天科技集团有限公司,中国航天科技国际交流中心,研究咨询,工商管理 / 经济学 / 金融学,硕士,1,北京,,2026-08-27,https://www.spacetalent.com.cn/jituan_xxx.html?id=178&positionId=132037110,2026-09-11 15:33:06
中国航天科技集团有限公司,航天网络安全和信息化中心,系统建设管理岗,管理科学与工程 / 计算机科学与技术 / 计算机,硕士及以上,1,北京,,2026-08-27,https://www.spacetalent.com.cn/jituan_xxx.html?id=180&positionId=132037111,2026-09-11 15:33:06
中国航天科技集团有限公司,航天网络安全和信息化中心,网安运营管理岗,管理科学与工程 / 计算机科学与技术 / 计算机,硕士及以上,1,北京,,2026-08-27,https://www.spacetalent.com.cn/jituan_xxx.html?id=180&positionId=132037112,2026-09-11 15:33:06
中国航天科技集团有限公司,航天网络安全和信息化中心,网安检查评估岗,管理科学与工程 / 计算机科学与技术 / 计算机,硕士及以上,1,北京,,2026-08-27,https://www.spacetalent.com.cn/jituan_xxx.html?id=180&positionId=132037113,2026-09-11 15:33:06
中国航天科技集团有限公司,航天网络安全和信息化中心,数据资产建设岗,管理科学与工程 / 计算机科学与技术 / 计算机,硕士及以上,1,北京,,2026-08-27,https://www.spacetalent.com.cn/jituan_xxx.html?id=180&positionId=132037114,2026-09-11 15:33:06
中国航天科技集团有限公司,航天网络安全和信息化中心,数字化标准管理岗,管理科学与工程 / 计算机科学与技术 / 计算机,硕士及以上,1,北京,,2026-08-27,https://www.spacetalent.com.cn/jituan_xxx.html?id=180&positionId=132037115,2026-09-11 15:33:06
中国航天科技集团有限公司,航天网络安全和信息化中心,数据安全岗,管理科学与工程 / 计算机科学与技术 / 计算机,硕士及以上,1,北京,,2026-08-27,https://www.spacetalent.com.cn/jituan_xxx.html?id=180&positionId=132037116,2026-09-11 15:33:06
中国航天科技集团有限公司,航天网络安全和信息化中心,平台建设管理岗,管理科学与工程 / 计算机科学与技术 / 计算机,硕士及以上,1,北京,,2026-08-27,https://www.spacetalent.com.cn/jituan_xxx.html?id=180&positionId=132037117,2026-09-11 15:33:06
中国航天科技集团有限公司,航天网络安全和信息化中心,运维管理岗,电子信息 / 计算机科学与技术 / 计算机,硕士及以上,2,北京,,2026-08-27,https://www.spacetalent.com.cn/jituan_xxx.html?id=180&positionId=132037118,2026-09-11 15:33:06
中国航天科技集团有限公司,航天网络安全和信息化中心,技术支持岗,信息与通信工程 / 计算机科学与技术 / 计算机,硕士及以上,1,北京,,2026-08-27,https://www.spacetalent.com.cn/jituan_xxx.html?id=180&positionId=132037119,2026-09-11 15:33:06
